{"type": "FeatureCollection", "features": [{"type": "Feature", "id": "odflood50dsc19082022_1800hrs.1219", "geometry": {"type": "MultiPolygon", "coordinates": [[[[85.82250882, 20.58741439], [85.82176835, 20.58753106], [85.82157929, 20.58837543], [85.82234914, 20.58803649], [85.82250882, 20.58741439]]]]}, "geometry_name": "geom", "properties": {"objectid": 1219, "id": 1554, "gridcode": 1, "shape_leng": 0.00309830462, "shape_area": 5.1399e-07, "from_time": "19-08-2022 18:00", "to_time": "19-08-2022 18:00"}}, {"type": "Feature", "id": "odflood50dsc19082022_1800hrs.1222", "geometry": {"type": "MultiPolygon", "coordinates": [[[[85.80812008, 20.58109207], [85.80714499, 20.5812741], [85.80770876, 20.58228495], [85.80838621, 20.58183339], [85.80812008, 20.58109207]]]]}, "geometry_name": "geom", "properties": {"objectid": 1222, "id": 1557, "gridcode": 1, "shape_leng": 0.0037511722, "shape_area": 8.5534e-07, "from_time": "19-08-2022 18:00", "to_time": "19-08-2022 18:00"}}, {"type": "Feature", "id": "odflood50dsc19082022_1800hrs.1224", "geometry": {"type": "MultiPolygon", "coordinates": [[[[85.84212982, 20.57738588], [85.84159671, 20.57753831], [85.84198079, 20.5779077], [85.84212982, 20.57738588]]]]}, "geometry_name": "geom", "properties": {"objectid": 1224, "id": 1559, "gridcode": 1, "shape_leng": 0.00163003407, "shape_area": 1.2773e-07, "from_time": "19-08-2022 18:00", "to_time": "19-08-2022 18:00"}}, {"type": "Feature", "id": "odflood50dsc19082022_1800hrs.1225", "geometry": {"type": "MultiPolygon", "coordinates": [[[[85.80724804, 20.57694986], [85.80654206, 20.57713103], [85.80638494, 20.57783276], [85.80717437, 20.57834691], [85.80768193, 20.57760623], [85.80724804, 20.57694986]]]]}, "geometry_name": "geom", "properties": {"objectid": 1225, "id": 1560, "gridcode": 1, "shape_leng": 0.00407479322, "shape_area": 1.13112e-06, "from_time": "19-08-2022 18:00", "to_time": "19-08-2022 18:00"}}, {"type": "Feature", "id": "odflood50dsc19082022_1800hrs.1226", "geometry": {"type": "MultiPolygon", "coordinates": [[[[85.8397317, 20.57629582], [85.83921435, 20.57641398], [85.83951241, 20.57724898], [85.83995269, 20.5767789], [85.8397317, 20.57629582]]]]}, "geometry_name": "geom", "properties": {"objectid": 1226, "id": 1561, "gridcode": 1, "shape_leng": 0.00259257003, "shape_area": 3.9189e-07, "from_time": "19-08-2022 18:00", "to_time": "19-08-2022 18:00"}}, {"type": "Feature", "id": "odflood50dsc19082022_1800hrs.1227", "geometry": {"type": "MultiPolygon", "coordinates": [[[[85.86153281, 20.57433372], [85.86075785, 20.57443059], [85.86034567, 20.57467287], [85.8592718, 20.57497988], [85.85918791, 20.57565265], [85.86004463, 20.57601373], [85.86145915, 20.57704673], [85.86192881, 20.57657919], [85.86162989, 20.57445486], [85.86153281, 20.57433372]]]]}, "geometry_name": "geom", "properties": {"objectid": 1227, "id": 1562, "gridcode": 1, "shape_leng": 0.00869843092, "shape_area": 4.45756e-06, "from_time": "19-08-2022 18:00", "to_time": "19-08-2022 18:00"}}, {"type": "Feature", "id": "odflood50dsc19082022_1800hrs.1228", "geometry": {"type": "MultiPolygon", "coordinates": [[[[85.86480298, 20.57128157], [85.86362393, 20.57207228], [85.86424688, 20.57308867], [85.86523432, 20.57391239], [85.8655988, 20.57335267], [85.86513808, 20.5726452], [85.864932, 20.57158857], [85.86480298, 20.57128157]]]]}, "geometry_name": "geom", "properties": {"objectid": 1228, "id": 1563, "gridcode": 1, "shape_leng": 0.00681939894, "shape_area": 2.40782e-06, "from_time": "19-08-2022 18:00", "to_time": "19-08-2022 18:00"}}, {"type": "Feature", "id": "odflood50dsc19082022_1800hrs.1229", "geometry": {"type": "MultiPolygon", "coordinates": [[[[85.86502099, 20.57040952], [85.86451982, 20.57049788], [85.86490262, 20.57068629], [85.86502099, 20.57040952]]]]}, "geometry_name": "geom", "properties": {"objectid": 1229, "id": 1564, "gridcode": 1, "shape_leng": 0.00123657718, "shape_area": 6.413e-08, "from_time": "19-08-2022 18:00", "to_time": "19-08-2022 18:00"}}, {"type": "Feature", "id": "odflood50dsc19082022_1800hrs.1230", "geometry": {"type": "MultiPolygon", "coordinates": [[[[85.72505784, 20.56953748], [85.72436719, 20.56971461], [85.72389497, 20.5712392], [85.72476191, 20.57180381], [85.72558286, 20.57074463], [85.72540487, 20.57006249], [85.72505784, 20.56953748]]]]}, "geometry_name": "geom", "properties": {"objectid": 1230, "id": 1565, "gridcode": 1, "shape_leng": 0.00601803511, "shape_area": 2.39577e-06, "from_time": "19-08-2022 18:00", "to_time": "19-08-2022 18:00"}}, {"type": "Feature", "id": "odflood50dsc19082022_1800hrs.1231", "geometry": {"type": "MultiPolygon", "coordinates": [[[[85.88049978, 20.56757538], [85.87974483, 20.56822579], [85.88032648, 20.56920237], [85.88099328, 20.56836588], [85.88049978, 20.56757538]]]]}, "geometry_name": "geom", "properties": {"objectid": 1231, "id": 1566, "gridcode": 1, "shape_leng": 0.0041348023, "shape_area": 1.02775e-06, "from_time": "19-08-2022 18:00", "to_time": "19-08-2022 18:00"}}, {"type": "Feature", "id": "odflood50dsc19082022_1800hrs.1232", "geometry": {"type": "MultiPolygon", "coordinates": [[[[85.79351334, 20.56517725], [85.79298023, 20.56532969], [85.79336431, 20.56569908], [85.79351334, 20.56517725]]]]}, "geometry_name": "geom", "properties": {"objectid": 1232, "id": 1567, "gridcode": 1, "shape_leng": 0.00163003407, "shape_area": 1.2773e-07, "from_time": "19-08-2022 18:00", "to_time": "19-08-2022 18:00"}}, {"type": "Feature", "id": "odflood50dsc19082022_1800hrs.1233", "geometry": {"type": "MultiPolygon", "coordinates": [[[[85.83646153, 20.56321515], [85.83575555, 20.56339633], [85.83563377, 20.56393923], [85.83651092, 20.56413595], [85.83659523, 20.56375933], [85.83646153, 20.56321515]]]]}, "geometry_name": "geom", "properties": {"objectid": 1233, "id": 1568, "gridcode": 1, "shape_leng": 0.00313049627, "shape_area": 6.2771e-07, "from_time": "19-08-2022 18:00", "to_time": "19-08-2022 18:00"}}, {"type": "Feature", "id": "odflood50dsc19082022_1800hrs.1234", "geometry": {"type": "MultiPolygon", "coordinates": [[[[85.87330541, 20.56277913], [85.87259943, 20.56296031], [85.87234437, 20.5640987], [85.87326666, 20.56437227], [85.8737227, 20.56367247], [85.87330541, 20.56277913]]]]}, "geometry_name": "geom", "properties": {"objectid": 1234, "id": 1569, "gridcode": 1, "shape_leng": 0.00467874869, "shape_area": 1.46841e-06, "from_time": "19-08-2022 18:00", "to_time": "19-08-2022 18:00"}}, {"type": "Feature", "id": "odflood50dsc19082022_1800hrs.1235", "geometry": {"type": "MultiPolygon", "coordinates": [[[[85.88311591, 20.56190709], [85.88261474, 20.56199544], [85.88299754, 20.56218386], [85.88311591, 20.56190709]]]]}, "geometry_name": "geom", "properties": {"objectid": 1235, "id": 1570, "gridcode": 1, "shape_leng": 0.00123657718, "shape_area": 6.413e-08, "from_time": "19-08-2022 18:00", "to_time": "19-08-2022 18:00"}}, {"type": "Feature", "id": "odflood50dsc19082022_1800hrs.1236", "geometry": {"type": "MultiPolygon", "coordinates": [[[[85.78566494, 20.56081703], [85.78470858, 20.56092582], [85.78448589, 20.56191858], [85.78538859, 20.56218641], [85.78602602, 20.56136355], [85.78566494, 20.56081703]]]]}, "geometry_name": "geom", "properties": {"objectid": 1236, "id": 1571, "gridcode": 1, "shape_leng": 0.00461745089, "shape_area": 1.44042e-06, "from_time": "19-08-2022 18:00", "to_time": "19-08-2022 18:00"}}, {"type": "Feature", "id": "odflood50dsc19082022_1800hrs.1237", "geometry": {"type": "MultiPolygon", "coordinates": [[[[85.83885965, 20.56059902], [85.83789265, 20.56076338], [85.83827886, 20.56156602], [85.83911173, 20.56124049], [85.83885965, 20.56059902]]]]}, "geometry_name": "geom", "properties": {"objectid": 1237, "id": 1572, "gridcode": 1, "shape_leng": 0.00345503665, "shape_area": 7.2797e-07, "from_time": "19-08-2022 18:00", "to_time": "19-08-2022 18:00"}}, {"type": "Feature", "id": "odflood50dsc19082022_1800hrs.1238", "geometry": {"type": "MultiPolygon", "coordinates": [[[[85.82359887, 20.55776488], [85.82308748, 20.5580342], [85.82341706, 20.55871207], [85.82383136, 20.55824199], [85.82359887, 20.55776488]]]]}, "geometry_name": "geom", "properties": {"objectid": 1238, "id": 1574, "gridcode": 1, "shape_leng": 0.00248906578, "shape_area": 3.7119e-07, "from_time": "19-08-2022 18:00", "to_time": "19-08-2022 18:00"}}, {"type": "Feature", "id": "odflood50dsc19082022_1800hrs.1239", "geometry": {"type": "MultiPolygon", "coordinates": [[[[85.88486, 20.55776488], [85.88323684, 20.558229], [85.88371629, 20.55899779], [85.88442398, 20.55890965], [85.88561112, 20.5590574], [85.88541695, 20.55829777], [85.88505374, 20.55800694], [85.88486, 20.55776488]]]]}, "geometry_name": "geom", "properties": {"objectid": 1239, "id": 1575, "gridcode": 1, "shape_leng": 0.00606310785, "shape_area": 1.97678e-06, "from_time": "19-08-2022 18:00", "to_time": "19-08-2022 18:00"}}, {"type": "Feature", "id": "odflood50dsc19082022_1800hrs.1240", "geometry": {"type": "MultiPolygon", "coordinates": [[[[85.87657558, 20.55667482], [85.87569544, 20.5569467], [85.87451043, 20.55800524], [85.87493453, 20.55853409], [85.87613445, 20.55960626], [85.87461774, 20.5609618], [85.87501884, 20.56396329], [85.87592155, 20.56401715], [85.87639759, 20.56298032], [85.87831796, 20.5608181], [85.87683915, 20.55912212], [85.87711465, 20.55852174], [85.87748893, 20.55783258], [85.87657558, 20.55667482]]]]}, "geometry_name": "geom", "properties": {"objectid": 1240, "id": 1576, "gridcode": 1, "shape_leng": 0.01996623392, "shape_area": 1.496583e-05, "from_time": "19-08-2022 18:00", "to_time": "19-08-2022 18:00"}}, {"type": "Feature", "id": "odflood50dsc19082022_1800hrs.1241", "geometry": {"type": "MultiPolygon", "coordinates": [[[[85.76953211, 20.55558476], [85.76882613, 20.55576594], [85.76871159, 20.55627733], [85.76945845, 20.55676381], [85.76989234, 20.55613022], [85.76953211, 20.55558476]]]]}, "geometry_name": "geom", "properties": {"objectid": 1241, "id": 1577, "gridcode": 1, "shape_leng": 0.00356583728, "shape_area": 8.608e-07, "from_time": "19-08-2022 18:00", "to_time": "19-08-2022 18:00"}}, {"type": "Feature", "id": "odflood50dsc19082022_1800hrs.1242", "geometry": {"type": "MultiPolygon", "coordinates": [[[[85.84452794, 20.55514874], [85.84383431, 20.55526669], [85.84421498, 20.55589773], [85.84448281, 20.55655176], [85.8449827, 20.55630586], [85.84452794, 20.55514874]]]]}, "geometry_name": "geom", "properties": {"objectid": 1242, "id": 1578, "gridcode": 1, "shape_leng": 0.00394767785, "shape_area": 7.8908e-07, "from_time": "19-08-2022 18:00", "to_time": "19-08-2022 18:00"}}, {"type": "Feature", "id": "odflood50dsc19082022_1800hrs.1243", "geometry": {"type": "MultiPolygon", "coordinates": [[[[85.85194032, 20.55275062], [85.85097588, 20.55287964], [85.85051729, 20.55328947], [85.85012129, 20.55373252], [85.84890733, 20.55395905], [85.84802847, 20.55494308], [85.84725904, 20.55563033], [85.84754305, 20.55632779], [85.84878512, 20.55655964], [85.84986325, 20.55722602], [85.85074722, 20.55743168], [85.85182535, 20.55809807], [85.85290434, 20.55834908], [85.85292776, 20.55874593], [85.85287836, 20.55957752], [85.85403655, 20.56038633], [85.85503804, 20.55984216], [85.85541572, 20.56011233], [85.85467142, 20.56148171], [85.85500866, 20.56200992], [85.85583514, 20.56169206], [85.85670889, 20.56091135], [85.85637506, 20.55998054], [85.85750557, 20.55897011], [85.85789518, 20.55853409], [85.85843084, 20.55876232], [85.85885494, 20.55994499], [85.85845468, 20.56106123], [85.85925519, 20.5614964], [85.86159242, 20.56163564], [85.8620838, 20.56093221], [85.8624832, 20.5600623], [85.86310998, 20.56002504], [85.86436696, 20.56047596], [85.86573676, 20.55998437], [85.866008, 20.56048384], [85.86624986, 20.56101098], [85.86743146, 20.56206655], [85.86822047, 20.56330691], [85.86876167, 20.56333928], [85.86949618, 20.56311232], [85.87013829, 20.56288196], [85.87080424, 20.5626763], [85.87200416, 20.56193434], [85.87304865, 20.56266395], [85.87340846, 20.56167311], [85.87315042, 20.55963479], [85.87275527, 20.55961116], [85.87184576, 20.56024667], [85.87057431, 20.56048384], [85.86935907, 20.56091986], [85.86853599, 20.56059966], [85.8679701, 20.56009423], [85.86817619, 20.55939379], [85.86855473, 20.55869653], [85.86730329, 20.55722517], [85.86732756, 20.5568164], [85.86691453, 20.55635398], [85.86599608, 20.55655964], [85.86480298, 20.55698779], [85.86308784, 20.55637229], [85.86157156, 20.55743168], [85.86098182, 20.55722602], [85.85993051, 20.55604953], [85.85822602, 20.5563676], [85.85688858, 20.55786473], [85.85607827, 20.55791306], [85.85514662, 20.55748555], [85.85583642, 20.55621644], [85.85422348, 20.55504591], [85.85401739, 20.55481555], [85.85378745, 20.55460989], [85.85296438, 20.55368866], [85.85204337, 20.5528658], [85.85194032, 20.55275062]], [[85.86087878, 20.55841891], [85.86098182, 20.55853409], [85.86121176, 20.55873975], [85.86141784, 20.55957305], [85.86050492, 20.56026583], [85.85990369, 20.55928989], [85.86087878, 20.55841891]]]]}, "geometry_name": "geom", "properties": {"objectid": 1243, "id": 1579, "gridcode": 1, "shape_leng": 0.083591134, "shape_area": 9.310875e-05, "from_time": "19-08-2022 18:00", "to_time": "19-08-2022 18:00"}}, {"type": "Feature", "id": "odflood50dsc19082022_1800hrs.1244", "geometry": {"type": "MultiPolygon", "coordinates": [[[[85.86305889, 20.55253261], [85.86245297, 20.55263054], [85.86344041, 20.55330267], [85.86383981, 20.5539318], [85.86411914, 20.55499077], [85.86462371, 20.55509041], [85.86526753, 20.55424689], [85.86539186, 20.55361819], [85.86496606, 20.55302377], [85.86315001, 20.5526595], [85.86305889, 20.55253261]]]]}, "geometry_name": "geom", "properties": {"objectid": 1244, "id": 1580, "gridcode": 1, "shape_leng": 0.00860462367, "shape_area": 3.28287e-06, "from_time": "19-08-2022 18:00", "to_time": "19-08-2022 18:00"}}, {"type": "Feature", "id": "odflood50dsc19082022_1800hrs.1245", "geometry": {"type": "MultiPolygon", "coordinates": [[[[85.85826264, 20.55166056], [85.85706571, 20.55179065], [85.85737186, 20.5530127], [85.8588098, 20.55329352], [85.85989773, 20.55411872], [85.86120792, 20.55307977], [85.86142168, 20.5528575], [85.86184067, 20.55245469], [85.85837548, 20.55177809], [85.85826264, 20.55166056]]]]}, "geometry_name": "geom", "properties": {"objectid": 1245, "id": 1581, "gridcode": 1, "shape_leng": 0.01154965598, "shape_area": 6.17128e-06, "from_time": "19-08-2022 18:00", "to_time": "19-08-2022 18:00"}}, {"type": "Feature", "id": "odflood50dsc19082022_1800hrs.1246", "geometry": {"type": "MultiPolygon", "coordinates": [[[[85.84976021, 20.55057051], [85.84919772, 20.55073998], [85.84813322, 20.55165694], [85.84834186, 20.55200759], [85.85046066, 20.55152622], [85.84976021, 20.55057051]]]]}, "geometry_name": "geom", "properties": {"objectid": 1246, "id": 1582, "gridcode": 1, "shape_leng": 0.00575818175, "shape_area": 1.74735e-06, "from_time": "19-08-2022 18:00", "to_time": "19-08-2022 18:00"}}, {"type": "Feature", "id": "odflood50dsc19082022_1800hrs.1247", "geometry": {"type": "MultiPolygon", "coordinates": [[[[85.8534664, 20.54948045], [85.85354091, 20.54974615], [85.8537321, 20.54955518], [85.8534664, 20.54948045]]]]}, "geometry_name": "geom", "properties": {"objectid": 1247, "id": 1583, "gridcode": 1, "shape_leng": 0.00082218866, "shape_area": 3.251e-08, "from_time": "19-08-2022 18:00", "to_time": "19-08-2022 18:00"}}, {"type": "Feature", "id": "odflood50dsc19082022_1800hrs.1248", "geometry": {"type": "MultiPolygon", "coordinates": [[[[85.85324839, 20.54926244], [85.85324839, 20.54948045], [85.8534664, 20.54948045], [85.8534664, 20.54926244], [85.85324839, 20.54926244]]]]}, "geometry_name": "geom", "properties": {"objectid": 1248, "id": 1584, "gridcode": 1, "shape_leng": 0.00087204453, "shape_area": 4.753e-08, "from_time": "19-08-2022 18:00", "to_time": "19-08-2022 18:00"}}, {"type": "Feature", "id": "odflood50dsc19082022_1800hrs.1249", "geometry": {"type": "MultiPolygon", "coordinates": [[[[85.85324839, 20.54926244], [85.85317387, 20.54899674], [85.85298269, 20.54918771], [85.85324839, 20.54926244]]]]}, "geometry_name": "geom", "properties": {"objectid": 1249, "id": 1585, "gridcode": 1, "shape_leng": 0.00082218866, "shape_area": 3.251e-08, "from_time": "19-08-2022 18:00", "to_time": "19-08-2022 18:00"}}, {"type": "Feature", "id": "odflood50dsc19082022_1800hrs.1250", "geometry": {"type": "MultiPolygon", "coordinates": [[[[85.85041424, 20.54664631], [85.85060756, 20.54768293], [85.85152644, 20.54871124], [85.85221539, 20.54825542], [85.85041424, 20.54664631]]]]}, "geometry_name": "geom", "properties": {"objectid": 1250, "id": 1586, "gridcode": 1, "shape_leng": 0.00567486308, "shape_area": 1.34167e-06, "from_time": "19-08-2022 18:00", "to_time": "19-08-2022 18:00"}}, {"type": "Feature", "id": "odflood50dsc19082022_1800hrs.1251", "geometry": {"type": "MultiPolygon", "coordinates": [[[[85.85041424, 20.54664631], [85.85033973, 20.54638061], [85.85014854, 20.54657158], [85.85041424, 20.54664631]]]]}, "geometry_name": "geom", "properties": {"objectid": 1251, "id": 1587, "gridcode": 1, "shape_leng": 0.00082218866, "shape_area": 3.251e-08, "from_time": "19-08-2022 18:00", "to_time": "19-08-2022 18:00"}}, {"type": "Feature", "id": "odflood50dsc19082022_1800hrs.1252", "geometry": {"type": "MultiPolygon", "coordinates": [[[[85.84583601, 20.54381216], [85.84484474, 20.54391116], [85.84426309, 20.54424435], [85.84444065, 20.54598546], [85.8453012, 20.54718133], [85.84549877, 20.54772806], [85.8447996, 20.54830907], [85.84436869, 20.54826521], [85.84389392, 20.54717111], [85.8433523, 20.54622498], [85.84292905, 20.54478321], [85.84257436, 20.54414919], [85.84146727, 20.54478321], [85.83968273, 20.54517899], [85.83905595, 20.54553794], [85.83876087, 20.54589328], [85.83752817, 20.54691733], [85.83723479, 20.54772806], [85.83774235, 20.54861416], [85.83685966, 20.55001462], [85.83731527, 20.55081024], [85.83778748, 20.55120261], [85.83894268, 20.55108488], [85.8395354, 20.55142424], [85.83983048, 20.55177958], [85.84028482, 20.55215705], [85.84115899, 20.5524136], [85.84157457, 20.55265162], [85.84219071, 20.55284962], [85.84244662, 20.55197757], [85.84312109, 20.55090753], [85.84338935, 20.54940232], [85.84551921, 20.54916344], [85.84658883, 20.5484894], [85.84733356, 20.54816642], [85.84869613, 20.54652602], [85.8482056, 20.54567526], [85.84703763, 20.54611427], [85.84639126, 20.54596375], [85.84686475, 20.54470358], [85.8459348, 20.54393118], [85.84583601, 20.54381216]]]]}, "geometry_name": "geom", "properties": {"objectid": 1252, "id": 1588, "gridcode": 1, "shape_leng": 0.04287692467, "shape_area": 5.400638e-05, "from_time": "19-08-2022 18:00", "to_time": "19-08-2022 18:00"}}, {"type": "Feature", "id": "odflood50dsc19082022_1800hrs.1253", "geometry": {"type": "MultiPolygon", "coordinates": [[[[85.83428142, 20.5385799], [85.83334338, 20.5387549], [85.83140938, 20.54048302], [85.83197484, 20.54205871], [85.83134423, 20.54240127], [85.82939703, 20.54262928], [85.82877749, 20.54318304], [85.82744515, 20.54563481], [85.82854756, 20.546869], [85.82950732, 20.54739061], [85.83068253, 20.5477534], [85.83176833, 20.5482518], [85.83156224, 20.5489416], [85.83133231, 20.54936527], [85.83112622, 20.55046768], [85.8306902, 20.55168292], [85.83131017, 20.55213768], [85.83221627, 20.55241743], [85.83306618, 20.5527223], [85.83417837, 20.55221177], [85.83472723, 20.55134909], [85.83604637, 20.55104209], [85.83636147, 20.55046278], [85.83609449, 20.54971869], [85.83615197, 20.54874999], [85.83581388, 20.54837145], [85.83425928, 20.54892925], [85.83287882, 20.54863502], [85.83283326, 20.54787156], [85.83329441, 20.54762118], [85.83409364, 20.54725435], [85.83449517, 20.54595438], [85.8350385, 20.54565908], [85.8363504, 20.54541425], [85.83780153, 20.54411789], [85.83723053, 20.54347897], [85.8370006, 20.54327331], [85.83679451, 20.54304295], [85.83636147, 20.54265611], [85.83633209, 20.54216239], [85.83697462, 20.54097972], [85.83622606, 20.54057287], [85.83462334, 20.54144385], [85.83457948, 20.5407087], [85.8350385, 20.53942959], [85.8346144, 20.53890074], [85.83438446, 20.53869508], [85.83428142, 20.5385799]], [[85.83319136, 20.54163205], [85.8330236, 20.54228609], [85.8323636, 20.54213812], [85.83245089, 20.54174872], [85.83319136, 20.54163205]]]]}, "geometry_name": "geom", "properties": {"objectid": 1253, "id": 1590, "gridcode": 1, "shape_leng": 0.05225631053, "shape_area": 6.9779e-05, "from_time": "19-08-2022 18:00", "to_time": "19-08-2022 18:00"}}, {"type": "Feature", "id": "odflood50dsc19082022_1800hrs.1254", "geometry": {"type": "MultiPolygon", "coordinates": [[[[85.88311591, 20.53727183], [85.88283275, 20.53739318], [85.88302862, 20.53776725], [85.88311591, 20.53727183]]]]}, "geometry_name": "geom", "properties": {"objectid": 1254, "id": 1591, "gridcode": 1, "shape_leng": 0.00123336663, "shape_area": 6.485e-08, "from_time": "19-08-2022 18:00", "to_time": "19-08-2022 18:00"}}, {"type": "Feature", "id": "odflood50dsc19082022_1800hrs.1255", "geometry": {"type": "MultiPolygon", "coordinates": [[[[85.78610096, 20.53400166], [85.78494277, 20.53429887], [85.78459191, 20.53513387], [85.78537028, 20.53546068], [85.78640158, 20.5350749], [85.78618995, 20.53413068], [85.78610096, 20.53400166]]]]}, "geometry_name": "geom", "properties": {"objectid": 1255, "id": 1592, "gridcode": 1, "shape_leng": 0.00517108486, "shape_area": 1.75838e-06, "from_time": "19-08-2022 18:00", "to_time": "19-08-2022 18:00"}}, {"type": "Feature", "id": "odflood50dsc19082022_1800hrs.1256", "geometry": {"type": "MultiPolygon", "coordinates": [[[[85.64766389, 20.53312962], [85.64692086, 20.53347665], [85.64586785, 20.53374682], [85.64566006, 20.53467315], [85.64646866, 20.53501252], [85.64763068, 20.53471446], [85.64816676, 20.53389095], [85.64766389, 20.53312962]]]]}, "geometry_name": "geom", "properties": {"objectid": 1256, "id": 1593, "gridcode": 1, "shape_leng": 0.006828149, "shape_area": 2.97645e-06, "from_time": "19-08-2022 18:00", "to_time": "19-08-2022 18:00"}}, {"type": "Feature", "id": "odflood50dsc19082022_1800hrs.1257", "geometry": {"type": "MultiPolygon", "coordinates": [[[[85.88616807, 20.53291161], [85.88551404, 20.53291161], [85.88551404, 20.53334763], [85.88616807, 20.53334763], [85.88616807, 20.53291161]]]]}, "geometry_name": "geom", "properties": {"objectid": 1257, "id": 1594, "gridcode": 1, "shape_leng": 0.00218011132, "shape_area": 2.8517e-07, "from_time": "19-08-2022 18:00", "to_time": "19-08-2022 18:00"}}, {"type": "Feature", "id": "odflood50dsc19082022_1800hrs.1258", "geometry": {"type": "MultiPolygon", "coordinates": [[[[85.65551229, 20.5326936], [85.6545504, 20.53299059], [85.65430642, 20.53367017], [85.65434729, 20.53435614], [85.65322914, 20.53535529], [85.65368474, 20.53566442], [85.65626937, 20.53421989], [85.65606328, 20.53345046], [85.65551229, 20.5326936]]]]}, "geometry_name": "geom", "properties": {"objectid": 1258, "id": 1595, "gridcode": 1, "shape_leng": 0.00915967791, "shape_area": 3.98916e-06, "from_time": "19-08-2022 18:00", "to_time": "19-08-2022 18:00"}}, {"type": "Feature", "id": "odflood50dsc19082022_1800hrs.1259", "geometry": {"type": "MultiPolygon", "coordinates": [[[[85.83646153, 20.5326936], [85.83460035, 20.53279451], [85.83309045, 20.53346472], [85.8321111, 20.53375959], [85.83121606, 20.53490202], [85.8317662, 20.53520881], [85.8324445, 20.53551156], [85.83396377, 20.53670125], [85.83454882, 20.5367483], [85.83641682, 20.53567124], [85.83684859, 20.53489776], [85.83651944, 20.53400166], [85.83680047, 20.53323649], [85.83646153, 20.5326936]]]]}, "geometry_name": "geom", "properties": {"objectid": 1259, "id": 1596, "gridcode": 1, "shape_leng": 0.01533111745, "shape_area": 1.481122e-05, "from_time": "19-08-2022 18:00", "to_time": "19-08-2022 18:00"}}, {"type": "Feature", "id": "odflood50dsc19082022_1800hrs.1260", "geometry": {"type": "MultiPolygon", "coordinates": [[[[85.8672011, 20.52920542], [85.86691794, 20.52932677], [85.86711381, 20.52970084], [85.8672011, 20.52920542]]]]}, "geometry_name": "geom", "properties": {"objectid": 1260, "id": 1597, "gridcode": 1, "shape_leng": 0.00123336663, "shape_area": 6.485e-08, "from_time": "19-08-2022 18:00", "to_time": "19-08-2022 18:00"}}, {"type": "Feature", "id": "odflood50dsc19082022_1800hrs.1261", "geometry": {"type": "MultiPolygon", "coordinates": [[[[85.86502099, 20.52898741], [85.86436823, 20.52916922], [85.86383598, 20.53005128], [85.86552557, 20.53034998], [85.8656103, 20.52977706], [85.86502099, 20.52898741]]]]}, "geometry_name": "geom", "properties": {"objectid": 1261, "id": 1598, "gridcode": 1, "shape_leng": 0.00498805042, "shape_area": 1.5175e-06, "from_time": "19-08-2022 18:00", "to_time": "19-08-2022 18:00"}}, {"type": "Feature", "id": "odflood50dsc19082022_1800hrs.1262", "geometry": {"type": "MultiPolygon", "coordinates": [[[[85.68952203, 20.52680729], [85.68857462, 20.52691502], [85.68812497, 20.52760589], [85.68899914, 20.52820435], [85.68965828, 20.52736275], [85.68952203, 20.52680729]]]]}, "geometry_name": "geom", "properties": {"objectid": 1262, "id": 1600, "gridcode": 1, "shape_leng": 0.00447815483, "shape_area": 1.31055e-06, "from_time": "19-08-2022 18:00", "to_time": "19-08-2022 18:00"}}, {"type": "Feature", "id": "odflood50dsc19082022_1800hrs.1263", "geometry": {"type": "MultiPolygon", "coordinates": [[[[85.87243337, 20.52680729], [85.87169034, 20.52699805], [85.87205696, 20.52776833], [85.87234437, 20.52737234], [85.87243337, 20.52680729]]]]}, "geometry_name": "geom", "properties": {"objectid": 1263, "id": 1601, "gridcode": 1, "shape_leng": 0.00268151007, "shape_area": 3.8472e-07, "from_time": "19-08-2022 18:00", "to_time": "19-08-2022 18:00"}}, {"type": "Feature", "id": "odflood50dsc19082022_1800hrs.1264", "geometry": {"type": "MultiPolygon", "coordinates": [[[[85.67513329, 20.52593525], [85.67440049, 20.52605064], [85.67373623, 20.52690821], [85.67429063, 20.52767466], [85.67506261, 20.52714155], [85.67549352, 20.52648007], [85.67513329, 20.52593525]]]]}, "geometry_name": "geom", "properties": {"objectid": 1264, "id": 1602, "gridcode": 1, "shape_leng": 0.00515327207, "shape_area": 1.76428e-06, "from_time": "19-08-2022 18:00", "to_time": "19-08-2022 18:00"}}, {"type": "Feature", "id": "odflood50dsc19082022_1800hrs.1265", "geometry": {"type": "MultiPolygon", "coordinates": [[[[85.8554285, 20.52528122], [85.85514534, 20.52540257], [85.85534121, 20.52577664], [85.8554285, 20.52528122]]]]}, "geometry_name": "geom", "properties": {"objectid": 1265, "id": 1603, "gridcode": 1, "shape_leng": 0.00123336663, "shape_area": 6.485e-08, "from_time": "19-08-2022 18:00", "to_time": "19-08-2022 18:00"}}, {"type": "Feature", "id": "odflood50dsc19082022_1800hrs.1266", "geometry": {"type": "MultiPolygon", "coordinates": [[[[85.6714271, 20.52484519], [85.67108007, 20.52493419], [85.67003004, 20.52541024], [85.66897703, 20.52568041], [85.66876243, 20.52663846], [85.66963447, 20.52683391], [85.6704418, 20.52630825], [85.67141901, 20.52652733], [85.67195212, 20.52615922], [85.67177413, 20.52537021], [85.6714271, 20.52484519]]]]}, "geometry_name": "geom", "properties": {"objectid": 1266, "id": 1604, "gridcode": 1, "shape_leng": 0.00852462365, "shape_area": 3.74492e-06, "from_time": "19-08-2022 18:00", "to_time": "19-08-2022 18:00"}}, {"type": "Feature", "id": "odflood50dsc19082022_1800hrs.1267", "geometry": {"type": "MultiPolygon", "coordinates": [[[[85.86044275, 20.52440917], [85.85970824, 20.52452499], [85.85926371, 20.52520777], [85.85998204, 20.52602424], [85.86091625, 20.52581837], [85.86103207, 20.52530123], [85.86044275, 20.52440917]]]]}, "geometry_name": "geom", "properties": {"objectid": 1267, "id": 1606, "gridcode": 1, "shape_leng": 0.00520152438, "shape_area": 1.90419e-06, "from_time": "19-08-2022 18:00", "to_time": "19-08-2022 18:00"}}, {"type": "Feature", "id": "odflood50dsc19082022_1800hrs.1268", "geometry": {"type": "MultiPolygon", "coordinates": [[[[85.67644136, 20.52375514], [85.67590825, 20.52390758], [85.67629233, 20.52427696], [85.67644136, 20.52375514]]]]}, "geometry_name": "geom", "properties": {"objectid": 1268, "id": 1607, "gridcode": 1, "shape_leng": 0.00163003407, "shape_area": 1.2773e-07, "from_time": "19-08-2022 18:00", "to_time": "19-08-2022 18:00"}}, {"type": "Feature", "id": "odflood50dsc19082022_1800hrs.1269", "geometry": {"type": "MultiPolygon", "coordinates": [[[[85.64940798, 20.52179304], [85.64844226, 20.52197337], [85.6483852, 20.52293227], [85.64940713, 20.52407598], [85.65029152, 20.52353138], [85.64974096, 20.52233189], [85.64940798, 20.52179304]]]]}, "geometry_name": "geom", "properties": {"objectid": 1269, "id": 1609, "gridcode": 1, "shape_leng": 0.00646863586, "shape_area": 2.6855e-06, "from_time": "19-08-2022 18:00", "to_time": "19-08-2022 18:00"}}, {"type": "Feature", "id": "odflood50dsc19082022_1800hrs.1270", "geometry": {"type": "MultiPolygon", "coordinates": [[[[85.68799595, 20.52092099], [85.68704258, 20.52101872], [85.68726059, 20.52165614], [85.68788056, 20.52142557], [85.68799595, 20.52092099]]]]}, "geometry_name": "geom", "properties": {"objectid": 1270, "id": 1610, "gridcode": 1, "shape_leng": 0.00281110624, "shape_area": 4.5761e-07, "from_time": "19-08-2022 18:00", "to_time": "19-08-2022 18:00"}}, {"type": "Feature", "id": "odflood50dsc19082022_1800hrs.1271", "geometry": {"type": "MultiPolygon", "coordinates": [[[[85.79503942, 20.51830486], [85.79275669, 20.51842238], [85.79274391, 20.51904831], [85.7931084, 20.51979964], [85.794247, 20.52035191], [85.79471879, 20.52080539], [85.79533492, 20.52144644], [85.7959336, 20.52175472], [85.79727744, 20.52046368], [85.79514629, 20.518416], [85.79503942, 20.51830486]]]]}, "geometry_name": "geom", "properties": {"objectid": 1271, "id": 1612, "gridcode": 1, "shape_leng": 0.01220243466, "shape_area": 8.41243e-06, "from_time": "19-08-2022 18:00", "to_time": "19-08-2022 18:00"}}, {"type": "Feature", "id": "odflood50dsc19082022_1800hrs.1272", "geometry": {"type": "MultiPolygon", "coordinates": [[[[85.68734192, 20.51808685], [85.68707622, 20.51816158], [85.6872674, 20.51835255], [85.68734192, 20.51808685]]]]}, "geometry_name": "geom", "properties": {"objectid": 1272, "id": 1613, "gridcode": 1, "shape_leng": 0.00082218866, "shape_area": 3.251e-08, "from_time": "19-08-2022 18:00", "to_time": "19-08-2022 18:00"}}, {"type": "Feature", "id": "odflood50dsc19082022_1800hrs.1273", "geometry": {"type": "MultiPolygon", "coordinates": [[[[85.86632906, 20.51808685], [85.86596925, 20.51819522], [85.86492007, 20.52007556], [85.86515725, 20.52018201], [85.86565118, 20.52014241], [85.8672275, 20.52102191], [85.86794115, 20.52055544], [85.86803738, 20.51935808], [85.86642997, 20.51820395], [85.86632906, 20.51808685]]]]}, "geometry_name": "geom", "properties": {"objectid": 1273, "id": 1614, "gridcode": 1, "shape_leng": 0.00927678672, "shape_area": 5.30957e-06, "from_time": "19-08-2022 18:00", "to_time": "19-08-2022 18:00"}}, {"type": "Feature", "id": "odflood50dsc19082022_1800hrs.1274", "geometry": {"type": "MultiPolygon", "coordinates": [[[[85.84082175, 20.51765083], [85.84008639, 20.51775494], [85.84038062, 20.51860399], [85.84097589, 20.51798785], [85.84082175, 20.51765083]]]]}, "geometry_name": "geom", "properties": {"objectid": 1274, "id": 1615, "gridcode": 1, "shape_leng": 0.00286860438, "shape_area": 4.7529e-07, "from_time": "19-08-2022 18:00", "to_time": "19-08-2022 18:00"}}, {"type": "Feature", "id": "odflood50dsc19082022_1800hrs.1275", "geometry": {"type": "MultiPolygon", "coordinates": [[[[85.82120075, 20.51634276], [85.82023971, 20.51688609], [85.81983222, 20.51757993], [85.82028996, 20.51877069], [85.81941749, 20.52014199], [85.81923312, 20.52162336], [85.82001446, 20.52192355], [85.82227718, 20.52152989], [85.82304192, 20.52123588], [85.8243023, 20.52096315], [85.824568, 20.51882924], [85.82425504, 20.51778751], [85.82214646, 20.51752373], [85.82120075, 20.51634276]]]]}, "geometry_name": "geom", "properties": {"objectid": 1275, "id": 1617, "gridcode": 1, "shape_leng": 0.01842115235, "shape_area": 1.993907e-05, "from_time": "19-08-2022 18:00", "to_time": "19-08-2022 18:00"}}, {"type": "Feature", "id": "odflood50dsc19082022_1800hrs.1276", "geometry": {"type": "MultiPolygon", "coordinates": [[[[85.69693441, 20.51438066], [85.69619138, 20.51457142], [85.69699019, 20.5153417], [85.69729549, 20.51492675], [85.69693441, 20.51438066]]]]}, "geometry_name": "geom", "properties": {"objectid": 1276, "id": 1619, "gridcode": 1, "shape_leng": 0.00304664683, "shape_area": 5.2063e-07, "from_time": "19-08-2022 18:00", "to_time": "19-08-2022 18:00"}}, {"type": "Feature", "id": "odflood50dsc19082022_1800hrs.1277", "geometry": {"type": "MultiPolygon", "coordinates": [[[[85.87461348, 20.51416265], [85.87386747, 20.51438726], [85.87381169, 20.51508111], [85.87434607, 20.51570129], [85.87514445, 20.51501319], [85.87461348, 20.51416265]]]]}, "geometry_name": "geom", "properties": {"objectid": 1277, "id": 1621, "gridcode": 1, "shape_leng": 0.00435048556, "shape_area": 1.26878e-06, "from_time": "19-08-2022 18:00", "to_time": "19-08-2022 18:00"}}, {"type": "Feature", "id": "odflood50dsc19082022_1800hrs.1278", "geometry": {"type": "MultiPolygon", "coordinates": [[[[85.67578733, 20.51263657], [85.67525422, 20.51278901], [85.6756383, 20.51315839], [85.67578733, 20.51263657]]]]}, "geometry_name": "geom", "properties": {"objectid": 1278, "id": 1625, "gridcode": 1, "shape_leng": 0.00163003407, "shape_area": 1.2773e-07, "from_time": "19-08-2022 18:00", "to_time": "19-08-2022 18:00"}}, {"type": "Feature", "id": "odflood50dsc19082022_1800hrs.1279", "geometry": {"type": "MultiPolygon", "coordinates": [[[[85.86153281, 20.51241856], [85.86090262, 20.51260826], [85.85822347, 20.51410325], [85.85747491, 20.51497189], [85.85661947, 20.51535362], [85.85613704, 20.51562273], [85.85576361, 20.51645986], [85.85523646, 20.51720331], [85.85381896, 20.51631828], [85.85195054, 20.51646837], [85.85162139, 20.51753139], [85.85262672, 20.51979624], [85.85433248, 20.52030975], [85.85600504, 20.51960526], [85.85661947, 20.51994803], [85.85713554, 20.52017839], [85.85771762, 20.52013177], [85.85819409, 20.52016988], [85.85858157, 20.52103809], [85.85885068, 20.52152031], [85.86040571, 20.52221416], [85.86110871, 20.52182199], [85.86239208, 20.52023928], [85.86272378, 20.51949583], [85.863394, 20.51842196], [85.86359583, 20.51798828], [85.86258923, 20.51572045], [85.86302993, 20.5145199], [85.86222304, 20.51307345], [85.86173464, 20.51265275], [85.86153281, 20.51241856]]]]}, "geometry_name": "geom", "properties": {"objectid": 1279, "id": 1626, "gridcode": 1, "shape_leng": 0.03623007702, "shape_area": 6.325518e-05, "from_time": "19-08-2022 18:00", "to_time": "19-08-2022 18:00"}}, {"type": "Feature", "id": "odflood50dsc19082022_1800hrs.1280", "geometry": {"type": "MultiPolygon", "coordinates": [[[[85.68276368, 20.51220055], [85.68248052, 20.5123219], [85.68267639, 20.51269597], [85.68276368, 20.51220055]]]]}, "geometry_name": "geom", "properties": {"objectid": 1280, "id": 1627, "gridcode": 1, "shape_leng": 0.00123336663, "shape_area": 6.485e-08, "from_time": "19-08-2022 18:00", "to_time": "19-08-2022 18:00"}}, {"type": "Feature", "id": "odflood50dsc19082022_1800hrs.1281", "geometry": {"type": "MultiPolygon", "coordinates": [[[[85.7614657, 20.51154652], [85.76101137, 20.51191036], [85.7603105, 20.51306408], [85.75928559, 20.51293655], [85.75889385, 20.51298509], [85.75831646, 20.51438982], [85.75886404, 20.51532147], [85.76027856, 20.51556759], [85.76090875, 20.51580987], [85.76224066, 20.51600361], [85.76243483, 20.51668191], [85.76270862, 20.51714795], [85.76469457, 20.51682775], [85.76548698, 20.51611559], [85.76486914, 20.5150645], [85.76453702, 20.51390355], [85.76287085, 20.51275771], [85.76166029, 20.51178965], [85.7614657, 20.51154652]]]]}, "geometry_name": "geom", "properties": {"objectid": 1281, "id": 1628, "gridcode": 1, "shape_leng": 0.02004921586, "shape_area": 2.14811e-05, "from_time": "19-08-2022 18:00", "to_time": "19-08-2022 18:00"}}, {"type": "Feature", "id": "odflood50dsc19082022_1800hrs.1282", "geometry": {"type": "MultiPolygon", "coordinates": [[[[85.80812008, 20.5113285], [85.80746009, 20.51145731], [85.80605111, 20.51231168], [85.80475454, 20.51273238], [85.80365511, 20.51418181], [85.80363553, 20.51512347], [85.80386674, 20.51536384], [85.8042853, 20.51576601], [85.80460721, 20.51639088], [85.80383736, 20.5169127], [85.80299469, 20.51732168], [85.8019089, 20.51819798], [85.80056336, 20.5184607], [85.80016055, 20.51884776], [85.79994679, 20.51907003], [85.7995112, 20.51948859], [85.79949459, 20.52029166], [85.79976838, 20.52169383], [85.80081884, 20.52342599], [85.80106155, 20.52640108], [85.80222612, 20.52817753], [85.80321696, 20.52865826], [85.80430276, 20.52931655], [85.80539707, 20.52953031], [85.80695551, 20.53083837], [85.80865702, 20.52997186], [85.80953503, 20.52912835], [85.80908836, 20.52886754], [85.80758868, 20.5288982], [85.80716756, 20.52808066], [85.80670514, 20.52673022], [85.80819502, 20.52517434], [85.80901257, 20.52554415], [85.80932809, 20.52651711], [85.8097573, 20.52735019], [85.81000511, 20.52887244], [85.81051821, 20.52888287], [85.81144177, 20.52886392], [85.81270768, 20.52912324], [85.81389525, 20.52822224], [85.81493421, 20.527885], [85.81521183, 20.52734594], [85.81518714, 20.52613027], [85.81548648, 20.52490183], [85.81585735, 20.52451605], [85.81672854, 20.52367892], [85.81673791, 20.52321863], [85.81610602, 20.52166019], [85.81605577, 20.5191982], [85.81674259, 20.51818521], [85.81670385, 20.51629741], [85.81694741, 20.5157956], [85.81781945, 20.51435745], [85.81691334, 20.51362656], [85.81567851, 20.5142625], [85.8149853, 20.51448754], [85.81388248, 20.51537747], [85.81252502, 20.51396444], [85.81134213, 20.51457397], [85.81084309, 20.51383776], [85.80988802, 20.5123813], [85.80932127, 20.51208941], [85.80847648, 20.51167958], [85.80822696, 20.51143964], [85.80812008, 20.5113285]], [[85.80572196, 20.52484519], [85.80591017, 20.5253238], [85.80507304, 20.52635956], [85.80413031, 20.52622033], [85.80459571, 20.52503659], [85.80572196, 20.52484519]], [[85.81313434, 20.51874088], [85.81332425, 20.518987], [85.81369342, 20.51927186], [85.81410134, 20.52007514], [85.81365339, 20.52081752], [85.81252416, 20.52123396], [85.81185523, 20.5195993], [85.81228614, 20.51888502], [85.81313434, 20.51874088]], [[85.80942815, 20.51634276], [85.80981819, 20.51693314], [85.80969939, 20.51746326], [85.80868725, 20.51773982], [85.80781308, 20.51714135], [85.80826571, 20.51644623], [85.80942815, 20.51634276]]]]}, "geometry_name": "geom", "properties": {"objectid": 1282, "id": 1629, "gridcode": 1, "shape_leng": 0.09367228639, "shape_area": 0.00021651253, "from_time": "19-08-2022 18:00", "to_time": "19-08-2022 18:00"}}, {"type": "Feature", "id": "odflood50dsc19082022_1800hrs.1283", "geometry": {"type": "MultiPolygon", "coordinates": [[[[85.74598691, 20.50958442], [85.74470269, 20.50975239], [85.74414148, 20.51101086], [85.74344998, 20.51095529], [85.74349213, 20.5114803], [85.74414105, 20.51142814], [85.74434374, 20.51166361], [85.7445873, 20.51187353], [85.74434374, 20.51208345], [85.7440972, 20.51263593], [85.74303567, 20.5129555], [85.74254983, 20.51322652], [85.74265074, 20.51448051], [85.74214617, 20.51538449], [85.74305185, 20.51666169], [85.74325368, 20.51809047], [85.74220791, 20.51899126], [85.74002524, 20.51938938], [85.73912467, 20.51905875], [85.73874783, 20.51908898], [85.73847362, 20.51980433], [85.73898884, 20.52072747], [85.74107911, 20.52027164], [85.74252385, 20.52088012], [85.74355515, 20.52079709], [85.74477976, 20.5188418], [85.74513105, 20.51853905], [85.74549681, 20.51811474], [85.74541804, 20.51713518], [85.74594603, 20.51588183], [85.7465758, 20.51533893], [85.74697435, 20.51537108], [85.74804993, 20.51469959], [85.74872014, 20.51449776], [85.74922727, 20.51421481], [85.74870396, 20.51297168], [85.74844124, 20.51181477], [85.74743294, 20.51136491], [85.74654003, 20.51012135], [85.74618874, 20.50981861], [85.74598691, 20.50958442]]]]}, "geometry_name": "geom", "properties": {"objectid": 1283, "id": 1630, "gridcode": 1, "shape_leng": 0.03996835014, "shape_area": 4.359613e-05, "from_time": "19-08-2022 18:00", "to_time": "19-08-2022 18:00"}}, {"type": "Feature", "id": "odflood50dsc19082022_1800hrs.1284", "geometry": {"type": "MultiPolygon", "coordinates": [[[[85.77694449, 20.5093664], [85.77623681, 20.50950458], [85.77520594, 20.51020311], [85.77487551, 20.51122163], [85.7746443, 20.51167085], [85.77328855, 20.51164317], [85.77187786, 20.51017479], [85.7715798, 20.50991356], [85.7703322, 20.51055631], [85.76882102, 20.51104662], [85.76855319, 20.51188844], [85.76920765, 20.51251713], [85.76920254, 20.51275984], [85.76973181, 20.51378752], [85.76800518, 20.51476665], [85.76746101, 20.51448626], [85.76724513, 20.51461272], [85.76799922, 20.51572535], [85.76760152, 20.51688779], [85.76791193, 20.51779475], [85.76789022, 20.51884712], [85.76868051, 20.5197198], [85.77053956, 20.51896571], [85.77117827, 20.51929485], [85.77116336, 20.52002063], [85.76978887, 20.52046666], [85.76855319, 20.52149796], [85.7698702, 20.52276323], [85.77066517, 20.52359057], [85.77094706, 20.52561036], [85.7712217, 20.5266819], [85.77229345, 20.52735019], [85.77408011, 20.52642982], [85.77490788, 20.52671298], [85.77717485, 20.52843301], [85.77901773, 20.52865826], [85.78017676, 20.52953776], [85.78097557, 20.52952136], [85.78191489, 20.53000529], [85.78155423, 20.53105851], [85.78198174, 20.53230761], [85.78386081, 20.53301848], [85.78424574, 20.53204829], [85.78229684, 20.52972681], [85.78284186, 20.52920329], [85.78448248, 20.52976492], [85.78520975, 20.53126396], [85.78651399, 20.53214644], [85.7880588, 20.53120967], [85.78926425, 20.53062462], [85.78972241, 20.53038872], [85.78969474, 20.52904617], [85.78821294, 20.52762228], [85.78646289, 20.52822117], [85.78440924, 20.52855543], [85.78359596, 20.52800423], [85.78261363, 20.5276853], [85.78228789, 20.52672256], [85.78306924, 20.52582837], [85.78468176, 20.52648241], [85.7852881, 20.52669616], [85.78571135, 20.52495995], [85.78510586, 20.52406683], [85.78370284, 20.52409557], [85.78284016, 20.5240779], [85.78228789, 20.52210771], [85.78362875, 20.52122864], [85.7853524, 20.52126398], [85.78741967, 20.5191124], [85.78960574, 20.51805193], [85.7906545, 20.51725611], [85.79189316, 20.51667191], [85.79241732, 20.51721757], [85.79340007, 20.51753969], [85.79383823, 20.51669745], [85.79207114, 20.5164507], [85.79166237, 20.51554353], [85.79232322, 20.5142608], [85.7930011, 20.51427464], [85.79445862, 20.51579177], [85.79536856, 20.51601361], [85.79583396, 20.51625334], [85.79623635, 20.51667191], [85.79645862, 20.51688566], [85.79710839, 20.51776196], [85.79759551, 20.51841174], [85.79913564, 20.51680859], [85.79840794, 20.51512603], [85.79842285, 20.51439854], [85.80025763, 20.51477432], [85.8009453, 20.51442026], [85.80059657, 20.51340174], [85.80038282, 20.51274345], [85.80010945, 20.5122129], [85.79907049, 20.51187566], [85.79842072, 20.51165339], [85.79758103, 20.51143964], [85.79585014, 20.51289248], [85.79316673, 20.51151011], [85.79208605, 20.51187992], [85.79103389, 20.51185842], [85.78938475, 20.51257185], [85.78817419, 20.51165339], [85.78751377, 20.51133276], [85.7868244, 20.51097786], [85.78485038, 20.51101809], [85.78400558, 20.51145326], [85.7840388, 20.51307259], [85.78401708, 20.51413731], [85.78252421, 20.51462166], [85.78118932, 20.51360889], [85.78119826, 20.51315754], [85.7821989, 20.51219629], [85.78139328, 20.51142239], [85.77947461, 20.51146157], [85.77792767, 20.51012731], [85.77705137, 20.50947754], [85.77694449, 20.5093664]], [[85.78130471, 20.52746133], [85.78164919, 20.52799763], [85.78159554, 20.52836062], [85.78044417, 20.52864634], [85.7801197, 20.52766273], [85.78130471, 20.52746133]], [[85.77934261, 20.52331912], [85.77945801, 20.52365657], [85.77944906, 20.52409748], [85.77901347, 20.52451605], [85.7785817, 20.52499039], [85.77923574, 20.52626035], [85.7792285, 20.52661334], [85.77774841, 20.52691417], [85.77574756, 20.52504915], [85.77647611, 20.52397421], [85.77814568, 20.52364826], [85.77879546, 20.52342599], [85.77934261, 20.52331912]], [[85.78043267, 20.51438066], [85.78077587, 20.51512773], [85.78098408, 20.51638385], [85.78186592, 20.51774387], [85.78205157, 20.51821182], [85.78292149, 20.51927697], [85.78179396, 20.5201158], [85.77991702, 20.51843218], [85.77968581, 20.51730784], [85.77929067, 20.51666978], [85.77971945, 20.51597742], [85.77953039, 20.51488077], [85.78043267, 20.51438066]], [[85.77367432, 20.51394464], [85.77396515, 20.51430785], [85.77493385, 20.51508345], [85.7755155, 20.51580987], [85.77581271, 20.5160481], [85.77618145, 20.51600212], [85.77639946, 20.51602937], [85.77682569, 20.51597636], [85.77722041, 20.51646965], [85.77651656, 20.51743324], [85.7749479, 20.51723822], [85.77157086, 20.51771363], [85.77006948, 20.51713646], [85.76987105, 20.51628166], [85.77191107, 20.51598466], [85.77243864, 20.51532616], [85.77278951, 20.51409857], [85.77367432, 20.51394464]], [[85.78457488, 20.51503469], [85.78448759, 20.51553012], [85.78429172, 20.51515605], [85.78457488, 20.51503469]], [[85.79809157, 20.51350862], [85.79835216, 20.51403321], [85.79793402, 20.51423589], [85.79758231, 20.51361145], [85.79809157, 20.51350862]], [[85.77040416, 20.51307259], [85.77025513, 20.51359442], [85.76987105, 20.51322503], [85.77040416, 20.51307259]]]]}, "geometry_name": "geom", "properties": {"objectid": 1284, "id": 1631, "gridcode": 1, "shape_leng": 0.20779813511, "shape_area": 0.00032529882, "from_time": "19-08-2022 18:00", "to_time": "19-08-2022 18:00"}}, {"type": "Feature", "id": "odflood50dsc19082022_1800hrs.1285", "geometry": {"type": "MultiPolygon", "coordinates": [[[[85.87417746, 20.5074043], [85.87323047, 20.50758101], [85.8723184, 20.50816117], [85.87071994, 20.50939962], [85.86886045, 20.50983245], [85.86880893, 20.51069768], [85.87106356, 20.51173259], [85.87145828, 20.51208537], [85.87166437, 20.51231573], [85.8718943, 20.51252139], [85.87224005, 20.51290845], [85.87296307, 20.51330125], [85.87530498, 20.51344091], [85.87711465, 20.51212774], [85.8748498, 20.51029338], [85.87350128, 20.5107773], [85.87298436, 20.51043538], [85.87323175, 20.50979859], [85.87486087, 20.50834299], [85.87417746, 20.5074043]]]]}, "geometry_name": "geom", "properties": {"objectid": 1285, "id": 1632, "gridcode": 1, "shape_leng": 0.02538987622, "shape_area": 2.377703e-05, "from_time": "19-08-2022 18:00", "to_time": "19-08-2022 18:00"}}, {"type": "Feature", "id": "odflood50dsc19082022_1800hrs.1286", "geometry": {"type": "MultiPolygon", "coordinates": [[[[85.78283079, 20.50718629], [85.78253741, 20.50734065], [85.78273754, 20.50790462], [85.78283079, 20.50718629]]]]}, "geometry_name": "geom", "properties": {"objectid": 1286, "id": 1633, "gridcode": 1, "shape_leng": 0.00165429377, "shape_area": 9.817e-08, "from_time": "19-08-2022 18:00", "to_time": "19-08-2022 18:00"}}, {"type": "Feature", "id": "odflood50dsc19082022_1800hrs.1287", "geometry": {"type": "MultiPolygon", "coordinates": [[[[85.59054497, 20.50609624], [85.58989605, 20.50645966], [85.5890223, 20.50713371], [85.59082771, 20.50792272], [85.5909942, 20.50679562], [85.59054497, 20.50609624]]]]}, "geometry_name": "geom", "properties": {"objectid": 1287, "id": 1634, "gridcode": 1, "shape_leng": 0.00578812885, "shape_area": 1.90854e-06, "from_time": "19-08-2022 18:00", "to_time": "19-08-2022 18:00"}}, {"type": "Feature", "id": "odflood50dsc19082022_1800hrs.1288", "geometry": {"type": "MultiPolygon", "coordinates": [[[[85.76299178, 20.5054422], [85.76210228, 20.50559698], [85.76142482, 20.50716671], [85.76180464, 20.50815521], [85.76204735, 20.50900383], [85.76271203, 20.50983372], [85.76406438, 20.51059825], [85.76477589, 20.51148669], [85.7652809, 20.51142388], [85.76555469, 20.51145795], [85.7673486, 20.51106983], [85.76787361, 20.51064935], [85.76919317, 20.50884309], [85.76850252, 20.50785012], [85.76721021, 20.50709049], [85.765705, 20.50687141], [85.76442077, 20.50575709], [85.76308886, 20.50556334], [85.76299178, 20.5054422]]]]}, "geometry_name": "geom", "properties": {"objectid": 1288, "id": 1635, "gridcode": 1, "shape_leng": 0.0212700102, "shape_area": 2.926948e-05, "from_time": "19-08-2022 18:00", "to_time": "19-08-2022 18:00"}}, {"type": "Feature", "id": "odflood50dsc19082022_1800hrs.1289", "geometry": {"type": "MultiPolygon", "coordinates": [[[[85.73356028, 20.50478817], [85.73283215, 20.5048942], [85.73265204, 20.50547201], [85.73346149, 20.5057243], [85.73356028, 20.50478817]]]]}, "geometry_name": "geom", "properties": {"objectid": 1289, "id": 1636, "gridcode": 1, "shape_leng": 0.00313022085, "shape_area": 5.9215e-07, "from_time": "19-08-2022 18:00", "to_time": "19-08-2022 18:00"}}, {"type": "Feature", "id": "odflood50dsc19082022_1800hrs.1290", "geometry": {"type": "MultiPolygon", "coordinates": [[[[85.6537682, 20.50435215], [85.6528012, 20.50451651], [85.65318741, 20.50531915], [85.65405604, 20.50508474], [85.6537682, 20.50435215]]]]}, "geometry_name": "geom", "properties": {"objectid": 1290, "id": 1637, "gridcode": 1, "shape_leng": 0.00355841019, "shape_area": 7.7173e-07, "from_time": "19-08-2022 18:00", "to_time": "19-08-2022 18:00"}}, {"type": "Feature", "id": "odflood50dsc19082022_1800hrs.1291", "geometry": {"type": "MultiPolygon", "coordinates": [[[[85.75383531, 20.5034801], [85.75343208, 20.50360146], [85.75179742, 20.50476071], [85.74992985, 20.50461061], [85.74821556, 20.50582607], [85.7478481, 20.50664936], [85.7476139, 20.5070692], [85.74741207, 20.5075957], [85.7478481, 20.50837726], [85.74804993, 20.50882947], [85.74839696, 20.50912859], [85.74915616, 20.50946732], [85.75093815, 20.51094145], [85.75050766, 20.51171364], [85.75133627, 20.51208345], [85.75223472, 20.51312603], [85.7529671, 20.51339152], [85.75415424, 20.5129555], [85.75494666, 20.51271684], [85.75585788, 20.51165914], [85.75611634, 20.50968533], [85.75639652, 20.50918331], [85.75677037, 20.50794124], [85.75715615, 20.50773941], [85.75807844, 20.50839344], [85.75846422, 20.50859528], [85.75952361, 20.50784395], [85.75982253, 20.50685119], [85.76055619, 20.50567597], [85.76046379, 20.50452737], [85.75895048, 20.50425123], [85.75831263, 20.50379903], [85.75778591, 20.5035972], [85.75625898, 20.50444923], [85.7548615, 20.50467107], [85.75383531, 20.5034801]]]]}, "geometry_name": "geom", "properties": {"objectid": 1291, "id": 1638, "gridcode": 1, "shape_leng": 0.03913105759, "shape_area": 7.469089e-05, "from_time": "19-08-2022 18:00", "to_time": "19-08-2022 18:00"}}, {"type": "Feature", "id": "odflood50dsc19082022_1800hrs.1292", "geometry": {"type": "MultiPolygon", "coordinates": [[[[85.74555089, 20.50282607], [85.74497946, 20.50301151], [85.74320855, 20.50428508], [85.74282788, 20.50468129], [85.74138398, 20.50587567], [85.74041741, 20.50554482], [85.73997628, 20.50555376], [85.73999629, 20.50655014], [85.7407193, 20.50761657], [85.74173782, 20.5079472], [85.74218704, 20.50817863], [85.74216107, 20.50945731], [85.74300416, 20.5099093], [85.74336865, 20.50804343], [85.74391793, 20.50751544], [85.74391325, 20.5072887], [85.74283639, 20.50731063], [85.74258815, 20.50705259], [85.74261242, 20.50587163], [85.74415213, 20.50549628], [85.74629945, 20.50386695], [85.74555089, 20.50282607]]]]}, "geometry_name": "geom", "properties": {"objectid": 1292, "id": 1639, "gridcode": 1, "shape_leng": 0.02383353409, "shape_area": 1.362424e-05, "from_time": "19-08-2022 18:00", "to_time": "19-08-2022 18:00"}}, {"type": "Feature", "id": "odflood50dsc19082022_1800hrs.1293", "geometry": {"type": "MultiPolygon", "coordinates": [[[[85.55261104, 20.50239005], [85.55210987, 20.5024784], [85.55249266, 20.50266682], [85.55261104, 20.50239005]]]]}, "geometry_name": "geom", "properties": {"objectid": 1293, "id": 1640, "gridcode": 1, "shape_leng": 0.00123657718, "shape_area": 6.413e-08, "from_time": "19-08-2022 18:00", "to_time": "19-08-2022 18:00"}}, {"type": "Feature", "id": "odflood50dsc19082022_1800hrs.1294", "geometry": {"type": "MultiPolygon", "coordinates": [[[[85.56263955, 20.50239005], [85.5617675, 20.50239005], [85.5617675, 20.50282607], [85.56263955, 20.50282607], [85.56263955, 20.50239005]]]]}, "geometry_name": "geom", "properties": {"objectid": 1294, "id": 1641, "gridcode": 1, "shape_leng": 0.00261613358, "shape_area": 3.8023e-07, "from_time": "19-08-2022 18:00", "to_time": "19-08-2022 18:00"}}, {"type": "Feature", "id": "odflood50dsc19082022_1800hrs.1295", "geometry": {"type": "MultiPolygon", "coordinates": [[[[85.73029011, 20.50195403], [85.72973486, 20.50205303], [85.72876403, 20.50260912], [85.72778085, 20.502046], [85.72632972, 20.50329701], [85.7258311, 20.50412583], [85.7263476, 20.5050279], [85.72679597, 20.50540048], [85.7280853, 20.50526912], [85.72898204, 20.50560614], [85.72973486, 20.50532319], [85.73080831, 20.5050081], [85.73104293, 20.50297531], [85.73029011, 20.50195403]]]]}, "geometry_name": "geom", "properties": {"objectid": 1295, "id": 1642, "gridcode": 1, "shape_leng": 0.0148134783, "shape_area": 1.380511e-05, "from_time": "19-08-2022 18:00", "to_time": "19-08-2022 18:00"}}, {"type": "Feature", "id": "odflood50dsc19082022_1800hrs.1296", "geometry": {"type": "MultiPolygon", "coordinates": [[[[85.75252724, 20.50173601], [85.7500363, 20.50212073], [85.74998903, 20.50290889], [85.75082872, 20.50336492], [85.75233776, 20.50303514], [85.75286448, 20.50228147], [85.75252724, 20.50173601]]]]}, "geometry_name": "geom", "properties": {"objectid": 1296, "id": 1643, "gridcode": 1, "shape_leng": 0.00737101916, "shape_area": 3.26343e-06, "from_time": "19-08-2022 18:00", "to_time": "19-08-2022 18:00"}}, {"type": "Feature", "id": "odflood50dsc19082022_1800hrs.1297", "geometry": {"type": "MultiPolygon", "coordinates": [[[[85.56547369, 20.50086397], [85.56481966, 20.50086397], [85.56481966, 20.50129999], [85.56547369, 20.50129999], [85.56547369, 20.50086397]]]]}, "geometry_name": "geom", "properties": {"objectid": 1297, "id": 1644, "gridcode": 1, "shape_leng": 0.00218011132, "shape_area": 2.8517e-07, "from_time": "19-08-2022 18:00", "to_time": "19-08-2022 18:00"}}, {"type": "Feature", "id": "odflood50dsc19082022_1800hrs.1298", "geometry": {"type": "MultiPolygon", "coordinates": [[[[85.66859296, 20.50086397], [85.66784993, 20.50105473], [85.66821655, 20.50182501], [85.66883567, 20.50144157], [85.66859296, 20.50086397]]]]}, "geometry_name": "geom", "properties": {"objectid": 1298, "id": 1645, "gridcode": 1, "shape_leng": 0.00297495664, "shape_area": 5.4647e-07, "from_time": "19-08-2022 18:00", "to_time": "19-08-2022 18:00"}}, {"type": "Feature", "id": "odflood50dsc19082022_1800hrs.1300", "geometry": {"type": "MultiPolygon", "coordinates": [[[[85.73748448, 20.49999193], [85.73681426, 20.50019376], [85.73651152, 20.50054504], [85.73627733, 20.50074687], [85.73607549, 20.50098107], [85.73465118, 20.50213606], [85.73406911, 20.50281159], [85.73411893, 20.50343135], [85.73517407, 20.50334661], [85.73568503, 20.50363148], [85.73605931, 20.5049404], [85.73507358, 20.5048612], [85.73454942, 20.50561529], [85.73552621, 20.50619715], [85.73627733, 20.50532511], [85.73693689, 20.50475666], [85.73714937, 20.50336301], [85.73760157, 20.50228913], [85.73795286, 20.5007424], [85.73748448, 20.49999193]]]]}, "geometry_name": "geom", "properties": {"objectid": 1300, "id": 1647, "gridcode": 1, "shape_leng": 0.01824578779, "shape_area": 1.130448e-05, "from_time": "19-08-2022 18:00", "to_time": "19-08-2022 18:00"}}, {"type": "Feature", "id": "odflood50dsc19082022_1800hrs.1301", "geometry": {"type": "MultiPolygon", "coordinates": [[[[85.74598691, 20.4995559], [85.74528817, 20.49990634], [85.74584554, 20.50101556], [85.74642804, 20.50129999], [85.7471502, 20.50093465], [85.74697605, 20.50016097], [85.74606015, 20.49970068], [85.74598691, 20.4995559]]]]}, "geometry_name": "geom", "properties": {"objectid": 1301, "id": 1648, "gridcode": 1, "shape_leng": 0.00546097233, "shape_area": 1.92127e-06, "from_time": "19-08-2022 18:00", "to_time": "19-08-2022 18:00"}}, {"type": "Feature", "id": "odflood50dsc19082022_1800hrs.1302", "geometry": {"type": "MultiPolygon", "coordinates": [[[[85.56721778, 20.49933789], [85.56648923, 20.49954079], [85.56629847, 20.50083246], [85.56755374, 20.50176348], [85.56814688, 20.50130574], [85.56755885, 20.49986887], [85.56721778, 20.49933789]]]]}, "geometry_name": "geom", "properties": {"objectid": 1302, "id": 1649, "gridcode": 1, "shape_leng": 0.00655765566, "shape_area": 2.70233e-06, "from_time": "19-08-2022 18:00", "to_time": "19-08-2022 18:00"}}, {"type": "Feature", "id": "odflood50dsc19082022_1800hrs.1303", "geometry": {"type": "MultiPolygon", "coordinates": [[[[85.63327516, 20.49933789], [85.63276504, 20.49945456], [85.63255257, 20.50007304], [85.63316019, 20.49984013], [85.63327516, 20.49933789]]]]}, "geometry_name": "geom", "properties": {"objectid": 1303, "id": 1650, "gridcode": 1, "shape_leng": 0.00234319991, "shape_area": 2.8455e-07, "from_time": "19-08-2022 18:00", "to_time": "19-08-2022 18:00"}}, {"type": "Feature", "id": "odflood50dsc19082022_1800hrs.1304", "geometry": {"type": "MultiPolygon", "coordinates": [[[[85.7065269, 20.49846585], [85.70577791, 20.49880692], [85.70454436, 20.49906708], [85.70370638, 20.5002721], [85.7020879, 20.50117821], [85.7016357, 20.50192784], [85.70237234, 20.50261636], [85.70381581, 20.50292102], [85.70489479, 20.50379307], [85.7055599, 20.50338515], [85.70644642, 20.50211051], [85.70771191, 20.50161296], [85.70870573, 20.50133619], [85.70923798, 20.50045413], [85.70861205, 20.49986887], [85.70733762, 20.49965235], [85.7065269, 20.49846585]]]]}, "geometry_name": "geom", "properties": {"objectid": 1304, "id": 1651, "gridcode": 1, "shape_leng": 0.01949378769, "shape_area": 2.011387e-05, "from_time": "19-08-2022 18:00", "to_time": "19-08-2022 18:00"}}, {"type": "Feature", "id": "odflood50dsc19082022_1800hrs.1305", "geometry": {"type": "MultiPolygon", "coordinates": [[[[85.7536173, 20.49781181], [85.75308419, 20.49796425], [85.75346827, 20.49833364], [85.7536173, 20.49781181]]]]}, "geometry_name": "geom", "properties": {"objectid": 1305, "id": 1652, "gridcode": 1, "shape_leng": 0.00163003407, "shape_area": 1.2773e-07, "from_time": "19-08-2022 18:00", "to_time": "19-08-2022 18:00"}}, {"type": "Feature", "id": "odflood50dsc19082022_1800hrs.1306", "geometry": {"type": "MultiPolygon", "coordinates": [[[[85.75056514, 20.49715778], [85.74980594, 20.49740411], [85.7497872, 20.49832789], [85.750236, 20.49879499], [85.75065456, 20.49919716], [85.75089429, 20.49966278], [85.75131711, 20.50053461], [85.75282062, 20.50056527], [85.75349808, 20.49991422], [85.75187662, 20.49895148], [85.75056514, 20.49715778]]]]}, "geometry_name": "geom", "properties": {"objectid": 1306, "id": 1653, "gridcode": 1, "shape_leng": 0.01099417086, "shape_area": 5.40373e-06, "from_time": "19-08-2022 18:00", "to_time": "19-08-2022 18:00"}}, {"type": "Feature", "id": "odflood50dsc19082022_1800hrs.1307", "geometry": {"type": "MultiPolygon", "coordinates": [[[[85.67578733, 20.49693977], [85.67525678, 20.49743136], [85.67680244, 20.4995674], [85.67675645, 20.50073325], [85.67717672, 20.50118673], [85.67894934, 20.50094828], [85.68003173, 20.4999453], [85.68009347, 20.49839218], [85.67951651, 20.49808688], [85.67817778, 20.49855612], [85.67595509, 20.49712095], [85.67578733, 20.49693977]]]]}, "geometry_name": "geom", "properties": {"objectid": 1307, "id": 1654, "gridcode": 1, "shape_leng": 0.01492753979, "shape_area": 1.046009e-05, "from_time": "19-08-2022 18:00", "to_time": "19-08-2022 18:00"}}, {"type": "Feature", "id": "odflood50dsc19082022_1800hrs.1308", "geometry": {"type": "MultiPolygon", "coordinates": [[[[85.75492537, 20.49519568], [85.75435564, 20.49565193], [85.75444804, 20.49639474], [85.75430455, 20.49754909], [85.75470608, 20.49859359], [85.75354789, 20.50017885], [85.75504715, 20.5020509], [85.75651872, 20.50178903], [85.75784212, 20.50085886], [85.75791195, 20.50029531], [85.75689769, 20.49856996], [85.75742057, 20.49721037], [85.75708163, 20.49576498], [85.75645145, 20.49568642], [85.75556705, 20.49579649], [85.75511911, 20.49543775], [85.75492537, 20.49519568]]]]}, "geometry_name": "geom", "properties": {"objectid": 1308, "id": 1655, "gridcode": 1, "shape_leng": 0.0191553843, "shape_area": 1.889313e-05, "from_time": "19-08-2022 18:00", "to_time": "19-08-2022 18:00"}}, {"type": "Feature", "id": "odflood50dsc19082022_1800hrs.1309", "geometry": {"type": "MultiPolygon", "coordinates": [[[[85.57833635, 20.49432364], [85.57758736, 20.49453228], [85.57791353, 20.49550865], [85.57863739, 20.49508923], [85.57833635, 20.49432364]]]]}, "geometry_name": "geom", "properties": {"objectid": 1309, "id": 1656, "gridcode": 1, "shape_leng": 0.00346615933, "shape_area": 7.3989e-07, "from_time": "19-08-2022 18:00", "to_time": "19-08-2022 18:00"}}, {"type": "Feature", "id": "odflood50dsc19082022_1800hrs.1310", "geometry": {"type": "MultiPolygon", "coordinates": [[[[85.60318962, 20.49214352], [85.60255006, 20.4922521], [85.60291796, 20.49441859], [85.60393861, 20.49410222], [85.6037487, 20.49332853], [85.60318962, 20.49214352]]]]}, "geometry_name": "geom", "properties": {"objectid": 1310, "id": 1657, "gridcode": 1, "shape_leng": 0.00602169032, "shape_area": 1.93457e-06, "from_time": "19-08-2022 18:00", "to_time": "19-08-2022 18:00"}}, {"type": "Feature", "id": "odflood50dsc19082022_1800hrs.1311", "geometry": {"type": "MultiPolygon", "coordinates": [[[[85.69933253, 20.4917075], [85.69835574, 20.49228191], [85.69903021, 20.49290231], [85.69949689, 20.49217695], [85.69933253, 20.4917075]]]]}, "geometry_name": "geom", "properties": {"objectid": 1311, "id": 1658, "gridcode": 1, "shape_leng": 0.00340947714, "shape_area": 6.6586e-07, "from_time": "19-08-2022 18:00", "to_time": "19-08-2022 18:00"}}, {"type": "Feature", "id": "odflood50dsc19082022_1800hrs.1313", "geometry": {"type": "MultiPolygon", "coordinates": [[[[85.72069762, 20.48298706], [85.72024031, 20.4831248], [85.71950665, 20.4839762], [85.71913535, 20.48429598], [85.71870699, 20.48506391], [85.71927246, 20.48572029], [85.71950665, 20.48592212], [85.71970848, 20.48615631], [85.71994267, 20.48635814], [85.7201445, 20.48659233], [85.7205158, 20.48691211], [85.72081472, 20.4874482], [85.72112129, 20.48846586], [85.72167058, 20.48877244], [85.72295012, 20.48900578], [85.724133, 20.48984483], [85.72515024, 20.48841051], [85.72470741, 20.48720442], [85.72478575, 20.48622933], [85.7245209, 20.48592212], [85.72428671, 20.48572029], [85.72396693, 20.4853492], [85.72307828, 20.48485335], [85.72174084, 20.48534452], [85.72107062, 20.48439902], [85.72069762, 20.48298706]]]]}, "geometry_name": "geom", "properties": {"objectid": 1313, "id": 1662, "gridcode": 1, "shape_leng": 0.02090831147, "shape_area": 2.082699e-05, "from_time": "19-08-2022 18:00", "to_time": "19-08-2022 18:00"}}, {"type": "Feature", "id": "odflood50dsc19082022_1800hrs.1314", "geometry": {"type": "MultiPolygon", "coordinates": [[[[85.71982557, 20.48080695], [85.71906466, 20.48095555], [85.71994523, 20.48265791], [85.72041914, 20.48217931], [85.71982557, 20.48080695]]]]}, "geometry_name": "geom", "properties": {"objectid": 1314, "id": 1664, "gridcode": 1, "shape_leng": 0.00486067142, "shape_area": 1.18034e-06, "from_time": "19-08-2022 18:00", "to_time": "19-08-2022 18:00"}}, {"type": "Feature", "id": "odflood50dsc19082022_1800hrs.1315", "geometry": {"type": "MultiPolygon", "coordinates": [[[[85.63044101, 20.4720865], [85.62969202, 20.47250592], [85.62995432, 20.47360279], [85.63082296, 20.47412674], [85.63162261, 20.47304818], [85.63053596, 20.47220956], [85.63044101, 20.4720865]]]]}, "geometry_name": "geom", "properties": {"objectid": 1315, "id": 1668, "gridcode": 1, "shape_leng": 0.00587135823, "shape_area": 2.2465e-06, "from_time": "19-08-2022 18:00", "to_time": "19-08-2022 18:00"}}, {"type": "Feature", "id": "odflood50dsc19082022_1800hrs.1317", "geometry": {"type": "MultiPolygon", "coordinates": [[[[85.64766389, 20.46554617], [85.64647675, 20.46588532], [85.64484806, 20.46608907], [85.64306905, 20.46683869], [85.64262834, 20.46758853], [85.64345781, 20.46895451], [85.64578908, 20.47065729], [85.64667092, 20.47029344], [85.64643417, 20.4696739], [85.6449907, 20.46879696], [85.64490426, 20.46810184], [85.64626981, 20.46727216], [85.64754041, 20.4662547], [85.64766389, 20.46554617]]]]}, "geometry_name": "geom", "properties": {"objectid": 1317, "id": 1673, "gridcode": 1, "shape_leng": 0.01811275454, "shape_area": 1.113781e-05, "from_time": "19-08-2022 18:00", "to_time": "19-08-2022 18:00"}}, {"type": "Feature", "id": "odflood50dsc19082022_1800hrs.1318", "geometry": {"type": "MultiPolygon", "coordinates": [[[[85.65267815, 20.46380208], [85.65214717, 20.46395004], [85.65100176, 20.46543375], [85.64887828, 20.46566135], [85.64879184, 20.46624661], [85.65043118, 20.46670307], [85.65272073, 20.46760322], [85.65359618, 20.46728131], [85.65372434, 20.46641246], [85.65320912, 20.4652332], [85.65301921, 20.46433305], [85.65267815, 20.46380208]], [[85.65267815, 20.46576418], [85.65255977, 20.46604095], [85.65217698, 20.46585253], [85.65267815, 20.46576418]]]]}, "geometry_name": "geom", "properties": {"objectid": 1318, "id": 1676, "gridcode": 1, "shape_leng": 0.01520023259, "shape_area": 9.29795e-06, "from_time": "19-08-2022 18:00", "to_time": "19-08-2022 18:00"}}, {"type": "Feature", "id": "odflood50dsc19082022_1800hrs.1319", "geometry": {"type": "MultiPolygon", "coordinates": [[[[85.63283913, 20.46293003], [85.632068, 20.46346697], [85.63186617, 20.46370116], [85.63149487, 20.46402094], [85.63099413, 20.46491875], [85.63123599, 20.46737967], [85.63369926, 20.46891725], [85.63467222, 20.46819445], [85.63470969, 20.46772521], [85.63404628, 20.46695515], [85.63367498, 20.46663537], [85.63310781, 20.46561855], [85.63326834, 20.46361792], [85.63283913, 20.46293003]]]]}, "geometry_name": "geom", "properties": {"objectid": 1319, "id": 1677, "gridcode": 1, "shape_leng": 0.01531478971, "shape_area": 1.17887e-05, "from_time": "19-08-2022 18:00", "to_time": "19-08-2022 18:00"}}, {"type": "Feature", "id": "odflood50dsc19082022_1800hrs.1320", "geometry": {"type": "MultiPolygon", "coordinates": [[[[85.65987251, 20.46162197], [85.65936325, 20.46187958], [85.65954933, 20.46256725], [85.66016334, 20.46220723], [85.65987251, 20.46162197]]]]}, "geometry_name": "geom", "properties": {"objectid": 1320, "id": 1679, "gridcode": 1, "shape_leng": 0.00264842267, "shape_area": 4.311e-07, "from_time": "19-08-2022 18:00", "to_time": "19-08-2022 18:00"}}, {"type": "Feature", "id": "odflood50dsc19082022_1800hrs.1321", "geometry": {"type": "MultiPolygon", "coordinates": [[[[85.7300721, 20.46074992], [85.73018408, 20.46110376], [85.7312537, 20.46209482], [85.7315194, 20.46293323], [85.73253537, 20.4634708], [85.73266907, 20.46288703], [85.73040337, 20.46085467], [85.7300721, 20.46074992]]]]}, "geometry_name": "geom", "properties": {"objectid": 1321, "id": 1680, "gridcode": 1, "shape_leng": 0.00784823133, "shape_area": 1.65601e-06, "from_time": "19-08-2022 18:00", "to_time": "19-08-2022 18:00"}}, {"type": "Feature", "id": "odflood50dsc19082022_1800hrs.1322", "geometry": {"type": "MultiPolygon", "coordinates": [[[[85.7300721, 20.46074992], [85.72999758, 20.46048422], [85.7298064, 20.46067519], [85.7300721, 20.46074992]]]]}, "geometry_name": "geom", "properties": {"objectid": 1322, "id": 1681, "gridcode": 1, "shape_leng": 0.00082218866, "shape_area": 3.251e-08, "from_time": "19-08-2022 18:00", "to_time": "19-08-2022 18:00"}}, {"type": "Feature", "id": "odflood50dsc19082022_1800hrs.1325", "geometry": {"type": "MultiPolygon", "coordinates": [[[[85.71175916, 20.45791578], [85.710994, 20.45802265], [85.71034422, 20.45892025], [85.71078152, 20.45976887], [85.71053668, 20.46020277], [85.70974128, 20.45937479], [85.70772596, 20.46006438], [85.706819, 20.45975397], [85.70596441, 20.45977143], [85.70532996, 20.46107907], [85.70506043, 20.46133817], [85.70316433, 20.4625813], [85.70293184, 20.46282316], [85.70254606, 20.46319382], [85.70136787, 20.46348102], [85.69990864, 20.46499986], [85.69810153, 20.46521702], [85.69676579, 20.46475992], [85.69545644, 20.46478653], [85.69486543, 20.46546058], [85.69532317, 20.46634881], [85.69529677, 20.46762813], [85.69442515, 20.46805117], [85.69390865, 20.46831708], [85.69427356, 20.47009864], [85.69486543, 20.4706673], [85.69507918, 20.47088957], [85.69530145, 20.47110332], [85.6955152, 20.47132559], [85.69573747, 20.47153934], [85.69612453, 20.47194215], [85.69638725, 20.47328769], [85.69704554, 20.47480951], [85.69725929, 20.47706648], [85.69593377, 20.47963961], [85.6954969, 20.48005902], [85.69336107, 20.48001538], [85.69144495, 20.47923829], [85.69062443, 20.4796609], [85.69027911, 20.48072498], [85.68920097, 20.48176096], [85.68897913, 20.48244416], [85.68852991, 20.48331642], [85.68856142, 20.48485058], [85.6874918, 20.48587826], [85.68623696, 20.48544884], [85.68549095, 20.48658637], [85.68508559, 20.48701813], [85.68483692, 20.48549206], [85.68459634, 20.48526106], [85.68271429, 20.48529938], [85.68200277, 20.48505603], [85.68132319, 20.48484228], [85.68046349, 20.48528512], [85.68047712, 20.48594554], [85.68091272, 20.4863641], [85.68113924, 20.4866], [85.68112604, 20.4872536], [85.6806632, 20.48769835], [85.67937812, 20.48832173], [85.67887057, 20.48885015], [85.67939132, 20.48986101], [85.67992954, 20.48984994], [85.68027188, 20.48985696], [85.68069045, 20.49029256], [85.68091272, 20.49050631], [85.68112647, 20.49072858], [85.68134874, 20.49094233], [85.68156249, 20.4911646], [85.68178476, 20.49137836], [85.68250054, 20.49234387], [85.68346881, 20.49327403], [85.68544454, 20.49355847], [85.68696636, 20.49232981], [85.68784777, 20.49278393], [85.68743985, 20.49357571], [85.68622716, 20.49416396], [85.68591888, 20.49511371], [85.6844571, 20.49651822], [85.68394784, 20.4972951], [85.6839653, 20.49815416], [85.68440089, 20.49857272], [85.68461465, 20.49879499], [85.68488035, 20.49905048], [85.6857277, 20.49944477], [85.68788652, 20.49813564], [85.68893442, 20.49849438], [85.6896289, 20.4981367], [85.69019011, 20.49792295], [85.69118862, 20.49859976], [85.69212496, 20.49905409], [85.69268106, 20.49968833], [85.69224504, 20.50053482], [85.6921586, 20.50140687], [85.69413305, 20.50060593], [85.69642089, 20.49942731], [85.69682327, 20.49900875], [85.69704554, 20.49879499], [85.69725929, 20.49820291], [85.69635744, 20.49792295], [85.69461974, 20.4985178], [85.69377537, 20.49782906], [85.6961735, 20.49552483], [85.69638725, 20.49530256], [85.69734658, 20.49467343], [85.69703277, 20.49375604], [85.69705874, 20.49248757], [85.69659206, 20.49179948], [85.69551308, 20.49127574], [85.69465679, 20.49083482], [85.69526483, 20.48985654], [85.69682497, 20.49116609], [85.69729293, 20.49092488], [85.69790907, 20.49028383], [85.69836255, 20.48984802], [85.69878963, 20.48985675], [85.69923459, 20.48962746], [85.69920777, 20.4883213], [85.7006406, 20.48835047], [85.70195505, 20.48832365], [85.70227355, 20.48701813], [85.70249582, 20.48636836], [85.70270957, 20.48571007], [85.70336786, 20.48462427], [85.70375109, 20.48383441], [85.70467593, 20.48353421], [85.7059214, 20.483029], [85.70619775, 20.48237262], [85.70465847, 20.48046588], [85.70468274, 20.47928321], [85.70401764, 20.47830195], [85.70380389, 20.47783186], [85.70423991, 20.47655786], [85.70445536, 20.47435752], [85.70493184, 20.47343246], [85.70686285, 20.47296174], [85.70684753, 20.47371264], [85.70937509, 20.47502752], [85.71035274, 20.47436476], [85.71122052, 20.47438243], [85.71164803, 20.47393747], [85.71195546, 20.47372371], [85.7135684, 20.47494747], [85.71448643, 20.47524553], [85.71557223, 20.47590382], [85.71623052, 20.47611758], [85.71669592, 20.4763573], [85.71709831, 20.47677587], [85.71798738, 20.47742564], [85.71842979, 20.47696535], [85.7188424, 20.47566878], [85.71784559, 20.47471115], [85.71834463, 20.47423191], [85.71797035, 20.47350549], [85.71797929, 20.47305222], [85.7188556, 20.47307011], [85.71883814, 20.47393534], [85.71928268, 20.4745915], [85.71949643, 20.4754678], [85.72124478, 20.47568156], [85.72174382, 20.47593853], [85.72145853, 20.47677182], [85.72146279, 20.47699175], [85.7214581, 20.47723425], [85.71973914, 20.47719912], [85.71892245, 20.47747866], [85.71862013, 20.47810139], [85.71862907, 20.47853784], [85.71954412, 20.47988785], [85.72050218, 20.47955998], [85.72105615, 20.47984548], [85.7214845, 20.4802913], [85.72198823, 20.48132941], [85.72373147, 20.48073264], [85.72407466, 20.48179013], [85.72430587, 20.48223935], [85.72519963, 20.48222104], [85.72603676, 20.48134984], [85.7276331, 20.4798161], [85.7282816, 20.4798293], [85.72923327, 20.48111289], [85.73083727, 20.4824399], [85.7311579, 20.4827733], [85.73162969, 20.483227], [85.73345894, 20.48243543], [85.73388729, 20.48244416], [85.73412063, 20.48243947], [85.73455666, 20.48198578], [85.73453877, 20.48111863], [85.73397373, 20.48057595], [85.73301312, 20.48026405], [85.73247788, 20.47998834], [85.73124774, 20.47832899], [85.72974295, 20.47808394], [85.72865715, 20.47742564], [85.72603676, 20.47721189], [85.7255011, 20.47693597], [85.72632461, 20.47557787], [85.72538188, 20.4737482], [85.7253921, 20.47325725], [85.72624966, 20.4724331], [85.72865715, 20.47219764], [85.72935632, 20.47195833], [85.73083301, 20.47198857], [85.73170505, 20.47153934], [85.73239315, 20.47132559], [85.73355176, 20.47253125], [85.73429053, 20.47324128], [85.73525497, 20.47258746], [85.73495904, 20.47056085], [85.73386856, 20.46912376], [85.73135504, 20.46917507], [85.73061925, 20.46892321], [85.72756284, 20.46870946], [85.72630204, 20.46827791], [85.7242948, 20.46914654], [85.72370762, 20.46884401], [85.72341893, 20.46736541], [85.72243064, 20.46641608], [85.72122987, 20.4668272], [85.72037273, 20.46584976], [85.7208177, 20.46498581], [85.72211256, 20.46501221], [85.72233057, 20.46455021], [85.72153773, 20.46378845], [85.71974297, 20.46451636], [85.71884665, 20.46390895], [85.71723243, 20.4636952], [85.7157945, 20.46456725], [85.71317411, 20.464781], [85.71220157, 20.46528196], [85.71163483, 20.46498986], [85.71165314, 20.46409184], [85.71361439, 20.46325918], [85.71413812, 20.46298943], [85.71354626, 20.46183998], [85.71421094, 20.46054937], [85.71274617, 20.45914188], [85.71248132, 20.4583254], [85.71186604, 20.45802691], [85.71175916, 20.45791578]], [[85.71197717, 20.47317656], [85.71190266, 20.47344226], [85.71171147, 20.47325128], [85.71197717, 20.47317656]], [[85.7163374, 20.47121446], [85.71666228, 20.47216357], [85.71634676, 20.47350144], [85.71535422, 20.47328769], [85.71492245, 20.47306542], [85.71339638, 20.47269327], [85.71378599, 20.47217911], [85.71579024, 20.47221999], [85.71557649, 20.47175736], [85.71514643, 20.4713439], [85.7163374, 20.47121446]], [[85.71023309, 20.47252252], [85.71068401, 20.4732664], [85.70969019, 20.47269859], [85.71023309, 20.47252252]], [[85.69104811, 20.48865535], [85.69126867, 20.48918079], [85.69053714, 20.49030406], [85.69011858, 20.49048843], [85.69049797, 20.4887965], [85.69104811, 20.48865535]], [[85.69431827, 20.4838591], [85.69456098, 20.4844367], [85.69394186, 20.48482014], [85.69357525, 20.48404986], [85.69431827, 20.4838591]], [[85.7026027, 20.48167899], [85.70269978, 20.48180013], [85.70330783, 20.48228704], [85.70289394, 20.48336347], [85.70123076, 20.48469559], [85.70048986, 20.48460341], [85.69923545, 20.48291339], [85.7003255, 20.48245417], [85.70145345, 20.48179119], [85.7026027, 20.48167899]], [[85.69758844, 20.48015291], [85.69743941, 20.48067473], [85.69705533, 20.48030535], [85.69758844, 20.48015291]], [[85.71066911, 20.46947037], [85.71077385, 20.46958363], [85.71185284, 20.47028024], [85.7104511, 20.47022468], [85.71012025, 20.47023788], [85.70991033, 20.46971073], [85.71066911, 20.46947037]], [[85.70630888, 20.46183998], [85.70623437, 20.46210568], [85.70604318, 20.46191471], [85.70630888, 20.46183998]], [[85.70718093, 20.4603139], [85.70734699, 20.46098944], [85.70666954, 20.46127494], [85.7064379, 20.46050466], [85.70718093, 20.4603139]]]]}, "geometry_name": "geom", "properties": {"objectid": 1325, "id": 1686, "gridcode": 1, "shape_leng": 0.31220972969, "shape_area": 0.00075824064, "from_time": "19-08-2022 18:00", "to_time": "19-08-2022 18:00"}}, {"type": "Feature", "id": "odflood50dsc19082022_1800hrs.1326", "geometry": {"type": "MultiPolygon", "coordinates": [[[[85.62172057, 20.45704373], [85.62051938, 20.45715061], [85.6198564, 20.45759983], [85.61987215, 20.45836713], [85.62138929, 20.45910313], [85.6207838, 20.45976674], [85.61921642, 20.45850126], [85.61790324, 20.45824492], [85.6164883, 20.45767115], [85.61507336, 20.45824492], [85.61441506, 20.45845868], [85.61367374, 20.45896112], [85.61332927, 20.4605087], [85.61420131, 20.46194685], [85.6144189, 20.46306182], [85.61485534, 20.46390895], [85.6150691, 20.46447016], [85.61441506, 20.46543503], [85.61420131, 20.46609332], [85.61303248, 20.46879547], [85.61362648, 20.46994876], [85.61507336, 20.47023128], [85.6167787, 20.47126534], [85.61792624, 20.47153934], [85.6201634, 20.47018252], [85.6209554, 20.47045355], [85.6218334, 20.47073841], [85.62299372, 20.47152508], [85.62347189, 20.47299921], [85.62510187, 20.47415548], [85.62555066, 20.47462258], [85.62552895, 20.47568368], [85.6255413, 20.47628811], [85.62773588, 20.4765536], [85.62770523, 20.47504434], [85.62815871, 20.47416399], [85.62786277, 20.4735898], [85.62632775, 20.47321552], [85.62573887, 20.47260257], [85.62575846, 20.47164388], [85.62713721, 20.47130792], [85.62895709, 20.47037009], [85.62923982, 20.46892321], [85.62968691, 20.46782059], [85.62880763, 20.46611398], [85.62859005, 20.46499901], [85.62813699, 20.4638817], [85.62816722, 20.46240417], [85.62749573, 20.46129708], [85.62728198, 20.46042078], [85.62696646, 20.45980805], [85.6248796, 20.45955299], [85.62419065, 20.45850211], [85.62313551, 20.45824492], [85.62267011, 20.4580052], [85.62216085, 20.4574755], [85.62182744, 20.45715487], [85.62172057, 20.45704373]], [[85.62673482, 20.46489213], [85.62729177, 20.46564304], [85.62750382, 20.46781548], [85.62840823, 20.46894578], [85.62833499, 20.46953381], [85.62663859, 20.46978525], [85.62549872, 20.468362], [85.62426346, 20.46761152], [85.62489365, 20.46653935], [85.62508782, 20.46586105], [85.62565882, 20.46507949], [85.62673482, 20.46489213]], [[85.62106653, 20.46489213], [85.62115552, 20.46502115], [85.62141356, 20.46519914], [85.62200756, 20.46605969], [85.62177422, 20.46710056], [85.62077486, 20.46737925], [85.61993262, 20.4668306], [85.62036438, 20.46507225], [85.62106653, 20.46489213]], [[85.62390068, 20.46009589], [85.62414338, 20.46067349], [85.62352427, 20.46105693], [85.62315765, 20.46028665], [85.62390068, 20.46009589]]]]}, "geometry_name": "geom", "properties": {"objectid": 1326, "id": 1687, "gridcode": 1, "shape_leng": 0.09580495582, "shape_area": 0.00017887917, "from_time": "19-08-2022 18:00", "to_time": "19-08-2022 18:00"}}, {"type": "Feature", "id": "odflood50dsc19082022_1800hrs.1327", "geometry": {"type": "MultiPolygon", "coordinates": [[[[85.56721778, 20.4563897], [85.56581263, 20.45656534], [85.56613539, 20.45756257], [85.56683584, 20.45764965], [85.56735957, 20.45675866], [85.56721778, 20.4563897]]]]}, "geometry_name": "geom", "properties": {"objectid": 1327, "id": 1688, "gridcode": 1, "shape_leng": 0.00459887287, "shape_area": 1.34665e-06, "from_time": "19-08-2022 18:00", "to_time": "19-08-2022 18:00"}}, {"type": "Feature", "id": "odflood50dsc19082022_1800hrs.1331", "geometry": {"type": "MultiPolygon", "coordinates": [[[[85.6184504, 20.45355555], [85.61791942, 20.45367861], [85.61585896, 20.45402862], [85.61543316, 20.45511123], [85.61626007, 20.45572438], [85.61716447, 20.45455236], [85.61791942, 20.45424344], [85.6184504, 20.45355555]]]]}, "geometry_name": "geom", "properties": {"objectid": 1331, "id": 1692, "gridcode": 1, "shape_leng": 0.00799288056, "shape_area": 2.71123e-06, "from_time": "19-08-2022 18:00", "to_time": "19-08-2022 18:00"}}, {"type": "Feature", "id": "odflood50dsc19082022_1800hrs.1333", "geometry": {"type": "MultiPolygon", "coordinates": [[[[85.62368267, 20.45290152], [85.62203012, 20.45304267], [85.62206078, 20.45355555], [85.62203012, 20.45406801], [85.62243123, 20.4545168], [85.62454407, 20.45569777], [85.62487577, 20.45606886], [85.6251057, 20.45627452], [85.62545145, 20.45666157], [85.62596582, 20.4569409], [85.62675526, 20.45730326], [85.62752852, 20.45799413], [85.62873184, 20.45934094], [85.63147784, 20.4614691], [85.63339012, 20.4617248], [85.63458705, 20.46215422], [85.63555831, 20.46221213], [85.63535222, 20.46194281], [85.63490428, 20.46173715], [85.63448018, 20.46150679], [85.63381422, 20.46130112], [85.63277441, 20.46057492], [85.63165838, 20.45996857], [85.63072247, 20.45953894], [85.62948977, 20.45815912], [85.6274391, 20.45655981], [85.62594112, 20.4552213], [85.62495198, 20.45411421], [85.62384532, 20.4537725], [85.62368267, 20.45290152]]]]}, "geometry_name": "geom", "properties": {"objectid": 1333, "id": 1695, "gridcode": 1, "shape_leng": 0.03454676297, "shape_area": 1.890036e-05, "from_time": "19-08-2022 18:00", "to_time": "19-08-2022 18:00"}}, {"type": "Feature", "id": "odflood50dsc19082022_1800hrs.1335", "geometry": {"type": "MultiPolygon", "coordinates": [[[[85.6792755, 20.45159345], [85.67788185, 20.45173567], [85.67780606, 20.45268351], [85.67852056, 20.45300244], [85.6797375, 20.45400903], [85.68012157, 20.45332072], [85.67972771, 20.4520133], [85.67937642, 20.45171055], [85.6792755, 20.45159345]]]]}, "geometry_name": "geom", "properties": {"objectid": 1335, "id": 1697, "gridcode": 1, "shape_leng": 0.0074855088, "shape_area": 3.34664e-06, "from_time": "19-08-2022 18:00", "to_time": "19-08-2022 18:00"}}, {"type": "Feature", "id": "odflood50dsc19082022_1800hrs.1337", "geometry": {"type": "MultiPolygon", "coordinates": [[[[85.7143753, 20.45006738], [85.71342746, 20.4501751], [85.71507276, 20.45124643], [85.71553007, 20.45064988], [85.71451539, 20.45027027], [85.7143753, 20.45006738]]]]}, "geometry_name": "geom", "properties": {"objectid": 1337, "id": 1699, "gridcode": 1, "shape_leng": 0.00499888992, "shape_area": 9.9763e-07, "from_time": "19-08-2022 18:00", "to_time": "19-08-2022 18:00"}}, {"type": "Feature", "id": "odflood50dsc19082022_1800hrs.1338", "geometry": {"type": "MultiPolygon", "coordinates": [[[[85.69344623, 20.44745124], [85.69225526, 20.44813785], [85.6927015, 20.448807], [85.6936455, 20.44799393], [85.69344623, 20.44745124]]]]}, "geometry_name": "geom", "properties": {"objectid": 1338, "id": 1701, "gridcode": 1, "shape_leng": 0.00400301316, "shape_area": 8.8883e-07, "from_time": "19-08-2022 18:00", "to_time": "19-08-2022 18:00"}}, {"type": "Feature", "id": "odflood50dsc19082022_1800hrs.1339", "geometry": {"type": "MultiPolygon", "coordinates": [[[[85.70282071, 20.44723323], [85.7018635, 20.4473367], [85.70245068, 20.44819044], [85.70307661, 20.44781658], [85.70282071, 20.44723323]]]]}, "geometry_name": "geom", "properties": {"objectid": 1339, "id": 1702, "gridcode": 1, "shape_leng": 0.00336504295, "shape_area": 6.6938e-07, "from_time": "19-08-2022 18:00", "to_time": "19-08-2022 18:00"}}, {"type": "Feature", "id": "odflood50dsc19082022_1800hrs.1342", "geometry": {"type": "MultiPolygon", "coordinates": [[[[85.70042258, 20.44636119], [85.69923545, 20.44650958], [85.70006023, 20.4473301], [85.70095569, 20.44708271], [85.70076152, 20.44667607], [85.70051967, 20.44648233], [85.70042258, 20.44636119]]]]}, "geometry_name": "geom", "properties": {"objectid": 1342, "id": 1706, "gridcode": 1, "shape_leng": 0.00420454383, "shape_area": 9.7032e-07, "from_time": "19-08-2022 18:00", "to_time": "19-08-2022 18:00"}}, {"type": "Feature", "id": "odflood50dsc19082022_1800hrs.1346", "geometry": {"type": "MultiPolygon", "coordinates": [[[[85.57484817, 20.44287301], [85.57411877, 20.44296775], [85.57470042, 20.4431534], [85.57484817, 20.44287301]]]]}, "geometry_name": "geom", "properties": {"objectid": 1346, "id": 1715, "gridcode": 1, "shape_leng": 0.00166302318, "shape_area": 9.526e-08, "from_time": "19-08-2022 18:00", "to_time": "19-08-2022 18:00"}}, {"type": "Feature", "id": "odflood50dsc19082022_1800hrs.1350", "geometry": {"type": "MultiPolygon", "coordinates": [[[[85.64831792, 20.44221898], [85.64735391, 20.44233671], [85.6469149, 20.44306483], [85.64795855, 20.44405802], [85.6489694, 20.44378401], [85.64938584, 20.44309315], [85.64841288, 20.44234203], [85.64831792, 20.44221898]]]]}, "geometry_name": "geom", "properties": {"objectid": 1350, "id": 1719, "gridcode": 1, "shape_leng": 0.00650069724, "shape_area": 2.87021e-06, "from_time": "19-08-2022 18:00", "to_time": "19-08-2022 18:00"}}, {"type": "Feature", "id": "odflood50dsc19082022_1800hrs.1351", "geometry": {"type": "MultiPolygon", "coordinates": [[[[85.66314268, 20.44025688], [85.6610835, 20.44051449], [85.6614169, 20.44140399], [85.66228298, 20.44151172], [85.66302814, 20.44091495], [85.66314268, 20.44025688]]]]}, "geometry_name": "geom", "properties": {"objectid": 1351, "id": 1723, "gridcode": 1, "shape_leng": 0.00552056089, "shape_area": 1.75948e-06, "from_time": "19-08-2022 18:00", "to_time": "19-08-2022 18:00"}}, {"type": "Feature", "id": "odflood50dsc19082022_1800hrs.1353", "geometry": {"type": "MultiPolygon", "coordinates": [[[[85.66423274, 20.43938483], [85.66304177, 20.43951428], [85.66347183, 20.43992773], [85.66409989, 20.44058112], [85.66477095, 20.44059496], [85.66478032, 20.44013744], [85.66433961, 20.43971398], [85.66423274, 20.43938483]]]]}, "geometry_name": "geom", "properties": {"objectid": 1353, "id": 1726, "gridcode": 1, "shape_leng": 0.00478693042, "shape_area": 1.17432e-06, "from_time": "19-08-2022 18:00", "to_time": "19-08-2022 18:00"}}, {"type": "Feature", "id": "odflood50dsc19082022_1800hrs.1357", "geometry": {"type": "MultiPolygon", "coordinates": [[[[85.67295318, 20.43807676], [85.67169919, 20.43829499], [85.67023996, 20.43946339], [85.6707471, 20.43978423], [85.67242008, 20.43863393], [85.67261424, 20.43839165], [85.6728561, 20.43819791], [85.67295318, 20.43807676]]]]}, "geometry_name": "geom", "properties": {"objectid": 1357, "id": 1732, "gridcode": 1, "shape_leng": 0.00654820066, "shape_area": 1.51442e-06, "from_time": "19-08-2022 18:00", "to_time": "19-08-2022 18:00"}}, {"type": "Feature", "id": "odflood50dsc19082022_1800hrs.1358", "geometry": {"type": "MultiPolygon", "coordinates": [[[[85.66902898, 20.43764074], [85.66829958, 20.43773548], [85.66865853, 20.43836993], [85.66923975, 20.43807378], [85.66902898, 20.43764074]]]]}, "geometry_name": "geom", "properties": {"objectid": 1358, "id": 1733, "gridcode": 1, "shape_leng": 0.00259840941, "shape_area": 4.0544e-07, "from_time": "19-08-2022 18:00", "to_time": "19-08-2022 18:00"}}, {"type": "Feature", "id": "odflood50dsc19082022_1800hrs.1370", "geometry": {"type": "MultiPolygon", "coordinates": [[[[85.6792755, 20.4348066], [85.67852865, 20.43493051], [85.67942709, 20.43598969], [85.68089441, 20.43573293], [85.68027273, 20.43511765], [85.67936833, 20.43493157], [85.6792755, 20.4348066]]]]}, "geometry_name": "geom", "properties": {"objectid": 1370, "id": 1745, "gridcode": 1, "shape_leng": 0.00558928825, "shape_area": 1.50087e-06, "from_time": "19-08-2022 18:00", "to_time": "19-08-2022 18:00"}}, {"type": "Feature", "id": "odflood50dsc19082022_1800hrs.1372", "geometry": {"type": "MultiPolygon", "coordinates": [[[[85.67295318, 20.43415256], [85.67170899, 20.43424347], [85.67090209, 20.43480064], [85.67113585, 20.43554962], [85.67216417, 20.43533587], [85.67284034, 20.43486898], [85.67295318, 20.43415256]]]]}, "geometry_name": "geom", "properties": {"objectid": 1372, "id": 1747, "gridcode": 1, "shape_leng": 0.00560994837, "shape_area": 1.89375e-06, "from_time": "19-08-2022 18:00", "to_time": "19-08-2022 18:00"}}, {"type": "Feature", "id": "odflood50dsc19082022_1800hrs.1374", "geometry": {"type": "MultiPolygon", "coordinates": [[[[85.65660235, 20.43371654], [85.65540329, 20.43449278], [85.65432132, 20.43381746], [85.6537946, 20.43361563], [85.65289701, 20.43411658], [85.65257723, 20.43448767], [85.65234304, 20.4346895], [85.65204413, 20.43503653], [85.65162428, 20.4359767], [85.65038094, 20.43686961], [85.65017911, 20.4371038], [85.64889872, 20.43820685], [85.64910353, 20.44075698], [85.65180653, 20.44111061], [85.6526262, 20.4405296], [85.65254274, 20.43949384], [85.65260661, 20.43869908], [85.65392021, 20.43841187], [85.65379929, 20.43991964], [85.65341649, 20.44060518], [85.65345651, 20.44110337], [85.65422296, 20.44166586], [85.65584868, 20.4407589], [85.65680886, 20.44083597], [85.65880715, 20.439721], [85.66014332, 20.43941741], [85.66054826, 20.43719769], [85.65953741, 20.43557773], [85.65933558, 20.43490751], [85.65906477, 20.43442188], [85.65765962, 20.43453472], [85.65698131, 20.43415618], [85.65660235, 20.43371654]]]]}, "geometry_name": "geom", "properties": {"objectid": 1374, "id": 1749, "gridcode": 1, "shape_leng": 0.0380029369, "shape_area": 6.098785e-05, "from_time": "19-08-2022 18:00", "to_time": "19-08-2022 18:00"}}, {"type": "Feature", "id": "odflood50dsc19082022_1800hrs.1376", "geometry": {"type": "MultiPolygon", "coordinates": [[[[85.6027536, 20.4328445], [85.60135058, 20.43295435], [85.60223369, 20.43402951], [85.60338421, 20.4336895], [85.6027536, 20.4328445]]]]}, "geometry_name": "geom", "properties": {"objectid": 1376, "id": 1751, "gridcode": 1, "shape_leng": 0.00505274584, "shape_area": 1.39604e-06, "from_time": "19-08-2022 18:00", "to_time": "19-08-2022 18:00"}}, {"type": "Feature", "id": "odflood50dsc19082022_1800hrs.1377", "geometry": {"type": "MultiPolygon", "coordinates": [[[[85.6419956, 20.4328445], [85.64148634, 20.43299012], [85.64100263, 20.43337739], [85.6407118, 20.4337406], [85.63929856, 20.43414469], [85.63923555, 20.43465118], [85.63991257, 20.43514575], [85.64129601, 20.43538633], [85.6419709, 20.43631032], [85.64183678, 20.43738803], [85.64238862, 20.43807719], [85.64306053, 20.43847212], [85.64412121, 20.4380642], [85.6452564, 20.4394817], [85.64590405, 20.43912147], [85.64636817, 20.43791304], [85.64486296, 20.43670738], [85.644022, 20.4353231], [85.64318274, 20.4342737], [85.64255255, 20.43337739], [85.64218934, 20.43308657], [85.6419956, 20.4328445]]]]}, "geometry_name": "geom", "properties": {"objectid": 1377, "id": 1752, "gridcode": 1, "shape_leng": 0.02148104127, "shape_area": 1.80049e-05, "from_time": "19-08-2022 18:00", "to_time": "19-08-2022 18:00"}}, {"type": "Feature", "id": "odflood50dsc19082022_1800hrs.1380", "geometry": {"type": "MultiPolygon", "coordinates": [[[[85.60013746, 20.43219046], [85.59851047, 20.43235653], [85.59885239, 20.43338143], [85.60045213, 20.43304739], [85.60013746, 20.43219046]]]]}, "geometry_name": "geom", "properties": {"objectid": 1380, "id": 1757, "gridcode": 1, "shape_leng": 0.00526300513, "shape_area": 1.60014e-06, "from_time": "19-08-2022 18:00", "to_time": "19-08-2022 18:00"}}, {"type": "Feature", "id": "odflood50dsc19082022_1800hrs.1381", "geometry": {"type": "MultiPolygon", "coordinates": [[[[85.68908601, 20.43175444], [85.68815733, 20.43187601], [85.68717287, 20.4325739], [85.68616415, 20.432493], [85.68559868, 20.43280852], [85.6852789, 20.4331796], [85.68493187, 20.43347873], [85.68417266, 20.43381746], [85.68390356, 20.43413], [85.68424846, 20.43506974], [85.68509538, 20.43626412], [85.68603385, 20.43618854], [85.68718437, 20.43628115], [85.68766084, 20.43543891], [85.68635278, 20.4351417], [85.68593293, 20.43483321], [85.68644134, 20.43392199], [85.68763913, 20.43356134], [85.6883796, 20.43362095], [85.68953523, 20.43496202], [85.69028209, 20.43468759], [85.69114902, 20.43393093], [85.68978049, 20.43275188], [85.68908601, 20.43175444]]]]}, "geometry_name": "geom", "properties": {"objectid": 1381, "id": 1759, "gridcode": 1, "shape_leng": 0.02316135311, "shape_area": 1.482574e-05, "from_time": "19-08-2022 18:00", "to_time": "19-08-2022 18:00"}}, {"type": "Feature", "id": "odflood50dsc19082022_1800hrs.1408", "geometry": {"type": "MultiPolygon", "coordinates": [[[[85.73639442, 20.42325201], [85.73518131, 20.42334696], [85.73368333, 20.42359308], [85.7317553, 20.4237998], [85.73166673, 20.42439678], [85.73260775, 20.42509424], [85.73411936, 20.42530906], [85.73492923, 20.42562735], [85.73779744, 20.42609871], [85.73760753, 20.42552707], [85.73718216, 20.42482173], [85.7369535, 20.42400099], [85.73639442, 20.42325201]]]]}, "geometry_name": "geom", "properties": {"objectid": 1408, "id": 1788, "gridcode": 1, "shape_leng": 0.01496512033, "shape_area": 1.054178e-05, "from_time": "19-08-2022 18:00", "to_time": "19-08-2022 18:00"}}, {"type": "Feature", "id": "odflood50dsc19082022_1800hrs.1411", "geometry": {"type": "MultiPolygon", "coordinates": [[[[85.58487668, 20.42194394], [85.58346174, 20.42209766], [85.58379472, 20.42305018], [85.58411577, 20.42335888], [85.58432953, 20.42358115], [85.5845518, 20.42379491], [85.58476555, 20.42401718], [85.58498782, 20.42423093], [85.58636912, 20.42597289], [85.58781771, 20.42685132], [85.58877832, 20.42716322], [85.58913003, 20.4275011], [85.58934378, 20.42772336], [85.58956605, 20.42793712], [85.58996844, 20.42835568], [85.59043384, 20.42859541], [85.59152815, 20.42880916], [85.5923772, 20.42924646], [85.59370826, 20.4294632], [85.59479406, 20.4303395], [85.59636187, 20.43084833], [85.59599099, 20.432295], [85.59669442, 20.43230926], [85.59828224, 20.43199928], [85.59763246, 20.4314253], [85.59675872, 20.4310012], [85.59641893, 20.42995436], [85.5890074, 20.4261364], [85.5863176, 20.42333696], [85.58498356, 20.42205508], [85.58487668, 20.42194394]]]]}, "geometry_name": "geom", "properties": {"objectid": 1411, "id": 1791, "gridcode": 1, "shape_leng": 0.03868657969, "shape_area": 2.208865e-05, "from_time": "19-08-2022 18:00", "to_time": "19-08-2022 18:00"}}, {"type": "Feature", "id": "odflood50dsc19082022_1800hrs.1412", "geometry": {"type": "MultiPolygon", "coordinates": [[[[85.74903907, 20.42150792], [85.74870609, 20.42161075], [85.74762796, 20.42205912], [85.74521791, 20.42248279], [85.7445758, 20.42271315], [85.74325581, 20.42291882], [85.74246807, 20.42320134], [85.7412473, 20.4224466], [85.74020493, 20.42250877], [85.73956154, 20.42343233], [85.74160455, 20.42422688], [85.7429718, 20.42373636], [85.74372845, 20.42426478], [85.74368843, 20.42493585], [85.74172973, 20.42575296], [85.74120599, 20.42603761], [85.74131883, 20.42793392], [85.74326773, 20.42902313], [85.74428838, 20.42981406], [85.74460092, 20.43115768], [85.745424, 20.43142125], [85.746962, 20.43011318], [85.74749085, 20.42990752], [85.74870609, 20.43034354], [85.75024409, 20.43054921], [85.7508862, 20.43077957], [85.7524242, 20.43098523], [85.75298371, 20.43128904], [85.75350233, 20.43186962], [85.75499946, 20.43320749], [85.75529667, 20.43448363], [85.75678442, 20.43556346], [85.75699051, 20.43579382], [85.7572609, 20.43603546], [85.75789918, 20.43599736], [85.7584012, 20.43490325], [85.75945591, 20.43423283], [85.76026664, 20.43428116], [85.76078527, 20.43425007], [85.76038885, 20.43314554], [85.76059153, 20.42974039], [85.7602445, 20.42877297], [85.76139076, 20.4277487], [85.76133072, 20.42674019], [85.76137458, 20.42600376], [85.76101903, 20.42501313], [85.76039651, 20.42412192], [85.75787448, 20.42445724], [85.75510676, 20.42467398], [85.75397242, 20.42546618], [85.75259069, 20.42471549], [85.7510033, 20.42348513], [85.75193921, 20.42227713], [85.75145933, 20.4216231], [85.75018022, 20.4220819], [85.74951682, 20.42204251], [85.74903907, 20.42150792]]]]}, "geometry_name": "geom", "properties": {"objectid": 1412, "id": 1792, "gridcode": 1, "shape_leng": 0.07178169846, "shape_area": 0.00016207724, "from_time": "19-08-2022 18:00", "to_time": "19-08-2022 18:00"}}, {"type": "Feature", "id": "odflood50dsc19082022_1800hrs.1415", "geometry": {"type": "MultiPolygon", "coordinates": [[[[85.56460165, 20.42128991], [85.56394762, 20.42128991], [85.56394762, 20.42194394], [85.56460165, 20.42194394], [85.56460165, 20.42128991]]]]}, "geometry_name": "geom", "properties": {"objectid": 1415, "id": 1795, "gridcode": 1, "shape_leng": 0.00261613358, "shape_area": 4.2776e-07, "from_time": "19-08-2022 18:00", "to_time": "19-08-2022 18:00"}}, {"type": "Feature", "id": "odflood50dsc19082022_1800hrs.1418", "geometry": {"type": "MultiPolygon", "coordinates": [[[[85.56198552, 20.4210719], [85.56104023, 20.42115855], [85.56118841, 20.42165865], [85.5619225, 20.42201718], [85.56220736, 20.42151771], [85.56198552, 20.4210719]]]]}, "geometry_name": "geom", "properties": {"objectid": 1418, "id": 1798, "gridcode": 1, "shape_leng": 0.00336075261, "shape_area": 7.1995e-07, "from_time": "19-08-2022 18:00", "to_time": "19-08-2022 18:00"}}, {"type": "Feature", "id": "odflood50dsc19082022_1800hrs.1419", "geometry": {"type": "MultiPolygon", "coordinates": [[[[85.56002342, 20.42085388], [85.55936938, 20.42085388], [85.55936938, 20.42150792], [85.56002342, 20.42150792], [85.56002342, 20.42085388]]]]}, "geometry_name": "geom", "properties": {"objectid": 1419, "id": 1800, "gridcode": 1, "shape_leng": 0.00261613358, "shape_area": 4.2776e-07, "from_time": "19-08-2022 18:00", "to_time": "19-08-2022 18:00"}}, {"type": "Feature", "id": "odflood50dsc19082022_1800hrs.1429", "geometry": {"type": "MultiPolygon", "coordinates": [[[[85.71023309, 20.41845576], [85.7088241, 20.4185735], [85.70902593, 20.41900888], [85.710334, 20.42085367], [85.70933336, 20.4221726], [85.70773788, 20.42288454], [85.70767103, 20.42371592], [85.70801508, 20.4241149], [85.70909236, 20.424879], [85.70978344, 20.424648], [85.71013217, 20.42402314], [85.71037701, 20.42294564], [85.71155904, 20.42127841], [85.71120604, 20.42031695], [85.71093353, 20.41941169], [85.71023309, 20.41845576]]]]}, "geometry_name": "geom", "properties": {"objectid": 1429, "id": 1810, "gridcode": 1, "shape_leng": 0.01798721494, "shape_area": 1.083731e-05, "from_time": "19-08-2022 18:00", "to_time": "19-08-2022 18:00"}}, {"type": "Feature", "id": "odflood50dsc19082022_1800hrs.1434", "geometry": {"type": "MultiPolygon", "coordinates": [[[[85.66837495, 20.41780173], [85.66726403, 20.41791499], [85.6669319, 20.41937699], [85.66535175, 20.42073849], [85.66461128, 20.42206551], [85.6652057, 20.42368441], [85.66498428, 20.42525073], [85.66389763, 20.42618707], [85.66357785, 20.42655815], [85.66304177, 20.42685728], [85.66219314, 20.42723603], [85.66195171, 20.42881938], [85.66171752, 20.42945723], [85.66151569, 20.43208955], [85.66064364, 20.43405399], [85.66086293, 20.43499906], [85.66194405, 20.4359305], [85.66218888, 20.43806676], [85.66302303, 20.43853195], [85.6651265, 20.43721877], [85.66607774, 20.43686961], [85.66690933, 20.43661924], [85.66805602, 20.43579574], [85.66934791, 20.4346895], [85.67018504, 20.43431586], [85.67045414, 20.43383364], [85.67069728, 20.43145106], [85.67128744, 20.43140358], [85.67176221, 20.43207337], [85.67213564, 20.4329105], [85.67278456, 20.43327264], [85.67447926, 20.43313639], [85.67539772, 20.43321026], [85.67609859, 20.43260669], [85.67613478, 20.43215363], [85.67590442, 20.43163735], [85.67523421, 20.43056347], [85.67484673, 20.42969526], [85.67386738, 20.4296167], [85.67284418, 20.42999247], [85.67198022, 20.42967525], [85.67068621, 20.42943914], [85.67002323, 20.42886814], [85.66996703, 20.42816939], [85.67022804, 20.42814853], [85.67188995, 20.42828202], [85.6722983, 20.42754985], [85.67196404, 20.42663927], [85.67166513, 20.42564651], [85.67089017, 20.42509701], [85.66958806, 20.424516], [85.6695178, 20.42364162], [85.67021995, 20.42172955], [85.66998917, 20.42109276], [85.6688544, 20.41949217], [85.66894254, 20.41839061], [85.66871005, 20.41812066], [85.66847586, 20.41791882], [85.66837495, 20.41780173]]]]}, "geometry_name": "geom", "properties": {"objectid": 1434, "id": 1815, "gridcode": 1, "shape_leng": 0.06727496514, "shape_area": 0.00014605169, "from_time": "19-08-2022 18:00", "to_time": "19-08-2022 18:00"}}, {"type": "Feature", "id": "odflood50dsc19082022_1800hrs.1444", "geometry": {"type": "MultiPolygon", "coordinates": [[[[85.76582592, 20.41649366], [85.7650829, 20.41668442], [85.76543248, 20.41741936], [85.76603883, 20.41700058], [85.76582592, 20.41649366]]]]}, "geometry_name": "geom", "properties": {"objectid": 1444, "id": 1825, "gridcode": 1, "shape_leng": 0.00286768108, "shape_area": 5.0464e-07, "from_time": "19-08-2022 18:00", "to_time": "19-08-2022 18:00"}}, {"type": "Feature", "id": "odflood50dsc19082022_1800hrs.1450", "geometry": {"type": "MultiPolygon", "coordinates": [[[[85.51794727, 20.41562162], [85.5174082, 20.41613961], [85.51718636, 20.41682281], [85.51690873, 20.41736209], [85.51615549, 20.41790861], [85.51500625, 20.41703656], [85.51369392, 20.41682281], [85.51326216, 20.41660033], [85.51303095, 20.41660501], [85.51260812, 20.41747684], [85.51194983, 20.41856264], [85.51173608, 20.41900292], [85.51127791, 20.41967888], [85.50997879, 20.41965248], [85.50944909, 20.41856051], [85.50844845, 20.41724137], [85.50635521, 20.41728417], [85.50552063, 20.41699845], [85.50441567, 20.41737678], [85.50366967, 20.41660054], [85.50331242, 20.41625713], [85.50279762, 20.4168441], [85.50323364, 20.41769059], [85.5034474, 20.41813087], [85.50415721, 20.41930141], [85.50453745, 20.42010319], [85.50322939, 20.42096076], [85.5023616, 20.42165312], [85.50309483, 20.42307636], [85.50492749, 20.42343404], [85.50519149, 20.42532524], [85.50569691, 20.42607104], [85.505398, 20.42665098], [85.50430284, 20.42662863], [85.50356875, 20.42739273], [85.50279762, 20.42874891], [85.50454171, 20.43077126], [85.50475632, 20.43274656], [85.50541163, 20.43273336], [85.50575653, 20.43274039], [85.50671756, 20.43339165], [85.50781188, 20.43382342], [85.50813251, 20.43415682], [85.50855874, 20.43456666], [85.50934221, 20.43403547], [85.50932901, 20.43339165], [85.50988937, 20.43285323], [85.51106118, 20.43163394], [85.51255916, 20.4316646], [85.51432326, 20.43238016], [85.51522, 20.4328709], [85.51453616, 20.43404143], [85.51265837, 20.43339868], [85.51151211, 20.43426817], [85.51102499, 20.43425816], [85.51042801, 20.43493902], [85.5109641, 20.43597947], [85.51249699, 20.43545488], [85.51358704, 20.43582789], [85.51473629, 20.43543444], [85.51624065, 20.43386877], [85.51721616, 20.43322921], [85.51870818, 20.43448192], [85.51914633, 20.43447298], [85.51958916, 20.43448192], [85.51958022, 20.43491752], [85.51982889, 20.43540017], [85.52074181, 20.43627753], [85.52198047, 20.43585343], [85.52317953, 20.43626391], [85.5242219, 20.43590709], [85.52546652, 20.43666182], [85.52721487, 20.43687557], [85.52768027, 20.4371153], [85.52808266, 20.43753387], [85.52846843, 20.43790453], [85.52961299, 20.43818364], [85.53223296, 20.43931713], [85.53222146, 20.43986365], [85.53135282, 20.44014574], [85.53113907, 20.44064159], [85.53277628, 20.44221472], [85.53317696, 20.44263179], [85.53264343, 20.44366777], [85.53222487, 20.44406994], [85.53198514, 20.44431946], [85.53143287, 20.44545785], [85.53069879, 20.44581403], [85.53024999, 20.44604524], [85.52979225, 20.4469884], [85.52846545, 20.44826304], [85.52765089, 20.44954577], [85.52813801, 20.45049105], [85.52931493, 20.450873], [85.53004476, 20.4517344], [85.52857914, 20.45314274], [85.52915185, 20.45425451], [85.52850974, 20.4552015], [85.52942649, 20.45608206], [85.53049483, 20.45606013], [85.53178884, 20.45388044], [85.53288316, 20.45257663], [85.53309691, 20.45191834], [85.53335239, 20.45142228], [85.53427511, 20.45061453], [85.53571305, 20.45148658], [85.53724338, 20.45170033], [85.5387652, 20.45235862], [85.53942349, 20.45257238], [85.53988889, 20.4528121], [85.54067535, 20.4536305], [85.54029128, 20.45475249], [85.54007753, 20.45628282], [85.53985526, 20.4569326], [85.5396415, 20.45761218], [85.5405425, 20.45936117], [85.54211797, 20.45932902], [85.5424782, 20.45822001], [85.54365725, 20.45648061], [85.54465576, 20.45650105], [85.54509604, 20.45627409], [85.54508752, 20.45584467], [85.54509604, 20.4554293], [85.54727189, 20.45519277], [85.54748565, 20.45494921], [85.54704962, 20.45410271], [85.54683587, 20.45312805], [85.54859742, 20.44970864], [85.54935833, 20.44897753], [85.5508282, 20.44948041], [85.55221802, 20.44803374], [85.55262509, 20.44778039], [85.55453098, 20.44907227], [85.5558812, 20.44861007], [85.55675325, 20.44890855], [85.55751416, 20.44864818], [85.55906578, 20.44843442], [85.55997956, 20.44890536], [85.56127953, 20.44802437], [85.56246752, 20.44926112], [85.56420948, 20.4495447], [85.56578581, 20.45061326], [85.56776494, 20.45082829], [85.56823034, 20.45106801], [85.56863273, 20.45148658], [85.568855, 20.45170033], [85.56908621, 20.4519407], [85.56904959, 20.45372502], [85.56861527, 20.45456833], [85.5681967, 20.4549705], [85.56776494, 20.45553171], [85.56846964, 20.45657109], [85.5681405, 20.45753298], [85.56954182, 20.46025322], [85.57043685, 20.46063879], [85.57081284, 20.45963943], [85.57000935, 20.45765859], [85.57040705, 20.45688682], [85.57302233, 20.45577654], [85.5739889, 20.45610739], [85.57570744, 20.45536394], [85.57648113, 20.45562879], [85.57779345, 20.45584254], [85.57887925, 20.45650083], [85.57997356, 20.45671459], [85.58107001, 20.45759962], [85.58196504, 20.45758152], [85.58302146, 20.45868095], [85.58324373, 20.4588947], [85.58345748, 20.45911697], [85.58367975, 20.45933072], [85.58389351, 20.45955299], [85.58492735, 20.46054639], [85.58561843, 20.46160068], [85.58514835, 20.46297368], [85.58588115, 20.46390895], [85.58716793, 20.46324598], [85.5887813, 20.46327898], [85.59000037, 20.46369605], [85.59062801, 20.46337287], [85.59021583, 20.46216912], [85.5899233, 20.45858429], [85.58934378, 20.45715487], [85.5891296, 20.45627644], [85.58869401, 20.45650083], [85.58823244, 20.45671459], [85.5873357, 20.45625259], [85.58486945, 20.45527984], [85.58433379, 20.45370906], [85.58553242, 20.45222449], [85.58738594, 20.4519226], [85.58848622, 20.45169735], [85.58890776, 20.45082829], [85.59005615, 20.44946018], [85.58977981, 20.44865243], [85.58956605, 20.44646806], [85.58929056, 20.44593283], [85.58763844, 20.44470801], [85.58738594, 20.44341591], [85.58706744, 20.44248468], [85.58827417, 20.44049469], [85.5882533, 20.43948277], [85.58737785, 20.43950065], [85.58649729, 20.43904696], [85.58572105, 20.43906292], [85.5853902, 20.44075826], [85.58432953, 20.44145381], [85.58411577, 20.44167608], [85.5834264, 20.44233841], [85.58279451, 20.44232543], [85.58280813, 20.44165862], [85.58335486, 20.44113318], [85.58381601, 20.44065351], [85.58306787, 20.43905994], [85.58148218, 20.44034012], [85.57971595, 20.44058666], [85.57807022, 20.44143443], [85.57692141, 20.44012445], [85.57757544, 20.43949597], [85.57841172, 20.43862584], [85.57953754, 20.43840591], [85.58000294, 20.43816618], [85.58061908, 20.43752514], [85.58106362, 20.43709784], [85.58127737, 20.43687557], [85.58162823, 20.43653834], [85.58090352, 20.43475188], [85.58206042, 20.43322708], [85.58287073, 20.43364437], [85.58258118, 20.43449001], [85.58259651, 20.43524262], [85.58258544, 20.43578765], [85.58259012, 20.43601652], [85.58409108, 20.43674485], [85.58531271, 20.43632693], [85.58640659, 20.43670121], [85.58694566, 20.436503], [85.58607362, 20.43535375], [85.58585986, 20.43444765], [85.5864513, 20.43271995], [85.58558948, 20.43158455], [85.58475661, 20.43078425], [85.58359757, 20.42957774], [85.58280771, 20.42837314], [85.58256415, 20.42815939], [85.58165038, 20.42863011], [85.5820617, 20.42983066], [85.58120797, 20.43180341], [85.58082389, 20.4325492], [85.58040533, 20.43295137], [85.58019157, 20.43317364], [85.5799693, 20.4333874], [85.57975555, 20.43360967], [85.57881964, 20.43430351], [85.57781261, 20.43535184], [85.57580964, 20.43556751], [85.57433806, 20.43456985], [85.5747413, 20.43339165], [85.57495505, 20.43273336], [85.57517732, 20.43208359], [85.57539107, 20.43120728], [85.57615709, 20.42994371], [85.57497336, 20.4281975], [85.5747413, 20.42771911], [85.57443983, 20.42713384], [85.57299295, 20.42685132], [85.57226951, 20.42660372], [85.57048795, 20.42664012], [85.56969127, 20.42662373], [85.56882136, 20.42617557], [85.56841897, 20.42575701], [85.56773088, 20.42510723], [85.56634574, 20.42558136], [85.56514668, 20.42517089], [85.5637296, 20.42565588], [85.56261698, 20.42527521], [85.56206301, 20.42556071], [85.56166063, 20.42597928], [85.56077113, 20.42683386], [85.5598978, 20.42774295], [85.55845007, 20.42869207], [85.55751842, 20.42837314], [85.55665872, 20.42809403], [85.55599234, 20.42722752], [85.55647861, 20.4243774], [85.55619545, 20.42355007], [85.55530424, 20.42314513], [85.55441857, 20.42406678], [85.55469279, 20.42513533], [85.55467959, 20.42577021], [85.55401278, 20.42575658], [85.55316245, 20.42487134], [85.55163212, 20.42490263], [85.55054632, 20.42377234], [85.54890485, 20.42380598], [85.54815203, 20.42379065], [85.54713904, 20.42413725], [85.54554611, 20.42247896], [85.54476264, 20.42274722], [85.54378159, 20.42241147], [85.54291167, 20.42270911], [85.5421695, 20.42292286], [85.54065151, 20.42200206], [85.5397173, 20.42232184], [85.53855145, 20.42161479], [85.53764534, 20.42140104], [85.53610691, 20.42192776], [85.53546565, 20.42159734], [85.53506327, 20.42117877], [85.53482269, 20.42094777], [85.53292063, 20.42098652], [85.5324135, 20.42072529], [85.53201111, 20.42030673], [85.5316083, 20.41991967], [85.53026277, 20.41965695], [85.52961299, 20.41943468], [85.52784335, 20.41922093], [85.52696322, 20.41967441], [85.52656084, 20.42009297], [85.52565558, 20.42076425], [85.52438498, 20.42073828], [85.52391106, 20.42098248], [85.52350868, 20.42140104], [85.52304626, 20.42184558], [85.52224106, 20.42182919], [85.52111056, 20.42049493], [85.52200517, 20.41963524], [85.52433091, 20.41968271], [85.52482569, 20.41942787], [85.52480993, 20.41866717], [85.52347078, 20.4183408], [85.52222531, 20.41704465], [85.52154232, 20.41682281], [85.5200205, 20.41616452], [85.5182283, 20.41591436], [85.51794727, 20.41562162]], [[85.57048795, 20.45311953], [85.5703402, 20.45339992], [85.56975855, 20.45321427], [85.57048795, 20.45311953]], [[85.54955888, 20.44788727], [85.54947457, 20.44880572], [85.54906069, 20.44798775], [85.54955888, 20.44788727]], [[85.56961591, 20.44636119], [85.56985223, 20.44683681], [85.56912708, 20.44766904], [85.5685416, 20.44720406], [85.56891674, 20.44644933], [85.56961591, 20.44636119]], [[85.5831326, 20.44570715], [85.58342427, 20.44638652], [85.58266719, 20.44688429], [85.5823917, 20.44582106], [85.5831326, 20.44570715]], [[85.53538816, 20.44396306], [85.53611969, 20.44494326], [85.53539965, 20.44591452], [85.53451696, 20.44578401], [85.53470858, 20.44448744], [85.53538816, 20.44396306]], [[85.57484817, 20.43938483], [85.57495292, 20.43949809], [85.57578111, 20.43976018], [85.57604298, 20.44058815], [85.57648922, 20.44167437], [85.57602041, 20.4425609], [85.57752051, 20.44395136], [85.57608385, 20.44493986], [85.5741737, 20.44468438], [85.57387138, 20.44341357], [85.57364911, 20.4434223], [85.5732348, 20.4434059], [85.57299082, 20.44363179], [85.57138001, 20.44537077], [85.57061441, 20.445401], [85.57031635, 20.44483745], [85.57257183, 20.44232266], [85.57252882, 20.44124218], [85.57321735, 20.44145168], [85.57442918, 20.44275975], [85.57517093, 20.44226454], [85.57474342, 20.44166969], [85.57389991, 20.44112509], [85.57355756, 20.43981915], [85.57386286, 20.43948958], [85.57484817, 20.43938483]], [[85.55108496, 20.44112892], [85.55123186, 20.44152896], [85.5511616, 20.4424042], [85.55001023, 20.44231159], [85.54967598, 20.44127263], [85.55108496, 20.44112892]], [[85.55675325, 20.44156494], [85.55659357, 20.44218704], [85.55582372, 20.44252598], [85.55601278, 20.44168161], [85.55675325, 20.44156494]], [[85.53909435, 20.43807676], [85.53927233, 20.4383348], [85.53965939, 20.43860178], [85.54026232, 20.43947531], [85.53973135, 20.44029073], [85.53878096, 20.44007761], [85.5379153, 20.43909337], [85.53847353, 20.43823601], [85.53909435, 20.43807676]], [[85.5578433, 20.43851279], [85.55797701, 20.43905696], [85.5578927, 20.43943359], [85.55701554, 20.43923686], [85.5571535, 20.43862158], [85.5578433, 20.43851279]], [[85.57201403, 20.42957433], [85.5721209, 20.42968546], [85.57245686, 20.43000822], [85.57209578, 20.43106315], [85.57213283, 20.43288346], [85.57278771, 20.43449853], [85.57277409, 20.43516683], [85.57094356, 20.43512957], [85.56907301, 20.43292157], [85.57080091, 20.43126136], [85.57130336, 20.42971314], [85.57201403, 20.42957433]], [[85.5362602, 20.4269582], [85.53613459, 20.42852451], [85.5362189, 20.42902504], [85.53789954, 20.42813575], [85.53857827, 20.42816279], [85.53916333, 20.42879405], [85.53941711, 20.43012362], [85.54051568, 20.43142317], [85.54077201, 20.43489729], [85.54037601, 20.43512936], [85.5391382, 20.43427775], [85.53745501, 20.43404782], [85.53667962, 20.43351407], [85.53718717, 20.43206528], [85.53379225, 20.42891945], [85.53422657, 20.4280985], [85.53462938, 20.42772549], [85.53483887, 20.42749897], [85.5350654, 20.42728947], [85.53527489, 20.42706294], [85.5362602, 20.4269582]], [[85.54301855, 20.43240847], [85.5432736, 20.43292178], [85.54292317, 20.43313575], [85.5427273, 20.4325558], [85.54301855, 20.43240847]], [[85.55108496, 20.43262649], [85.55101044, 20.43289219], [85.55081926, 20.43270121], [85.55108496, 20.43262649]], [[85.50748273, 20.42085388], [85.5082743, 20.42224626], [85.50785488, 20.4229169], [85.50624279, 20.42201739], [85.50631901, 20.42106615], [85.50748273, 20.42085388]]]]}, "geometry_name": "geom", "properties": {"objectid": 1450, "id": 1831, "gridcode": 1, "shape_leng": 0.50614653472, "shape_area": 0.00193041211, "from_time": "19-08-2022 18:00", "to_time": "19-08-2022 18:00"}}, {"type": "Feature", "id": "odflood50dsc19082022_1800hrs.1484", "geometry": {"type": "MultiPolygon", "coordinates": [[[[85.69955054, 20.41060736], [85.6990681, 20.41074532], [85.6987347, 20.41153689], [85.69743217, 20.41343107], [85.69683732, 20.41378066], [85.69600147, 20.4141328], [85.69574727, 20.41530674], [85.69532019, 20.4164183], [85.69658823, 20.41815408], [85.69681348, 20.41944895], [85.69707833, 20.4201379], [85.69696421, 20.42105486], [85.6972495, 20.42141105], [85.69758887, 20.42168292], [85.69840172, 20.42306572], [85.69827569, 20.42407764], [85.6992759, 20.42544681], [85.69914603, 20.42649152], [85.69967147, 20.4277091], [85.69995037, 20.42899758], [85.70114347, 20.42914597], [85.70204575, 20.42879916], [85.70346026, 20.42855304], [85.70381368, 20.42795138], [85.70400785, 20.42640103], [85.7042497, 20.42577127], [85.70444387, 20.42487496], [85.70552456, 20.42317579], [85.7050979, 20.42206508], [85.70463037, 20.42043064], [85.7038371, 20.41996417], [85.70235317, 20.42060479], [85.69981241, 20.42028693], [85.69999934, 20.41878427], [85.69848177, 20.4155833], [85.69899359, 20.41528247], [85.70006023, 20.41497759], [85.70030166, 20.41332037], [85.70073768, 20.41218603], [85.70010749, 20.41135827], [85.69986563, 20.41116452], [85.69955054, 20.41060736]]]]}, "geometry_name": "geom", "properties": {"objectid": 1484, "id": 1874, "gridcode": 1, "shape_leng": 0.0507795857, "shape_area": 7.897404e-05, "from_time": "19-08-2022 18:00", "to_time": "19-08-2022 18:00"}}, {"type": "Feature", "id": "odflood50dsc19082022_1800hrs.1492", "geometry": {"type": "MultiPolygon", "coordinates": [[[[85.60253559, 20.40799123], [85.60206422, 20.40831675], [85.60194798, 20.40883453], [85.60326669, 20.40938829], [85.60356603, 20.40919072], [85.60310063, 20.40851624], [85.60271357, 20.40824926], [85.60253559, 20.40799123]]]]}, "geometry_name": "geom", "properties": {"objectid": 1492, "id": 1883, "gridcode": 1, "shape_leng": 0.00449556083, "shape_area": 1.14537e-06, "from_time": "19-08-2022 18:00", "to_time": "19-08-2022 18:00"}}, {"type": "Feature", "id": "odflood50dsc19082022_1800hrs.1505", "geometry": {"type": "MultiPolygon", "coordinates": [[[[85.59817536, 20.40668316], [85.5978624, 20.4069248], [85.59837592, 20.4071937], [85.59817536, 20.40668316]]]]}, "geometry_name": "geom", "properties": {"objectid": 1505, "id": 1898, "gridcode": 1, "shape_leng": 0.00152357317, "shape_area": 1.0412e-07, "from_time": "19-08-2022 18:00", "to_time": "19-08-2022 18:00"}}, {"type": "Feature", "id": "odflood50dsc19082022_1800hrs.1528", "geometry": {"type": "MultiPolygon", "coordinates": [[[[85.61823239, 20.40363101], [85.61777508, 20.40376854], [85.6165675, 20.4051705], [85.61465053, 20.40627567], [85.61455686, 20.40743811], [85.61614468, 20.40720839], [85.61724325, 20.40634805], [85.61898734, 20.40509577], [85.61878551, 20.40438595], [85.61823239, 20.40363101]]]]}, "geometry_name": "geom", "properties": {"objectid": 1528, "id": 1927, "gridcode": 1, "shape_leng": 0.01252747354, "shape_area": 7.17735e-06, "from_time": "19-08-2022 18:00", "to_time": "19-08-2022 18:00"}}, {"type": "Feature", "id": "odflood50dsc19082022_1800hrs.1545", "geometry": {"type": "MultiPolygon", "coordinates": [[[[85.5929431, 20.40079686], [85.59219411, 20.40092418], [85.59245087, 20.40239149], [85.59369208, 20.40257501], [85.59346641, 20.40161185], [85.5929431, 20.40079686]]]]}, "geometry_name": "geom", "properties": {"objectid": 1545, "id": 1948, "gridcode": 1, "shape_leng": 0.00546183927, "shape_area": 1.76071e-06, "from_time": "19-08-2022 18:00", "to_time": "19-08-2022 18:00"}}, {"type": "Feature", "id": "odflood50dsc19082022_1800hrs.1561", "geometry": {"type": "MultiPolygon", "coordinates": [[[[85.62411869, 20.39861675], [85.62359623, 20.39910089], [85.62321343, 20.39991204], [85.62292388, 20.40112814], [85.62246231, 20.40200018], [85.62251937, 20.40344876], [85.62200074, 20.40471212], [85.62236864, 20.40576172], [85.62180913, 20.40681899], [85.62184703, 20.40777322], [85.62182233, 20.40839191], [85.6209967, 20.40995226], [85.61845125, 20.41279003], [85.61688131, 20.41311023], [85.61500991, 20.4115288], [85.61336461, 20.41075235], [85.61229499, 20.40993225], [85.61198713, 20.40735678], [85.61047298, 20.40767337], [85.60984322, 20.40863398], [85.61071526, 20.41005808], [85.61092476, 20.41168613], [85.60990155, 20.41335741], [85.6111449, 20.41497887], [85.61194626, 20.41535698], [85.61311338, 20.41572637], [85.6137589, 20.41595289], [85.61551151, 20.41616239], [85.61630095, 20.41643916], [85.6175477, 20.41567612], [85.61887365, 20.41614067], [85.62025665, 20.41464781], [85.62108867, 20.41442681], [85.62182531, 20.41492649], [85.62113807, 20.41622541], [85.62073526, 20.41659841], [85.62008974, 20.41739211], [85.62082382, 20.41845874], [85.62209229, 20.41886049], [85.62313338, 20.41965908], [85.6240165, 20.41993862], [85.62505418, 20.42065269], [85.62605141, 20.4217287], [85.62969075, 20.42471932], [85.63111293, 20.42731034], [85.63192664, 20.42727819], [85.63159451, 20.42505081], [85.63165753, 20.42347002], [85.63162432, 20.42264162], [85.63114231, 20.42172997], [85.63005012, 20.42138422], [85.6288698, 20.42075957], [85.62777719, 20.42041382], [85.62728411, 20.41801527], [85.62917808, 20.41506488], [85.62876207, 20.41387753], [85.6290282, 20.41311875], [85.62938417, 20.410882], [85.62819916, 20.40942555], [85.62750212, 20.40722393], [85.62720959, 20.40667166], [85.62636395, 20.40592438], [85.62548935, 20.40638702], [85.62554002, 20.40766719], [85.62528752, 20.40863164], [85.62429114, 20.40918603], [85.62357792, 20.40866229], [85.62406929, 20.40631378], [85.62444996, 20.40233997], [85.62595177, 20.40094845], [85.62640355, 20.40023139], [85.6255315, 20.39982007], [85.62504098, 20.39956033], [85.62466797, 20.39915752], [85.62432818, 20.39884328], [85.62411869, 20.39861675]], [[85.62346465, 20.41278747], [85.62354172, 20.4129282], [85.62382361, 20.41308277], [85.62418171, 20.41373616], [85.62362774, 20.41417282], [85.62229753, 20.41350474], [85.62276974, 20.41288051], [85.62346465, 20.41278747]]]]}, "geometry_name": "geom", "properties": {"objectid": 1561, "id": 1965, "gridcode": 1, "shape_leng": 0.11497265274, "shape_area": 0.00017618615, "from_time": "19-08-2022 18:00", "to_time": "19-08-2022 18:00"}}, {"type": "Feature", "id": "odflood50dsc19082022_1800hrs.1627", "geometry": {"type": "MultiPolygon", "coordinates": [[[[85.6066778, 20.39098636], [85.60612468, 20.39108728], [85.60558859, 20.39138619], [85.60526882, 20.39175749], [85.60503462, 20.39195932], [85.60483279, 20.39219351], [85.60381427, 20.39307109], [85.6034962, 20.39378346], [85.60353324, 20.39424503], [85.6040391, 20.39515156], [85.60379298, 20.3954475], [85.60287069, 20.39479346], [85.60204974, 20.39427952], [85.59915428, 20.39459291], [85.59699333, 20.39579836], [85.59676212, 20.39856906], [85.59591265, 20.40009088], [85.59564396, 20.40127504], [85.59589434, 20.40242385], [85.59609617, 20.40364974], [85.59531993, 20.40504126], [85.59654922, 20.40610066], [85.59799227, 20.40642853], [85.59911, 20.40555308], [85.60022859, 20.40521648], [85.60248406, 20.40426652], [85.60350855, 20.40483816], [85.60538847, 20.40518114], [85.60612468, 20.40387563], [85.60507124, 20.40198783], [85.6048081, 20.40054521], [85.60395394, 20.39901402], [85.60362053, 20.39682582], [85.60403995, 20.39568424], [85.60566055, 20.39543728], [85.60685749, 20.39404788], [85.60675061, 20.39271597], [85.60705761, 20.39159483], [85.6066778, 20.39098636]]]]}, "geometry_name": "geom", "properties": {"objectid": 1627, "id": 2041, "gridcode": 1, "shape_leng": 0.05175117207, "shape_area": 9.864852e-05, "from_time": "19-08-2022 18:00", "to_time": "19-08-2022 18:00"}}, {"type": "Feature", "id": "odflood50dsc19082022_1800hrs.1781", "geometry": {"type": "MultiPolygon", "coordinates": [[[[85.61757835, 20.36220889], [85.61639334, 20.3624103], [85.61679999, 20.36317589], [85.61745998, 20.36290678], [85.61757835, 20.36220889]]]]}, "geometry_name": "geom", "properties": {"objectid": 1781, "id": 2260, "gridcode": 1, "shape_leng": 0.0034894977, "shape_area": 7.0894e-07, "from_time": "19-08-2022 18:00", "to_time": "19-08-2022 18:00"}}, {"type": "Feature", "id": "odflood50dsc19082022_1800hrs.1804", "geometry": {"type": "MultiPolygon", "coordinates": [[[[85.5968673, 20.35392447], [85.59568399, 20.35425404], [85.5955307, 20.35529215], [85.59756391, 20.35576351], [85.59777809, 20.35467729], [85.59696225, 20.35404752], [85.5968673, 20.35392447]]]]}, "geometry_name": "geom", "properties": {"objectid": 1804, "id": 2314, "gridcode": 1, "shape_leng": 0.00665804031, "shape_area": 2.84932e-06, "from_time": "19-08-2022 18:00", "to_time": "19-08-2022 18:00"}}, {"type": "Feature", "id": "odflood50dsc19082022_1800hrs.1810", "geometry": {"type": "MultiPolygon", "coordinates": [[[[85.57572022, 20.35283441], [85.5749691, 20.35296513], [85.57522884, 20.35353656], [85.57624736, 20.35366302], [85.57572022, 20.35283441]]]]}, "geometry_name": "geom", "properties": {"objectid": 1810, "id": 2326, "gridcode": 1, "shape_leng": 0.00339851756, "shape_area": 6.2023e-07, "from_time": "19-08-2022 18:00", "to_time": "19-08-2022 18:00"}}, {"type": "Feature", "id": "odflood50dsc19082022_1800hrs.1818", "geometry": {"type": "MultiPolygon", "coordinates": [[[[85.59795735, 20.35152634], [85.59722795, 20.35189594], [85.59740125, 20.35288934], [85.59792712, 20.35312566], [85.59833461, 20.35228896], [85.59795735, 20.35152634]]]]}, "geometry_name": "geom", "properties": {"objectid": 1818, "id": 2340, "gridcode": 1, "shape_leng": 0.00418410789, "shape_area": 1.13161e-06, "from_time": "19-08-2022 18:00", "to_time": "19-08-2022 18:00"}}, {"type": "Feature", "id": "odflood50dsc19082022_1800hrs.2054", "geometry": {"type": "MultiPolygon", "coordinates": [[[[85.55500916, 20.28873914], [85.55511391, 20.28907041], [85.55696743, 20.29126372], [85.5558399, 20.29482557], [85.55291761, 20.30086856], [85.55620737, 20.30357199], [85.55642751, 20.30792412], [85.56034234, 20.31401736], [85.56056461, 20.31610805], [85.56100021, 20.31587727], [85.5618186, 20.31549106], [85.56209878, 20.31523175], [85.56247178, 20.31482894], [85.56296231, 20.3145692], [85.56456673, 20.31426305], [85.56514242, 20.31304312], [85.56579645, 20.31180702], [85.56485841, 20.31101885], [85.56325654, 20.31167672], [85.56181179, 20.31121941], [85.56125995, 20.31070802], [85.56079071, 20.30982107], [85.56100021, 20.30911892], [85.56166489, 20.30803398], [85.56117436, 20.30684002], [85.56162443, 20.30588665], [85.56252629, 20.30519472], [85.5647064, 20.30489709], [85.5644969, 20.30410467], [85.56416776, 20.30348299], [85.56492441, 20.30164054], [85.56333574, 20.30092179], [85.56201958, 20.30138293], [85.56143623, 20.30084301], [85.5610743, 20.30045213], [85.55945114, 20.2994583], [85.55831211, 20.29985771], [85.55665063, 20.29849216], [85.55662423, 20.29782194], [85.55784501, 20.29626904], [85.55827933, 20.29625201], [85.55942431, 20.29629714], [85.56094996, 20.295044], [85.56122844, 20.29451729], [85.56088439, 20.29353538], [85.56141877, 20.29201058], [85.56079071, 20.29167803], [85.56034617, 20.29146854], [85.55904407, 20.29036784], [85.55820737, 20.29066121], [85.55576794, 20.28928842], [85.55500916, 20.28873914]]]]}, "geometry_name": "geom", "properties": {"objectid": 2054, "id": 2662, "gridcode": 1, "shape_leng": 0.08303217811, "shape_area": 0.00013151193, "from_time": "19-08-2022 18:00", "to_time": "19-08-2022 18:00"}}, {"type": "Feature", "id": "odflood50dsc19082022_1800hrs.2067", "geometry": {"type": "MultiPolygon", "coordinates": [[[[85.53451611, 20.28198079], [85.53440498, 20.28208767], [85.53371049, 20.28210172], [85.53284952, 20.28254541], [85.53244714, 20.28296397], [85.5309168, 20.28404977], [85.53070305, 20.28427204], [85.52927192, 20.28545577], [85.52898025, 20.28644789], [85.53077756, 20.28552177], [85.5338706, 20.28580919], [85.53433259, 20.28770401], [85.53388976, 20.28856328], [85.53244288, 20.28884602], [85.53135708, 20.2892863], [85.5285191, 20.28951751], [85.52701772, 20.28948727], [85.5265272, 20.28973978], [85.52596769, 20.29032185], [85.52567815, 20.29151112], [85.52459448, 20.2925522], [85.52438072, 20.29277447], [85.52305435, 20.2940489], [85.52308117, 20.29537102], [85.52241437, 20.29691243], [85.52220061, 20.29766738], [85.52353593, 20.29978958], [85.52430749, 20.3005309], [85.52621892, 20.29970399], [85.52710373, 20.30000674], [85.52848972, 20.29953239], [85.53010394, 20.29930714], [85.53063322, 20.29931779], [85.53096194, 20.3013378], [85.53158403, 20.3019352], [85.53264002, 20.30191391], [85.53312672, 20.30216428], [85.53353293, 20.30304229], [85.53281503, 20.30443594], [85.53358829, 20.3059369], [85.53266089, 20.30715895], [85.53243905, 20.30806889], [85.53141584, 20.30905207], [85.53068601, 20.30867609], [85.53026702, 20.30781298], [85.53003581, 20.30736376], [85.52909436, 20.30738292], [85.52868772, 20.30863606], [85.52677459, 20.31108315], [85.5261955, 20.31196627], [85.52679077, 20.3128447], [85.52766409, 20.31282681], [85.52808266, 20.31239122], [85.52833218, 20.31215149], [85.52958872, 20.31154174], [85.5309168, 20.31261349], [85.53135708, 20.31282724], [85.53182248, 20.31306697], [85.53222487, 20.31348553], [85.53244714, 20.31369928], [85.53309691, 20.31437887], [85.53259191, 20.31535906], [85.53117399, 20.31570482], [85.5301742, 20.31723004], [85.52851314, 20.31915595], [85.52895896, 20.32002161], [85.52938348, 20.32132925], [85.53073328, 20.32221449], [85.53179012, 20.32219278], [85.53211373, 20.32318916], [85.53244714, 20.32350979], [85.53268261, 20.32375462], [85.53264812, 20.3254391], [85.53288742, 20.32613827], [85.53286996, 20.32700009], [85.53290062, 20.32849977], [85.53222487, 20.3296141], [85.53201111, 20.33114443], [85.53176457, 20.33186489], [85.52871071, 20.3339922], [85.52800644, 20.33472544], [85.52874095, 20.33593642], [85.5289547, 20.3363767], [85.5292979, 20.33702648], [85.53057233, 20.33616252], [85.5309168, 20.33671564], [85.53026277, 20.33768051], [85.53004901, 20.33814208], [85.53070305, 20.33877056], [85.53107392, 20.33915634], [85.53135878, 20.34032517], [85.53186166, 20.34130111], [85.53247694, 20.34182272], [85.53389231, 20.34133816], [85.534841, 20.34182698], [85.5352651, 20.34204073], [85.53593106, 20.34143311], [85.53477117, 20.33999645], [85.53507604, 20.33940373], [85.53504581, 20.33790704], [85.53607924, 20.33722958], [85.53756827, 20.33725982], [85.53897214, 20.33723129], [85.54067876, 20.33870286], [85.54224955, 20.33789384], [85.54283077, 20.33790576], [85.54399747, 20.33872841], [85.54290741, 20.34007863], [85.54247565, 20.34073692], [85.54181736, 20.34160471], [85.54159551, 20.34251465], [85.53991742, 20.34412674], [85.5386298, 20.34325384], [85.53790721, 20.34400624], [85.53509393, 20.34431154], [85.53391658, 20.34390873], [85.53244714, 20.34291278], [85.53178501, 20.34247846], [85.5305174, 20.34182698], [85.52893724, 20.34315335], [85.52852294, 20.34400709], [85.52828747, 20.34422084], [85.52831046, 20.34308991], [85.52664344, 20.33985423], [85.52611161, 20.3398653], [85.52549377, 20.34113931], [85.52459107, 20.34247079], [85.52486529, 20.34327301], [85.52390851, 20.34485061], [85.52394513, 20.34663217], [85.52481675, 20.34705499], [85.52620486, 20.34822041], [85.52703986, 20.34779035], [85.5289564, 20.34618167], [85.52941244, 20.34641671], [85.52936943, 20.34853976], [85.529831, 20.34988913], [85.53004476, 20.35141947], [85.53027128, 20.35208159], [85.53025595, 20.35283441], [85.53026873, 20.35345992], [85.53135708, 20.35381333], [85.5320686, 20.35405689], [85.53512331, 20.3539943], [85.53614907, 20.35468964], [85.53649226, 20.35490339], [85.5374763, 20.35423616], [85.53915609, 20.35427065], [85.54035387, 20.3538606], [85.54094531, 20.35449291], [85.54050248, 20.35535261], [85.53985739, 20.35533941], [85.53952185, 20.35534622], [85.53897086, 20.35648141], [85.5389879, 20.35731599], [85.54220143, 20.35942286], [85.5426349, 20.35987421], [85.54293296, 20.36013566], [85.54393275, 20.35962043], [85.54430788, 20.35770049], [85.54578414, 20.35665174], [85.54683587, 20.35774648], [85.54727189, 20.35773753], [85.54748565, 20.3594944], [85.54660764, 20.35992063], [85.54750353, 20.36013906], [85.54748522, 20.36103453], [85.54689889, 20.36217227], [85.54650673, 20.36176393], [85.54589612, 20.36239965], [85.5459766, 20.36340582], [85.54639772, 20.36296767], [85.5466136, 20.36319207], [85.54705388, 20.36340582], [85.54726764, 20.36367961], [85.54693508, 20.36427787], [85.54661062, 20.36360893], [85.54555037, 20.36471261], [85.5446515, 20.3649319], [85.54421974, 20.36534237], [85.54640325, 20.36564725], [85.54639516, 20.36603856], [85.54686184, 20.36694382], [85.54683161, 20.36842221], [85.5468397, 20.36882629], [85.54858805, 20.36911073], [85.55031979, 20.37060445], [85.55187993, 20.37169025], [85.55326507, 20.37121633], [85.55402598, 20.37147649], [85.5553596, 20.37169025], [85.55625676, 20.37122782], [85.556967, 20.37048906], [85.55730041, 20.37016843], [85.55772791, 20.36972389], [85.55817245, 20.36929638], [85.5583862, 20.36907411], [85.55878901, 20.36868706], [85.56013455, 20.36842434], [85.56078433, 20.36820207], [85.56362273, 20.36798831], [85.56438534, 20.36747139], [85.56492654, 20.36580395], [85.56518926, 20.36529341], [85.56689289, 20.36428213], [85.56825674, 20.36345522], [85.56871278, 20.36392956], [85.56817925, 20.36496554], [85.56667744, 20.36640859], [85.56779219, 20.3682472], [85.5690943, 20.36907411], [85.56997443, 20.36862063], [85.57037681, 20.36820207], [85.57067573, 20.36798831], [85.57146687, 20.3684584], [85.57076685, 20.36981671], [85.57114794, 20.37092934], [85.57066295, 20.37234556], [85.57136808, 20.37338579], [85.5728222, 20.37263723], [85.57321096, 20.37343859], [85.57344217, 20.37388739], [85.57430527, 20.37430638], [85.57495505, 20.37492805], [85.57364698, 20.37648649], [85.57321522, 20.37705409], [85.57398124, 20.3789421], [85.57342301, 20.37976517], [85.57277068, 20.37975197], [85.57278601, 20.37899575], [85.57277451, 20.37842687], [85.5721209, 20.37779882], [85.5716934, 20.37735428], [85.5710581, 20.37674368], [85.56950477, 20.37649075], [85.56900573, 20.37623399], [85.56932891, 20.37528956], [85.56906875, 20.37452865], [85.568855, 20.37365235], [85.56861527, 20.37318694], [85.5681967, 20.37278456], [85.56798295, 20.37256229], [85.56763124, 20.3722242], [85.56663316, 20.37190059], [85.56505939, 20.3702621], [85.56394762, 20.37064234], [85.563053, 20.37033619], [85.56249903, 20.37062191], [85.56209665, 20.37104047], [85.56174494, 20.37137856], [85.56071492, 20.37171281], [85.55944688, 20.37236599], [85.55904449, 20.37278456], [85.55863147, 20.37318141], [85.55707814, 20.37343433], [85.55661273, 20.37367406], [85.55600256, 20.37430893], [85.55468001, 20.37452439], [85.55390974, 20.37478796], [85.55272217, 20.37430638], [85.55119184, 20.37409263], [85.55072643, 20.3738529], [85.5501103, 20.37321207], [85.54953631, 20.37266022], [85.5485757, 20.37234854], [85.54778371, 20.37207773], [85.54653781, 20.3728331], [85.54568407, 20.372541], [85.54435514, 20.37256825], [85.54399364, 20.3736813], [85.54312117, 20.37452013], [85.54208519, 20.37559827], [85.54156954, 20.37583246], [85.54029554, 20.37539643], [85.53999492, 20.3754024], [85.53962532, 20.37654057], [85.53834493, 20.37777071], [85.53622742, 20.3780296], [85.53517398, 20.37874367], [85.53573859, 20.37953865], [85.53698832, 20.37889483], [85.53770069, 20.37867086], [85.53864598, 20.37915798], [85.53898321, 20.38019694], [85.53943243, 20.38106898], [85.53941072, 20.38213434], [85.5396415, 20.38280881], [85.53986633, 20.38350202], [85.5403692, 20.38447754], [85.54168749, 20.38477091], [85.54312542, 20.38389887], [85.5438676, 20.38368512], [85.54531916, 20.38456568], [85.54664724, 20.38388141], [85.54704962, 20.38346285], [85.54857996, 20.38237705], [85.54956442, 20.38104897], [85.55058123, 20.38106983], [85.55228615, 20.38284416], [85.554462, 20.38279987], [85.55533405, 20.38324909], [85.55653098, 20.38348286], [85.55875282, 20.38343772], [85.55947626, 20.38368512], [85.56057057, 20.38389887], [85.56101554, 20.38412795], [85.56100191, 20.38479731], [85.56010049, 20.38520694], [85.55882393, 20.38477006], [85.55832318, 20.38502767], [85.55872855, 20.38621183], [85.55748265, 20.38740834], [85.5564241, 20.38738705], [85.55597914, 20.38761613], [85.55599574, 20.38842899], [85.55839046, 20.38872151], [85.56032105, 20.38868234], [85.56143836, 20.38913539], [85.56275068, 20.38934915], [85.56395656, 20.38976175], [85.56536256, 20.38869511], [85.56564444, 20.38848136], [85.56645261, 20.38957142], [85.56669319, 20.38980263], [85.56775983, 20.38978049], [85.56910792, 20.3909127], [85.57057652, 20.39187544], [85.57138256, 20.39146028], [85.57175982, 20.38991419], [85.57242237, 20.38927761], [85.57306023, 20.38960591], [85.57277494, 20.3904392], [85.57256118, 20.39111878], [85.57301466, 20.39199892], [85.57343323, 20.3924013], [85.57366444, 20.39264188], [85.57360568, 20.39551137], [85.57431847, 20.39656268], [85.57517732, 20.39697954], [85.57579005, 20.39729506], [85.57529101, 20.39826376], [85.57408471, 20.39785073], [85.5735384, 20.39813219], [85.57474811, 20.40048091], [85.57557033, 20.40046388], [85.57703041, 20.39849454], [85.57782539, 20.39851072], [85.57909726, 20.3989459], [85.58128163, 20.39915965], [85.58259353, 20.39995505], [85.58370104, 20.40046772], [85.58456414, 20.40002318], [85.58531909, 20.40003851], [85.58564356, 20.40136829], [85.58612897, 20.40231059], [85.58753455, 20.40276663], [85.5888869, 20.40417433], [85.59122583, 20.40460993], [85.59152389, 20.40308385], [85.59193905, 20.40227823], [85.59101123, 20.40090927], [85.59135613, 20.39990225], [85.59108319, 20.3993734], [85.59044619, 20.39938618], [85.58939914, 20.39902765], [85.58913003, 20.39862995], [85.5898309, 20.39807385], [85.59165036, 20.39901104], [85.59269869, 20.39830038], [85.59304997, 20.39938192], [85.59329353, 20.39981368], [85.59413577, 20.39893738], [85.5947353, 20.39836084], [85.59545661, 20.39873214], [85.59590668, 20.3987232], [85.59632014, 20.39783029], [85.59564865, 20.39652691], [85.59567036, 20.39545559], [85.59566227, 20.39505746], [85.59433121, 20.39480368], [85.5943623, 20.39632763], [85.59435463, 20.39669766], [85.59348599, 20.39697954], [85.5925718, 20.3972925], [85.59186667, 20.39692929], [85.59267484, 20.39536063], [85.5938194, 20.39426078], [85.59476042, 20.39328144], [85.59605997, 20.39296464], [85.5971628, 20.39334233], [85.5982997, 20.39305065], [85.59827926, 20.39204405], [85.59579129, 20.39174003], [85.59336081, 20.39178985], [85.59261821, 20.39065721], [85.59200548, 20.39006833], [85.58993011, 20.38883648], [85.58865867, 20.38712135], [85.58870678, 20.38651926], [85.59036018, 20.38824036], [85.59225287, 20.38980603], [85.59351665, 20.38978006], [85.5942865, 20.3889787], [85.59457605, 20.38791377], [85.59290861, 20.38710474], [85.59261821, 20.386538], [85.59540211, 20.38623568], [85.59627756, 20.38714689], [85.5970125, 20.38760506], [85.59838103, 20.38689993], [85.59873487, 20.38580945], [85.59871656, 20.38490249], [85.59719218, 20.38390313], [85.59647471, 20.38269512], [85.59719644, 20.381505], [85.59743361, 20.38101661], [85.5986199, 20.37987631], [85.59983812, 20.37860869], [85.60133865, 20.37801683], [85.60155241, 20.37760635], [85.59971805, 20.37735044], [85.59937655, 20.37680158], [85.60041509, 20.37526955], [85.60144127, 20.37354121], [85.60177468, 20.37322058], [85.6020012, 20.37298469], [85.601988, 20.37233108], [85.60155241, 20.37191251], [85.60133865, 20.37169025], [85.60108913, 20.37145052], [85.59989646, 20.37087185], [85.59789178, 20.37190442], [85.59675616, 20.37212627], [85.59555923, 20.37253589], [85.59425116, 20.37208837], [85.5934728, 20.3723545], [85.59349494, 20.37344285], [85.59282728, 20.37408411], [85.59283792, 20.37461168], [85.59394757, 20.37496041], [85.59479406, 20.37452439], [85.59503847, 20.37452907], [85.5954481, 20.3754305], [85.59498227, 20.37679094], [85.59450877, 20.37714052], [85.59261821, 20.37561445], [85.59123435, 20.37534406], [85.59044236, 20.37452013], [85.58912577, 20.3736566], [85.58845854, 20.3732044], [85.58847685, 20.37230383], [85.58942596, 20.37191251], [85.59028864, 20.37322825], [85.59089584, 20.3732159], [85.59152389, 20.37256229], [85.59174616, 20.37234854], [85.59195992, 20.37101492], [85.5914332, 20.36999257], [85.59174702, 20.36907624], [85.59151793, 20.36840688], [85.59037593, 20.3684303], [85.58828226, 20.36950843], [85.58659906, 20.36991891], [85.58494183, 20.36891401], [85.58343023, 20.36952717], [85.58237807, 20.36950588], [85.58095248, 20.37008412], [85.57913643, 20.36934748], [85.57801146, 20.3697324], [85.57735317, 20.36994616], [85.5767034, 20.37016843], [85.57643003, 20.37016289], [85.57538255, 20.36839836], [85.57540044, 20.36752589], [85.57743109, 20.3675672], [85.57884135, 20.36805006], [85.58016901, 20.3666679], [85.58108491, 20.36624423], [85.58176108, 20.36694765], [85.58149538, 20.36798448], [85.58150432, 20.36843328], [85.58223202, 20.36841838], [85.58269317, 20.3669979], [85.5830304, 20.36668025], [85.58301763, 20.36728872], [85.58305552, 20.36776605], [85.58465867, 20.36721719], [85.58567592, 20.36756549], [85.58645769, 20.3683792], [85.58681409, 20.36728148], [85.58764781, 20.36687697], [85.58880088, 20.36690039], [85.58914025, 20.36689357], [85.5901758, 20.36531427], [85.58956094, 20.36318994], [85.58978406, 20.36253804], [85.59005402, 20.36170687], [85.5904513, 20.36212032], [85.59043171, 20.36308093], [85.59043937, 20.36345947], [85.59178449, 20.36405986], [85.59284942, 20.36295149], [85.59283154, 20.36208456], [85.59239594, 20.36166599], [85.59218219, 20.36144372], [85.59195992, 20.36122997], [85.59154348, 20.3607965], [85.59131014, 20.35815227], [85.59180705, 20.3571874], [85.5934515, 20.35560767], [85.59370401, 20.3553096], [85.59283196, 20.35447162], [85.59261821, 20.35424936], [85.5922154, 20.3538623], [85.59086986, 20.35359958], [85.59020263, 20.35314738], [85.59023243, 20.35169283], [85.58998547, 20.35048781], [85.59001527, 20.34903838], [85.58934378, 20.34793129], [85.58896056, 20.34714143], [85.58803572, 20.34684123], [85.58782196, 20.34574692], [85.58758224, 20.34528152], [85.58692352, 20.34464835], [85.58621328, 20.34466283], [85.58578663, 20.34597685], [85.5852037, 20.34596493], [85.58420179, 20.34598537], [85.58302572, 20.34509289], [85.58232996, 20.34486721], [85.58117901, 20.34366943], [85.57987435, 20.34241544], [85.58075661, 20.34096047], [85.58040533, 20.33855681], [85.58019157, 20.33659045], [85.57996036, 20.33636818], [85.57920839, 20.33638351], [85.57865102, 20.33637202], [85.57704021, 20.33391513], [85.57780239, 20.33243504], [85.57907682, 20.33246102], [85.57978834, 20.33221746], [85.58126247, 20.33224769], [85.58201784, 20.33173545], [85.58171339, 20.33114443], [85.58149112, 20.33068669], [85.58150645, 20.32994324], [85.58149453, 20.32935691], [85.57985136, 20.32777803], [85.58031761, 20.32641674], [85.57932719, 20.32412763], [85.57977301, 20.32326239], [85.58019157, 20.32286001], [85.58040533, 20.32263774], [85.5806276, 20.32242399], [85.58084135, 20.32220172], [85.58106362, 20.32198797], [85.58129015, 20.32175207], [85.58127609, 20.3210512], [85.57993737, 20.32005865], [85.57723224, 20.31980785], [85.5760979, 20.32057685], [85.57671234, 20.32176995], [85.57668636, 20.32304098], [85.57692141, 20.3237278], [85.57713516, 20.32482211], [85.57810131, 20.32601904], [85.57713388, 20.32721725], [85.57735786, 20.32787086], [85.57731911, 20.32830603], [85.57604936, 20.327652], [85.57560908, 20.32743824], [85.57478984, 20.326883], [85.57519478, 20.32609654], [85.57561334, 20.32569415], [85.57583987, 20.32545826], [85.57582624, 20.32478719], [85.57495505, 20.32395007], [85.57443387, 20.32262922], [85.57512665, 20.32092218], [85.57439341, 20.31984064], [85.57321522, 20.32024388], [85.57143792, 20.32046104], [85.56998167, 20.32197647], [85.56926547, 20.32220172], [85.56838533, 20.32174824], [85.56798295, 20.32132967], [85.56741834, 20.32078678], [85.56612773, 20.32122876], [85.56509941, 20.32087662], [85.56401532, 20.32089876], [85.56256461, 20.32240866], [85.56198594, 20.32268926], [85.56076304, 20.32307376], [85.5598829, 20.32262028], [85.55946306, 20.32218341], [85.5595001, 20.32037034], [85.55991654, 20.31915382], [85.56013029, 20.31807952], [85.55832787, 20.31423324], [85.55135109, 20.31270163], [85.54716757, 20.30499204], [85.54899469, 20.30048832], [85.55066384, 20.29402591], [85.54852631, 20.28696226], [85.5437999, 20.28284858], [85.53810393, 20.28633974], [85.53575733, 20.28358522], [85.53451611, 20.28198079]], [[85.57659226, 20.3428059], [85.57682134, 20.34326704], [85.57648028, 20.34375118], [85.57630101, 20.34295323], [85.57659226, 20.3428059]], [[85.57441215, 20.34149783], [85.57432486, 20.34199347], [85.57412899, 20.34161919], [85.57441215, 20.34149783]], [[85.5539191, 20.34018977], [85.55325953, 20.34133347], [85.55285971, 20.34159875], [85.55295892, 20.34036477], [85.5539191, 20.34018977]], [[85.57375812, 20.33931772], [85.57410855, 20.33985296], [85.57405192, 20.34013867], [85.57271022, 20.33987382], [85.57279793, 20.33942971], [85.57375812, 20.33931772]], [[85.56896187, 20.3604648], [85.56957801, 20.36129043], [85.56948433, 20.36192701], [85.56890609, 20.36184142], [85.56806385, 20.3621727], [85.56747369, 20.36181673], [85.56757546, 20.36112948], [85.56828868, 20.36057934], [85.56896187, 20.3604648]], [[85.58989094, 20.37725166], [85.58979386, 20.37780861], [85.589552, 20.37800278], [85.58889158, 20.37908942], [85.58737189, 20.37931084], [85.58679535, 20.37964978], [85.58652369, 20.37931084], [85.58595737, 20.37911668], [85.5843968, 20.38003428], [85.58373766, 20.3796468], [85.58467869, 20.37804536], [85.58630568, 20.37780861], [85.58693587, 20.37756675], [85.58913982, 20.37737259], [85.58989094, 20.37725166]], [[85.59119901, 20.37746967], [85.59129396, 20.37759273], [85.59164056, 20.37786013], [85.59218602, 20.37777965], [85.59260203, 20.37793167], [85.59213663, 20.37870322], [85.59220773, 20.37918268], [85.59120327, 20.37952672], [85.59066803, 20.37821866], [85.59028353, 20.37758166], [85.59119901, 20.37746967]], [[85.59359713, 20.37877774], [85.59368612, 20.37843071], [85.59394416, 20.37803471], [85.59418091, 20.37740112], [85.59477618, 20.37717459], [85.5943095, 20.37828593], [85.59359713, 20.37877774]], [[85.59359713, 20.37877774], [85.59359713, 20.37899575], [85.59337912, 20.37899575], [85.59337912, 20.37877774], [85.59359713, 20.37877774]], [[85.59337912, 20.37899575], [85.59326075, 20.37927252], [85.59287795, 20.37908431], [85.59337912, 20.37899575]], [[85.59817536, 20.37507155], [85.5984087, 20.37554078], [85.59791137, 20.37616671], [85.59729821, 20.37567959], [85.5977057, 20.3751665], [85.59817536, 20.37507155]], [[85.58967293, 20.37005729], [85.58958564, 20.37055293], [85.58938977, 20.37017865], [85.58967293, 20.37005729]], [[85.58356862, 20.37092934], [85.58397824, 20.37157315], [85.58388201, 20.37234811], [85.58312323, 20.37277051], [85.582258, 20.37226167], [85.58240575, 20.37107496], [85.58356862, 20.37092934]], [[85.58226055, 20.39709067], [85.58250326, 20.39766806], [85.58188414, 20.39805171], [85.58151752, 20.39728143], [85.58226055, 20.39709067]], [[85.57245005, 20.38684415], [85.57284009, 20.38743474], [85.57272469, 20.38794953], [85.57179006, 20.38824121], [85.57139534, 20.38766978], [85.57182923, 20.3870034], [85.57245005, 20.38684415]], [[85.57266806, 20.38117586], [85.57276301, 20.38129892], [85.57300913, 20.38148882], [85.57331145, 20.38188056], [85.57363506, 20.38304301], [85.57388117, 20.38366894], [85.57407108, 20.38496678], [85.5733766, 20.38590355], [85.57284179, 20.38582435], [85.5723551, 20.38345092], [85.57159844, 20.38243027], [85.57170404, 20.38171578], [85.57266806, 20.38117586]], [[85.59752133, 20.38488205], [85.59785218, 20.3854275], [85.59732248, 20.38607898], [85.59676042, 20.38503065], [85.59752133, 20.38488205]], [[85.58749282, 20.38379199], [85.58779173, 20.38450436], [85.5869678, 20.38392655], [85.58749282, 20.38379199]], [[85.56263955, 20.38335597], [85.56291079, 20.38411177], [85.56210048, 20.38383755], [85.56263955, 20.38335597]], [[85.5870568, 20.38030381], [85.5875916, 20.38115287], [85.58731313, 20.38227486], [85.58655903, 20.38270662], [85.58512322, 20.38216713], [85.58484943, 20.38293826], [85.58606553, 20.38329508], [85.58586795, 20.38369321], [85.58508405, 20.38434426], [85.5856295, 20.38500127], [85.58693502, 20.38608537], [85.58783005, 20.38803299], [85.58807617, 20.38995762], [85.59018943, 20.39027229], [85.59029162, 20.39127207], [85.58955072, 20.39155012], [85.58802763, 20.3913236], [85.58690819, 20.39038981], [85.58628396, 20.39045325], [85.58603955, 20.38908174], [85.58455989, 20.38694293], [85.58432144, 20.38674536], [85.58412386, 20.38650691], [85.58388541, 20.38630934], [85.5835303, 20.38588141], [85.58296398, 20.3858235], [85.58167209, 20.38737896], [85.58084178, 20.38711453], [85.58039724, 20.38674536], [85.58010216, 20.38638982], [85.57954563, 20.38607089], [85.57817965, 20.38576814], [85.5769295, 20.38472961], [85.5778471, 20.38382606], [85.57917987, 20.3843268], [85.58030697, 20.38404875], [85.58063569, 20.3834752], [85.58098101, 20.38267852], [85.58237552, 20.38151565], [85.58465016, 20.38202193], [85.58526246, 20.38167149], [85.58668592, 20.38181627], [85.58693757, 20.3804026], [85.5870568, 20.38030381]], [[85.57179602, 20.36329895], [85.57206299, 20.363686], [85.57258758, 20.36404793], [85.57319308, 20.36496596], [85.57275705, 20.36600407], [85.57243898, 20.36724401], [85.57165593, 20.36753015], [85.57083498, 20.36595851], [85.57155501, 20.3648527], [85.57106832, 20.36369452], [85.57179602, 20.36329895]], [[85.58356862, 20.36460701], [85.58373511, 20.36494212], [85.58326119, 20.3655391], [85.58266506, 20.36524827], [85.58309896, 20.36470197], [85.58356862, 20.36460701]], [[85.58618475, 20.36373497], [85.58608171, 20.36428596], [85.58562141, 20.36469771], [85.58504062, 20.36534748], [85.58433762, 20.36487058], [85.58485837, 20.36391253], [85.58618475, 20.36373497]], [[85.5870568, 20.36373497], [85.58693842, 20.36401174], [85.58655563, 20.36382354], [85.5870568, 20.36373497]], [[85.58836486, 20.36220889], [85.58914323, 20.36341093], [85.58856116, 20.36383588], [85.58695588, 20.36335558], [85.5873919, 20.36298002], [85.58775171, 20.36256231], [85.58836486, 20.36220889]], [[85.54694275, 20.36482502], [85.54675199, 20.36556762], [85.54641773, 20.36518738], [85.54694275, 20.36482502]], [[85.58945492, 20.36068281], [85.5893804, 20.36094851], [85.58918922, 20.36075733], [85.58945492, 20.36068281]], [[85.58531271, 20.35436049], [85.58565165, 20.35511714], [85.58557543, 20.35586187], [85.5860272, 20.35706391], [85.58634911, 20.35733132], [85.58673872, 20.35729172], [85.58715558, 20.35796789], [85.58751283, 20.35826468], [85.58799271, 20.35884207], [85.58757244, 20.35996065], [85.58762354, 20.36045969], [85.58702827, 20.3607816], [85.58614771, 20.35972178], [85.5850453, 20.36104943], [85.58449942, 20.36099365], [85.58351922, 20.35873434], [85.5850568, 20.35634686], [85.58453945, 20.35513375], [85.58434188, 20.35453337], [85.58531271, 20.35436049]], [[85.57702828, 20.35719463], [85.57755756, 20.35805092], [85.57551242, 20.35860575], [85.57496314, 20.35792787], [85.57624097, 20.35734154], [85.57702828, 20.35719463]], [[85.58749282, 20.35675861], [85.58737444, 20.35703538], [85.58699165, 20.35684718], [85.58749282, 20.35675861]], [[85.54563468, 20.3545785], [85.54597447, 20.3551231], [85.5457241, 20.3555719], [85.54326296, 20.35685953], [85.54233811, 20.35634345], [85.54318291, 20.35482845], [85.54563468, 20.3545785]], [[85.54781479, 20.35479651], [85.54766576, 20.35531855], [85.54728169, 20.35494895], [85.54781479, 20.35479651]], [[85.5870568, 20.35348845], [85.58761587, 20.35423743], [85.58771977, 20.35510948], [85.5867549, 20.35372179], [85.5870568, 20.35348845]], [[85.56808983, 20.34694811], [85.56819457, 20.34706137], [85.5686472, 20.34748079], [85.56950264, 20.34880546], [85.57037894, 20.35007861], [85.57065529, 20.35181334], [85.57159206, 20.35326405], [85.57315305, 20.3538112], [85.57386286, 20.35351357], [85.57365337, 20.35315717], [85.57256331, 20.35235794], [85.57278516, 20.35205008], [85.57362356, 20.3520833], [85.57489586, 20.35174989], [85.5758701, 20.35209139], [85.57692311, 20.35204966], [85.57735104, 20.35251165], [85.57844961, 20.35272115], [85.57865911, 20.35316569], [85.57909513, 20.35398962], [85.57887882, 20.35403901], [85.57847303, 20.35360171], [85.57778706, 20.3538112], [85.57711855, 20.35404582], [85.57650625, 20.35402155], [85.57624438, 20.35621018], [85.57564017, 20.35686208], [85.57514198, 20.3568821], [85.573007, 20.35575201], [85.57179602, 20.35639285], [85.57036021, 20.35563321], [85.56939917, 20.35629449], [85.56906662, 20.3553458], [85.56865827, 20.35363151], [85.56802766, 20.35295108], [85.56634276, 20.35424297], [85.56542345, 20.35427959], [85.56367468, 20.35325127], [85.56322375, 20.35239967], [85.5647064, 20.35024468], [85.56443516, 20.35006414], [85.562152, 20.35015441], [85.56079454, 20.34889659], [85.56076559, 20.34816463], [85.56129316, 20.3478853], [85.56239854, 20.34817485], [85.56418905, 20.34786316], [85.56548519, 20.34875522], [85.56580497, 20.34815143], [85.56612517, 20.3474727], [85.56732253, 20.34705286], [85.56808983, 20.34694811]], [[85.54149247, 20.34782016], [85.54204559, 20.34879312], [85.54251653, 20.35003391], [85.54347075, 20.35085613], [85.5437735, 20.35120742], [85.54432874, 20.3516856], [85.54508156, 20.35140925], [85.54579265, 20.35119507], [85.54626231, 20.35065004], [85.5477803, 20.35149696], [85.54900576, 20.3505372], [85.54922377, 20.35051038], [85.54856974, 20.35206328], [85.54832277, 20.35288295], [85.54726976, 20.35249632], [85.54661701, 20.35273605], [85.54557805, 20.35245161], [85.54454122, 20.35326362], [85.54302408, 20.35200835], [85.5418114, 20.35164344], [85.54127531, 20.35134453], [85.54095553, 20.35097323], [85.54072134, 20.3507714], [85.54045649, 20.35046397], [85.54052888, 20.34956424], [85.54045606, 20.34865941], [85.54080991, 20.34802582], [85.54149247, 20.34782016]], [[85.56220353, 20.35174436], [85.56210644, 20.35231621], [85.56127102, 20.35271135], [85.56101852, 20.35194576], [85.56220353, 20.35174436]], [[85.58226055, 20.35218038], [85.58218604, 20.35244608], [85.58199485, 20.35225489], [85.58226055, 20.35218038]], [[85.58727481, 20.35000027], [85.58757968, 20.35081185], [85.58697504, 20.35140712], [85.58674, 20.35015739], [85.58727481, 20.35000027]], [[85.54955888, 20.34978226], [85.54941113, 20.35006286], [85.54882948, 20.34987721], [85.54955888, 20.34978226]], [[85.57528419, 20.34956424], [85.57520968, 20.34982995], [85.57501849, 20.34963876], [85.57528419, 20.34956424]], [[85.58618475, 20.34825618], [85.58673404, 20.34901496], [85.58685326, 20.34966899], [85.58542597, 20.34840095], [85.58618475, 20.34825618]], [[85.57135999, 20.34716612], [85.57143706, 20.34730706], [85.57215497, 20.3474612], [85.57268637, 20.34786316], [85.57137575, 20.34920529], [85.57079921, 20.34896769], [85.57062889, 20.3475404], [85.57135999, 20.34716612]], [[85.54389059, 20.34694811], [85.54402855, 20.34750975], [85.54334216, 20.3477665], [85.54314757, 20.34735177], [85.54389059, 20.34694811]], [[85.54083844, 20.34651209], [85.54119866, 20.34705712], [85.54080309, 20.34766431], [85.54031342, 20.34687445], [85.54083844, 20.34651209]], [[85.58226055, 20.34607607], [85.58244279, 20.34632985], [85.58282346, 20.34660321], [85.58300571, 20.3469], [85.58152008, 20.34660662], [85.58226055, 20.34607607]], [[85.5499949, 20.34694811], [85.55014947, 20.34610034], [85.55090825, 20.34544673], [85.55226273, 20.34555574], [85.55289505, 20.34520274], [85.55267661, 20.34248314], [85.55329317, 20.34226896], [85.553584, 20.34506351], [85.55266128, 20.3462417], [85.55112711, 20.34611822], [85.5499949, 20.34694811]], [[85.5499949, 20.34694811], [85.54992039, 20.34721381], [85.5497292, 20.34702263], [85.5499949, 20.34694811]], [[85.57833635, 20.34345993], [85.57842747, 20.34358682], [85.57882347, 20.34387083], [85.57908151, 20.3450073], [85.57779728, 20.34534624], [85.57720712, 20.34497153], [85.57802509, 20.34368305], [85.57833635, 20.34345993]], [[85.57223204, 20.33953573], [85.57215752, 20.33980143], [85.57196634, 20.33961025], [85.57223204, 20.33953573]], [[85.55609921, 20.33822767], [85.55590846, 20.33897027], [85.5555742, 20.33859002], [85.55609921, 20.33822767]], [[85.56874386, 20.33779164], [85.56866934, 20.33805734], [85.56847816, 20.33786616], [85.56874386, 20.33779164]], [[85.56852585, 20.33735562], [85.56845133, 20.33762132], [85.56826015, 20.33743014], [85.56852585, 20.33735562]], [[85.56808983, 20.33604755], [85.56800254, 20.33654319], [85.56780667, 20.33616891], [85.56808983, 20.33604755]], [[85.5421465, 20.32689109], [85.54342391, 20.32865604], [85.54268727, 20.33004799], [85.54247778, 20.33081401], [85.54421889, 20.33242738], [85.54443136, 20.33382657], [85.54221165, 20.33462622], [85.54077073, 20.33386404], [85.53855996, 20.33477227], [85.53716376, 20.33299668], [85.53768153, 20.33201861], [85.53789103, 20.330266], [85.53825764, 20.32957365], [85.53985866, 20.32724706], [85.5421465, 20.32689109]], [[85.57114198, 20.33190534], [85.5709921, 20.33305075], [85.57044835, 20.33375035], [85.57016902, 20.3330218], [85.57072129, 20.33203181], [85.57114198, 20.33190534]], [[85.54737877, 20.33059728], [85.54728552, 20.33131561], [85.54708539, 20.33075184], [85.54737877, 20.33059728]], [[85.56656375, 20.33081529], [85.56647646, 20.33131092], [85.56628059, 20.33093664], [85.56656375, 20.33081529]], [[85.57005193, 20.32950722], [85.56998337, 20.32997858], [85.56956822, 20.3295779], [85.57005193, 20.32950722]], [[85.56198552, 20.32732711], [85.56176112, 20.32807226], [85.56123057, 20.32776228], [85.56198552, 20.32732711]], [[85.56067745, 20.32754512], [85.56055908, 20.32782189], [85.56017628, 20.32763369], [85.56067745, 20.32754512]], [[85.56612773, 20.32623705], [85.56605449, 20.32659984], [85.56555715, 20.32685149], [85.56540046, 20.3263286], [85.56612773, 20.32623705]], [[85.55915137, 20.32558302], [85.55888567, 20.3255085], [85.55907686, 20.32531732], [85.55915137, 20.32558302]], [[85.55915137, 20.32558302], [85.55936938, 20.32558302], [85.55936938, 20.32580103], [85.55915137, 20.32580103], [85.55915137, 20.32558302]], [[85.55936938, 20.32580103], [85.55964615, 20.3259194], [85.55945795, 20.3263022], [85.55936938, 20.32580103]], [[85.56547369, 20.325147], [85.56539918, 20.3254127], [85.56520799, 20.32522151], [85.56547369, 20.325147]], [[85.53953037, 20.32362092], [85.5396134, 20.3237559], [85.53988336, 20.32392196], [85.54004942, 20.32430731], [85.53930384, 20.32476676], [85.53901132, 20.3239407], [85.53953037, 20.32362092]], [[85.55806132, 20.32383893], [85.55831765, 20.32458749], [85.55751842, 20.32401521], [85.55806132, 20.32383893]], [[85.53560617, 20.31904269], [85.53587059, 20.31937311], [85.53703516, 20.31957579], [85.53722933, 20.3199539], [85.53648332, 20.32026857], [85.5355687, 20.32156983], [85.5357288, 20.32285788], [85.53567983, 20.3232509], [85.53426744, 20.32424344], [85.53315482, 20.32410506], [85.53469197, 20.32237247], [85.53355295, 20.32043506], [85.53560617, 20.31904269]], [[85.55544518, 20.32274888], [85.55571642, 20.32350468], [85.55490611, 20.32323046], [85.55544518, 20.32274888]], [[85.55631723, 20.32209484], [85.55647946, 20.32242143], [85.55630019, 20.3227889], [85.55580797, 20.32235245], [85.55631723, 20.32209484]], [[85.55457314, 20.32056876], [85.55445476, 20.32084554], [85.55407197, 20.32065733], [85.55457314, 20.32056876]], [[85.53844031, 20.3172986], [85.53878138, 20.31782957], [85.53903899, 20.31845848], [85.53853527, 20.31913764], [85.53834536, 20.31960177], [85.53791359, 20.3202277], [85.53762916, 20.31855429], [85.536752, 20.31787726], [85.53682141, 20.3174059], [85.53844031, 20.3172986]], [[85.53451611, 20.31838865], [85.53451611, 20.31882468], [85.53364407, 20.31882468], [85.53364407, 20.31838865], [85.53451611, 20.31838865]], [[85.54476264, 20.31054025], [85.54497894, 20.310975], [85.54474986, 20.31144381], [85.54405751, 20.31089367], [85.54476264, 20.31054025]], [[85.53473412, 20.30530799], [85.53466089, 20.30545276], [85.53416993, 20.305701], [85.53400685, 20.30539953], [85.53473412, 20.30530799]], [[85.53691424, 20.30290986], [85.53716972, 20.30355921], [85.53662682, 20.30409487], [85.53594724, 20.30307422], [85.53691424, 20.30290986]], [[85.53582418, 20.30269185], [85.53574966, 20.30295755], [85.53555848, 20.30276637], [85.53582418, 20.30269185]], [[85.53931236, 20.29702356], [85.53916758, 20.29988666], [85.53812948, 20.30037676], [85.53714034, 20.30144425], [85.53497811, 20.30178872], [85.53431471, 20.30143744], [85.5347205, 20.30067014], [85.53642967, 20.30039805], [85.5372783, 20.29948215], [85.53722677, 20.29818004], [85.53833003, 20.29715769], [85.53931236, 20.29702356]], [[85.5284118, 20.29724157], [85.52829896, 20.2979582], [85.52722424, 20.29869995], [85.52657872, 20.29825796], [85.52701857, 20.29758264], [85.5281048, 20.29737059], [85.5284118, 20.29724157]], [[85.53517015, 20.29702356], [85.53560404, 20.29767972], [85.53509648, 20.29842062], [85.53430704, 20.29790625], [85.53446416, 20.29720453], [85.53517015, 20.29702356]], [[85.53146396, 20.29048323], [85.53131493, 20.29100526], [85.53093085, 20.29063567], [85.53146396, 20.29048323]]]]}, "geometry_name": "geom", "properties": {"objectid": 2067, "id": 2675, "gridcode": 1, "shape_leng": 1.22405774566, "shape_area": 0.00403293214, "from_time": "19-08-2022 18:00", "to_time": "19-08-2022 18:00"}}]}