{"type": "FeatureCollection", "features": [{"type": "Feature", "id": "odflood50dsc16082022.8828", "geometry": {"type": "MultiPolygon", "coordinates": [[[[85.93813704, 20.6396039], [85.93700063, 20.63969882], [85.93676746, 20.64072504], [85.93625724, 20.64131737], [85.93588177, 20.6416409], [85.93594178, 20.64238868], [85.93587686, 20.64319716], [85.93590564, 20.64355649], [85.93584125, 20.64435918], [85.93625724, 20.64471763], [85.93642357, 20.64491063], [85.93754085, 20.64524697], [85.93787421, 20.64615494], [85.9381237, 20.64752241], [85.9386062, 20.64793823], [85.93908711, 20.64901586], [85.93931151, 20.64920921], [85.9397433, 20.64989856], [85.94106639, 20.65026052], [85.94127447, 20.64867022], [85.94146747, 20.64850389], [85.94168784, 20.64824808], [85.94289144, 20.64771102], [85.94271845, 20.64721344], [85.94094164, 20.64667849], [85.94090743, 20.64625143], [85.94095638, 20.64564209], [85.94055582, 20.6445513], [85.94038949, 20.64345999], [85.9401965, 20.64329366], [85.93999701, 20.64284643], [85.93911852, 20.64221568], [85.93889253, 20.64000042], [85.9382202, 20.6397004], [85.93813704, 20.6396039]]]]}, "geometry_name": "geom", "properties": {"id": 8828, "gridcode": 1, "from_time": "16-08-2022 00:00", "to_time": "16-08-2022 00:00"}}, {"type": "Feature", "id": "odflood50dsc16082022.8839", "geometry": {"type": "MultiPolygon", "coordinates": [[[[85.93436411, 20.63852592], [85.93357212, 20.6387291], [85.93372863, 20.64035045], [85.93444903, 20.64051204], [85.93482976, 20.64024921], [85.93497644, 20.64003657], [85.93568246, 20.63977251], [85.93536875, 20.63931791], [85.9351561, 20.63917124], [85.93490468, 20.638807], [85.93443745, 20.63863225], [85.93436411, 20.63852592]]]]}, "geometry_name": "geom", "properties": {"id": 8839, "gridcode": 1, "from_time": "16-08-2022 00:00", "to_time": "16-08-2022 00:00"}}, {"type": "Feature", "id": "odflood50dsc16082022.8982", "geometry": {"type": "MultiPolygon", "coordinates": [[[[85.94622188, 20.62810547], [85.94552498, 20.62842812], [85.94448542, 20.62811231], [85.94392135, 20.6282239], [85.94418838, 20.62933223], [85.94560218, 20.62961786], [85.94613169, 20.62887886], [85.94622188, 20.62810547]]]]}, "geometry_name": "geom", "properties": {"id": 8982, "gridcode": 1, "from_time": "16-08-2022 00:00", "to_time": "16-08-2022 00:00"}}, {"type": "Feature", "id": "odflood50dsc16082022.9000", "geometry": {"type": "MultiPolygon", "coordinates": [[[[85.92789624, 20.62666816], [85.92736532, 20.62676062], [85.92779045, 20.62786685], [85.92745709, 20.63054794], [85.9278208, 20.63227351], [85.92885386, 20.63240194], [85.92943338, 20.63215789], [85.92959304, 20.63195822], [85.92979271, 20.63179856], [85.92995237, 20.63159889], [85.93015203, 20.63143923], [85.93031169, 20.63070058], [85.93085068, 20.62929837], [85.93059487, 20.62837917], [85.93015203, 20.62782597], [85.9297727, 20.62766631], [85.92943338, 20.62746664], [85.92869473, 20.62730698], [85.9283554, 20.62710732], [85.92797607, 20.62694766], [85.92789624, 20.62666816]]]]}, "geometry_name": "geom", "properties": {"id": 9000, "gridcode": 1, "from_time": "16-08-2022 00:00", "to_time": "16-08-2022 00:00"}}, {"type": "Feature", "id": "odflood50dsc16082022.9131", "geometry": {"type": "MultiPolygon", "coordinates": [[[[85.93544209, 20.6065459], [85.9344736, 20.60664678], [85.9339225, 20.60713928], [85.93385039, 20.60834937], [85.93408953, 20.60861711], [85.93496416, 20.60925172], [85.93516751, 20.60969509], [85.93545227, 20.60994932], [85.93585809, 20.61040357], [85.93678448, 20.60958982], [85.93634304, 20.60796654], [85.93606582, 20.6077188], [85.93589634, 20.60716963], [85.93544209, 20.6065459]]]]}, "geometry_name": "geom", "properties": {"id": 9131, "gridcode": 1, "from_time": "16-08-2022 00:00", "to_time": "16-08-2022 00:00"}}, {"type": "Feature", "id": "odflood50dsc16082022.9175", "geometry": {"type": "MultiPolygon", "coordinates": [[[[85.92969287, 20.59774241], [85.92876456, 20.59783908], [85.92845541, 20.599495], [85.92817083, 20.59981362], [85.92764675, 20.6002819], [85.92755411, 20.60183711], [85.92798099, 20.60250857], [85.92835049, 20.60267806], [85.92887421, 20.60296281], [85.92942847, 20.60321704], [85.93007062, 20.6039357], [85.93103526, 20.6035604], [85.93086577, 20.60231873], [85.93031661, 20.60161025], [85.93014712, 20.60124075], [85.92978779, 20.60091967], [85.92995728, 20.60070176], [85.93031661, 20.60038068], [85.93014712, 20.60016277], [85.92982657, 20.59987643], [85.92969287, 20.59774241]]]]}, "geometry_name": "geom", "properties": {"id": 9175, "gridcode": 1, "from_time": "16-08-2022 00:00", "to_time": "16-08-2022 00:00"}}, {"type": "Feature", "id": "odflood50dsc16082022.9176", "geometry": {"type": "MultiPolygon", "coordinates": [[[[85.94586255, 20.59774241], [85.94495634, 20.59785838], [85.944497, 20.59841123], [85.94362501, 20.5987388], [85.94274354, 20.59893443], [85.94267932, 20.59956343], [85.94302198, 20.59997592], [85.94344534, 20.60015961], [85.94402837, 20.60086125], [85.94601274, 20.6010839], [85.94630346, 20.60143375], [85.94649962, 20.60159692], [85.94679525, 20.60195274], [85.94774708, 20.6015399], [85.94811658, 20.60089476], [85.9483087, 20.59981678], [85.94870558, 20.60000329], [85.94912807, 20.6005121], [85.95004375, 20.60060544], [85.95043571, 20.59956255], [85.95026552, 20.59868599], [85.94989672, 20.59837948], [85.9495981, 20.59802015], [85.94845942, 20.59818332], [85.9481608, 20.59854265], [85.94684245, 20.59837948], [85.94667928, 20.59818332], [85.94597501, 20.59787786], [85.94586255, 20.59774241]], [[85.94586255, 20.59900005], [85.94609906, 20.59949588], [85.94574658, 20.59996205], [85.9456192, 20.60037367], [85.94542655, 20.60050104], [85.94525987, 20.59996205], [85.94491791, 20.59950991], [85.94509758, 20.59907427], [85.94586255, 20.59900005]]]]}, "geometry_name": "geom", "properties": {"id": 9176, "gridcode": 1, "from_time": "16-08-2022 00:00", "to_time": "16-08-2022 00:00"}}, {"type": "Feature", "id": "odflood50dsc16082022.9180", "geometry": {"type": "MultiPolygon", "coordinates": [[[[85.92376399, 20.59702376], [85.92330326, 20.59710201], [85.92314675, 20.59730483], [85.92292902, 20.59747291], [85.92314675, 20.597641], [85.92331343, 20.59919673], [85.92356907, 20.60040823], [85.9245037, 20.60097196], [85.92539254, 20.60060807], [85.92548711, 20.59996784], [85.92512305, 20.5990783], [85.9245816, 20.59866038], [85.92438369, 20.59772276], [85.92384224, 20.59730483], [85.92376399, 20.59702376]]]]}, "geometry_name": "geom", "properties": {"id": 9180, "gridcode": 1, "from_time": "16-08-2022 00:00", "to_time": "16-08-2022 00:00"}}, {"type": "Feature", "id": "odflood50dsc16082022.9188", "geometry": {"type": "MultiPolygon", "coordinates": [[[[85.94694053, 20.59504746], [85.94629364, 20.59511922], [85.94615012, 20.59533503], [85.94571938, 20.59549136], [85.94597045, 20.59565821], [85.94614906, 20.59592665], [85.94722248, 20.5961972], [85.94724985, 20.59549311], [85.94701229, 20.59533503], [85.94694053, 20.59504746]]]]}, "geometry_name": "geom", "properties": {"id": 9188, "gridcode": 1, "from_time": "16-08-2022 00:00", "to_time": "16-08-2022 00:00"}}, {"type": "Feature", "id": "odflood50dsc16082022.9202", "geometry": {"type": "MultiPolygon", "coordinates": [[[[85.92987254, 20.59307117], [85.92940864, 20.59314626], [85.92925845, 20.5933554], [85.92877157, 20.59354331], [85.92836575, 20.59487956], [85.92888492, 20.595604], [85.9295883, 20.59605035], [85.93033643, 20.59620054], [85.93048837, 20.59641231], [85.93158179, 20.59662829], [85.93267205, 20.59640967], [85.93289716, 20.59609579], [85.93336123, 20.59576331], [85.93321104, 20.59548188], [85.9315646, 20.5953317], [85.93123475, 20.5944039], [85.93102561, 20.59425372], [85.93086682, 20.59384211], [85.93033643, 20.59350559], [85.92994763, 20.5933554], [85.92987254, 20.59307117]]]]}, "geometry_name": "geom", "properties": {"id": 9202, "gridcode": 1, "from_time": "16-08-2022 00:00", "to_time": "16-08-2022 00:00"}}, {"type": "Feature", "id": "odflood50dsc16082022.9227", "geometry": {"type": "MultiPolygon", "coordinates": [[[[85.9499948, 20.59073555], [85.94881541, 20.5908138], [85.94865891, 20.59119629], [85.94832467, 20.5914542], [85.94878453, 20.59180914], [85.94901823, 20.59261043], [85.94932334, 20.59440619], [85.94960494, 20.59462357], [85.94996304, 20.5954989], [85.95171318, 20.59620369], [85.95199057, 20.59656302], [85.952768, 20.59636704], [85.95261149, 20.59584437], [85.95229849, 20.59560277], [85.95191179, 20.59461936], [85.95213567, 20.59310468], [85.95189284, 20.5927901], [85.95135403, 20.59256955], [85.95097137, 20.59227427], [85.9507903, 20.59183195], [85.95043238, 20.59155561], [85.9499948, 20.59073555]]]]}, "geometry_name": "geom", "properties": {"id": 9227, "gridcode": 1, "from_time": "16-08-2022 00:00", "to_time": "16-08-2022 00:00"}}, {"type": "Feature", "id": "odflood50dsc16082022.9289", "geometry": {"type": "MultiPolygon", "coordinates": [[[[85.91388252, 20.58624397], [85.91270963, 20.58650838], [85.91212449, 20.5867184], [85.91182149, 20.58705755], [85.91061122, 20.58776216], [85.90974326, 20.58715597], [85.90924059, 20.5865933], [85.90836017, 20.58633889], [85.9078689, 20.58692508], [85.90839964, 20.587902], [85.90857738, 20.58885418], [85.90876722, 20.58902366], [85.9089367, 20.58978056], [85.90857738, 20.59010164], [85.90840789, 20.59029148], [85.90739781, 20.59060326], [85.90715025, 20.59129156], [85.90803646, 20.59169843], [85.90923129, 20.59189827], [85.91103722, 20.59151245], [85.91130022, 20.59093925], [85.91121916, 20.5895795], [85.91381813, 20.58939159], [85.91440134, 20.58873908], [85.91508753, 20.58812587], [85.91499998, 20.58665769], [85.91396727, 20.58633889], [85.91388252, 20.58624397]]]]}, "geometry_name": "geom", "properties": {"id": 9289, "gridcode": 1, "from_time": "16-08-2022 00:00", "to_time": "16-08-2022 00:00"}}, {"type": "Feature", "id": "odflood50dsc16082022.9358", "geometry": {"type": "MultiPolygon", "coordinates": [[[[85.92017073, 20.58139307], [85.91847779, 20.58156572], [85.91826251, 20.58251281], [85.9184706, 20.58327287], [85.9186629, 20.58495054], [85.91900959, 20.58524916], [85.91919522, 20.58626661], [85.91917153, 20.58656031], [85.91881659, 20.58686613], [85.91865026, 20.58727511], [85.919041, 20.5876118], [85.91935558, 20.58831677], [85.91955226, 20.58866942], [85.91926119, 20.58919122], [85.91868693, 20.58938141], [85.9183848, 20.588378], [85.91750123, 20.5881371], [85.91757667, 20.5890756], [85.91795512, 20.58940159], [85.9182776, 20.59047272], [85.91870378, 20.59163316], [85.91900959, 20.59189669], [85.91917592, 20.59226935], [85.91939769, 20.59266675], [85.92012792, 20.59299274], [85.920712, 20.59367069], [85.92121836, 20.5938965], [85.92155154, 20.59386983], [85.92187086, 20.59315433], [85.92235546, 20.59273676], [85.92280304, 20.59202232], [85.92314184, 20.59173036], [85.92330817, 20.59114172], [85.92254951, 20.59048816], [85.9216912, 20.59029306], [85.92119169, 20.58971337], [85.92170454, 20.58831677], [85.92187086, 20.58668646], [85.92206386, 20.58652014], [85.92223019, 20.58611116], [85.92177437, 20.58571832], [85.9213403, 20.5842768], [85.92116309, 20.58234753], [85.92079289, 20.58202856], [85.92054339, 20.58173906], [85.9202539, 20.58148957], [85.92017073, 20.58139307]]]]}, "geometry_name": "geom", "properties": {"id": 9358, "gridcode": 1, "from_time": "16-08-2022 00:00", "to_time": "16-08-2022 00:00"}}, {"type": "Feature", "id": "odflood50dsc16082022.9378", "geometry": {"type": "MultiPolygon", "coordinates": [[[[85.93777771, 20.58013543], [85.93677956, 20.58021526], [85.9366199, 20.5814929], [85.93642024, 20.58183223], [85.93626058, 20.58221156], [85.93582826, 20.58255755], [85.93606091, 20.58310987], [85.93642024, 20.58339761], [85.93624794, 20.58424961], [85.93500293, 20.58477421], [85.9351926, 20.58578482], [85.9364541, 20.5856234], [85.93744681, 20.58502019], [85.93778403, 20.58414293], [85.93762261, 20.58284441], [85.93801738, 20.58235139], [85.93856637, 20.58191171], [85.93867076, 20.58107199], [85.93841653, 20.58075425], [85.93801738, 20.58043475], [85.93777771, 20.58013543]]]]}, "geometry_name": "geom", "properties": {"id": 9378, "gridcode": 1, "from_time": "16-08-2022 00:00", "to_time": "16-08-2022 00:00"}}, {"type": "Feature", "id": "odflood50dsc16082022.9434", "geometry": {"type": "MultiPolygon", "coordinates": [[[[85.92466231, 20.57672183], [85.92384716, 20.576805], [85.92368083, 20.57699799], [85.92345643, 20.57719134], [85.92314184, 20.57789631], [85.92259057, 20.57837126], [85.92062743, 20.57821353], [85.91974228, 20.57870742], [85.91954858, 20.57922939], [85.92032127, 20.57971347], [85.92061322, 20.58005227], [85.92117221, 20.58030176], [85.9216912, 20.58059125], [85.92206386, 20.58075758], [85.92233967, 20.58107761], [85.92412753, 20.58129657], [85.92438615, 20.57932028], [85.92476881, 20.57720994], [85.92466231, 20.57672183]]]]}, "geometry_name": "geom", "properties": {"id": 9434, "gridcode": 1, "from_time": "16-08-2022 00:00", "to_time": "16-08-2022 00:00"}}, {"type": "Feature", "id": "odflood50dsc16082022.9440", "geometry": {"type": "MultiPolygon", "coordinates": [[[[85.95017446, 20.57618284], [85.94900156, 20.57644725], [85.94824273, 20.5766506], [85.94766304, 20.57729924], [85.94702527, 20.57770489], [85.94668612, 20.57844372], [85.94630662, 20.57878287], [85.94613713, 20.57915237], [85.94468965, 20.57932186], [85.94390573, 20.57953187], [85.94344219, 20.58005069], [85.94308637, 20.58036861], [85.9429032, 20.58320672], [85.9435443, 20.58350095], [85.94464754, 20.58343516], [85.94486931, 20.58427926], [85.94247316, 20.58413644], [85.941924, 20.58352183], [85.94149081, 20.58257808], [85.94127605, 20.58238631], [85.94104726, 20.5814029], [85.94026124, 20.58112866], [85.93949258, 20.58280336], [85.93930994, 20.5843626], [85.9391201, 20.58453209], [85.93895061, 20.5861873], [85.93930994, 20.58650838], [85.93947942, 20.58798393], [85.9391201, 20.58830501], [85.93881516, 20.58864627], [85.93822178, 20.58902366], [85.93792228, 20.58935895], [85.93805738, 20.59162422], [85.93877095, 20.59207793], [85.93894043, 20.59226777], [85.93920203, 20.59243726], [85.93965996, 20.59171721], [85.94035949, 20.59136946], [85.9405574, 20.5925492], [85.94001841, 20.59279659], [85.93981471, 20.5945362], [85.94008543, 20.59529099], [85.94146589, 20.5956712], [85.94235403, 20.5960407], [85.94314918, 20.59621019], [85.94471474, 20.59564856], [85.94522864, 20.59462971], [85.94323129, 20.59442145], [85.94274985, 20.59388281], [85.94209594, 20.59368087], [85.94146589, 20.59292905], [85.94207155, 20.59238778], [85.94343236, 20.59246884], [85.94365852, 20.59197582], [85.94360062, 20.59100504], [85.94362431, 20.5906087], [85.94473018, 20.59067467], [85.9450788, 20.59143438], [85.94569306, 20.59198302], [85.94604221, 20.59237392], [85.94630662, 20.59207793], [85.94667314, 20.59175054], [85.94688228, 20.59018726], [85.94678964, 20.58863451], [85.94757444, 20.58813552], [85.94774392, 20.58794568], [85.94812343, 20.58760654], [85.94846258, 20.58722703], [85.94867733, 20.58703526], [85.94921913, 20.58585482], [85.94991514, 20.5855355], [85.95077591, 20.58506757], [85.9510626, 20.58201172], [85.95138771, 20.5814136], [85.95180161, 20.58104392], [85.9522255, 20.5805695], [85.95273431, 20.58011473], [85.95295415, 20.57747803], [85.95241516, 20.57699641], [85.95224568, 20.57680657], [85.95133718, 20.57663709], [85.95080837, 20.57644725], [85.95025921, 20.57627776], [85.95017446, 20.57618284]], [[85.9451439, 20.58570498], [85.94539865, 20.58616888], [85.94592589, 20.58654698], [85.94572552, 20.58756092], [85.94498546, 20.58784638], [85.94414277, 20.5876797], [85.94363711, 20.58697438], [85.94399661, 20.58579078], [85.9451439, 20.58570498]]]]}, "geometry_name": "geom", "properties": {"id": 9440, "gridcode": 1, "from_time": "16-08-2022 00:00", "to_time": "16-08-2022 00:00"}}, {"type": "Feature", "id": "odflood50dsc16082022.9496", "geometry": {"type": "MultiPolygon", "coordinates": [[[[85.94083198, 20.57240992], [85.9397119, 20.57252414], [85.93941363, 20.57500205], [85.9396933, 20.57502451], [85.94001683, 20.57464904], [85.94072215, 20.57433428], [85.9411106, 20.57303751], [85.94083198, 20.57240992]]]]}, "geometry_name": "geom", "properties": {"id": 9496, "gridcode": 1, "from_time": "16-08-2022 00:00", "to_time": "16-08-2022 00:00"}}, {"type": "Feature", "id": "odflood50dsc16082022.9511", "geometry": {"type": "MultiPolygon", "coordinates": [[[[85.90382139, 20.57061329], [85.90305204, 20.57070733], [85.90295062, 20.57139423], [85.90320415, 20.57158985], [85.90348154, 20.57194918], [85.9037542, 20.57178601], [85.90429529, 20.5710563], [85.90389965, 20.57089436], [85.90382139, 20.57061329]]]]}, "geometry_name": "geom", "properties": {"id": 9511, "gridcode": 1, "from_time": "16-08-2022 00:00", "to_time": "16-08-2022 00:00"}}, {"type": "Feature", "id": "odflood50dsc16082022.9514", "geometry": {"type": "MultiPolygon", "coordinates": [[[[85.91549949, 20.57043362], [85.91315335, 20.57065154], [85.9048127, 20.57048135], [85.90463163, 20.57196252], [85.9036219, 20.57220867], [85.90319433, 20.57286083], [85.90278044, 20.5734714], [85.90103486, 20.57375564], [85.90085871, 20.57393881], [85.90030568, 20.57411496], [85.89978862, 20.57357685], [85.89814551, 20.57339824], [85.89818148, 20.57163407], [85.89797498, 20.57123316], [85.89646152, 20.57126404], [85.89546882, 20.57106069], [85.89383781, 20.57088454], [85.89349252, 20.57124386], [85.89330935, 20.57142002], [85.89303389, 20.57198743], [85.894717, 20.57239781], [85.89492632, 20.57302821], [85.89223137, 20.57321665], [85.89185748, 20.57340912], [85.89187889, 20.57445902], [85.89367219, 20.57465395], [85.89384834, 20.57483712], [85.8942217, 20.57501328], [85.89467595, 20.57454043], [85.89559146, 20.57429813], [85.89582463, 20.57575298], [85.89528564, 20.57627092], [85.89510949, 20.5773096], [85.89611273, 20.57755418], [85.89636362, 20.57807106], [85.89651241, 20.57824721], [85.89678787, 20.57683675], [85.89700034, 20.57645409], [85.89726194, 20.57699308], [85.89744704, 20.57717099], [85.89708806, 20.57751575], [85.89690612, 20.57790894], [85.89777952, 20.57874813], [85.89816025, 20.5793287], [85.89881258, 20.57954047], [85.89906541, 20.58006174], [85.89904787, 20.58092496], [85.89924928, 20.58131587], [85.90034498, 20.58129359], [85.90106364, 20.58054546], [85.90139419, 20.57986418], [85.90157736, 20.57968803], [85.90206073, 20.57846284], [85.90265534, 20.5778914], [85.90283149, 20.57770822], [85.90307888, 20.57753207], [85.90355014, 20.57825072], [85.90373332, 20.57842688], [85.90390947, 20.57880024], [85.90354821, 20.57914728], [85.90373332, 20.57932519], [85.90402492, 20.57962855], [85.90499096, 20.57986418], [85.90522975, 20.58035615], [85.90495885, 20.58141325], [85.90444846, 20.58166081], [85.90427231, 20.58221068], [85.90482217, 20.58219945], [85.90516711, 20.58184047], [85.90536151, 20.58165362], [85.90641107, 20.58167502], [85.90761993, 20.58126131], [85.90786206, 20.5807625], [85.90805593, 20.58038598], [85.90802347, 20.57879655], [85.90841965, 20.578416], [85.90975378, 20.57798298], [85.91001801, 20.57770822], [85.91101406, 20.57735241], [85.91128846, 20.57791789], [85.9120015, 20.57860285], [85.91235363, 20.57896937], [85.91253681, 20.57914553], [85.91271296, 20.5793287], [85.91308036, 20.57950696], [85.91230451, 20.57975873], [85.91202238, 20.5807625], [85.91308509, 20.58039878], [85.91349021, 20.57956346], [85.91397411, 20.5793287], [85.91432993, 20.57914553], [85.91471733, 20.57896937], [85.91540791, 20.57968803], [85.91559108, 20.57986418], [85.91585882, 20.5801428], [85.91612656, 20.57986418], [85.916335, 20.57966381], [85.91628043, 20.57699133], [85.91631377, 20.57536366], [85.91702838, 20.57501679], [85.91721857, 20.574625], [85.91719822, 20.57363545], [85.91581478, 20.57339982], [85.91487243, 20.57483712], [85.91425729, 20.57513557], [85.91379445, 20.57465395], [85.91361128, 20.5744778], [85.91343512, 20.5742841], [85.91379445, 20.57393881], [85.91405868, 20.57366405], [85.91435589, 20.57337824], [85.91506525, 20.57303418], [85.91558388, 20.57249431], [85.91612375, 20.57197567], [85.91634429, 20.5715209], [85.91608638, 20.57076733], [85.91558757, 20.57052521], [85.91549949, 20.57043362]], [[85.90202476, 20.57528453], [85.90210951, 20.57537945], [85.90229935, 20.57554893], [85.90246883, 20.57591844], [85.90276482, 20.57618284], [85.90246883, 20.57644725], [85.90211144, 20.5770094], [85.89985705, 20.57736065], [85.89927753, 20.57732609], [85.89906541, 20.57657972], [85.89969932, 20.57601336], [85.89995355, 20.5757286], [85.90202476, 20.57528453]], [[85.90615701, 20.5749252], [85.906017, 20.57516118], [85.90537151, 20.57500573], [85.90615701, 20.5749252]]]]}, "geometry_name": "geom", "properties": {"id": 9514, "gridcode": 1, "from_time": "16-08-2022 00:00", "to_time": "16-08-2022 00:00"}}, {"type": "Feature", "id": "odflood50dsc16082022.9515", "geometry": {"type": "MultiPolygon", "coordinates": [[[[85.93472344, 20.57025396], [85.93408304, 20.57033221], [85.93359353, 20.5706275], [85.93330929, 20.57099577], [85.93280224, 20.57138703], [85.93248923, 20.57179268], [85.93187462, 20.57204428], [85.93082296, 20.57188883], [85.93003588, 20.57219832], [85.92968568, 20.57265187], [85.9298978, 20.57408742], [85.93035643, 20.5744413], [85.93082594, 20.57504977], [85.93149126, 20.57556315], [85.93137441, 20.57635356], [85.93094999, 20.5766813], [85.9306926, 20.57790122], [85.93041012, 20.5786197], [85.93052329, 20.5793852], [85.93123264, 20.57967469], [85.93258977, 20.57908166], [85.93290365, 20.57867497], [85.93320788, 20.57844021], [85.93345071, 20.57812562], [85.9333507, 20.57744943], [85.93290365, 20.57710432], [85.93266889, 20.5757221], [85.93233431, 20.57427831], [85.93250292, 20.57313682], [85.93284961, 20.57287066], [85.93413427, 20.5734321], [85.93455623, 20.57336964], [85.93480169, 20.57248817], [85.93515224, 20.5715967], [85.93536384, 20.57143335], [85.93552034, 20.57117175], [85.93516102, 20.57089436], [85.93472344, 20.57025396]]]]}, "geometry_name": "geom", "properties": {"id": 9515, "gridcode": 1, "from_time": "16-08-2022 00:00", "to_time": "16-08-2022 00:00"}}, {"type": "Feature", "id": "odflood50dsc16082022.9566", "geometry": {"type": "MultiPolygon", "coordinates": [[[[85.82135605, 20.56468441], [85.82056546, 20.56478108], [85.81955503, 20.56554377], [85.81932765, 20.56708249], [85.81969276, 20.56797484], [85.82057511, 20.5681052], [85.82107357, 20.56772026], [85.82127236, 20.5672346], [85.82179363, 20.56655929], [85.82269194, 20.56602205], [85.82246579, 20.56524059], [85.82147115, 20.56483354], [85.82135605, 20.56468441]]]]}, "geometry_name": "geom", "properties": {"id": 9566, "gridcode": 1, "from_time": "16-08-2022 00:00", "to_time": "16-08-2022 00:00"}}, {"type": "Feature", "id": "odflood50dsc16082022.9604", "geometry": {"type": "MultiPolygon", "coordinates": [[[[85.82476965, 20.5618098], [85.82421469, 20.56190402], [85.82376992, 20.56224738], [85.82361342, 20.56262986], [85.82289477, 20.56359923], [85.82323093, 20.56424683], [85.82343376, 20.56440333], [85.82371115, 20.56476266], [85.82433207, 20.56460616], [85.82448857, 20.56440333], [85.8246914, 20.56424683], [85.8248479, 20.56404401], [85.82520723, 20.56376662], [85.82505072, 20.56224738], [85.8248479, 20.56209087], [85.82476965, 20.5618098]]]]}, "geometry_name": "geom", "properties": {"id": 9604, "gridcode": 1, "from_time": "16-08-2022 00:00", "to_time": "16-08-2022 00:00"}}, {"type": "Feature", "id": "odflood50dsc16082022.9628", "geometry": {"type": "MultiPolygon", "coordinates": [[[[85.86645148, 20.56001317], [85.86670448, 20.56101781], [85.86727645, 20.56134415], [85.86742313, 20.5615568], [85.86752946, 20.56163013], [85.86734664, 20.56016897], [85.86645148, 20.56001317]]]]}, "geometry_name": "geom", "properties": {"id": 9628, "gridcode": 1, "from_time": "16-08-2022 00:00", "to_time": "16-08-2022 00:00"}}, {"type": "Feature", "id": "odflood50dsc16082022.9667", "geometry": {"type": "MultiPolygon", "coordinates": [[[[85.94298794, 20.55677923], [85.94203523, 20.55687012], [85.94147238, 20.5575993], [85.94121657, 20.55779668], [85.94105761, 20.5588729], [85.9415738, 20.55927136], [85.94184943, 20.55962858], [85.94292565, 20.55978754], [85.94324585, 20.55937277], [85.94385432, 20.55890326], [85.94432383, 20.55829479], [85.94468316, 20.5580174], [85.94452666, 20.5577558], [85.94432383, 20.5575993], [85.94404469, 20.55723769], [85.94306619, 20.55688064], [85.94298794, 20.55677923]]]]}, "geometry_name": "geom", "properties": {"id": 9667, "gridcode": 1, "from_time": "16-08-2022 00:00", "to_time": "16-08-2022 00:00"}}, {"type": "Feature", "id": "odflood50dsc16082022.9684", "geometry": {"type": "MultiPolygon", "coordinates": [[[[85.81740346, 20.55570125], [85.81640374, 20.55595917], [85.81606757, 20.55616199], [85.81550542, 20.55631849], [85.81492801, 20.55714873], [85.81460711, 20.55739647], [85.8144506, 20.5575993], [85.81391179, 20.55781984], [85.81341631, 20.55820233], [85.81319717, 20.55968455], [85.81361633, 20.56022739], [85.81442253, 20.56034653], [85.81527347, 20.55999825], [85.81552858, 20.55957559], [85.81568508, 20.5591931], [85.81593563, 20.55899976], [85.81622407, 20.55829479], [85.8170794, 20.55778335], [85.81758681, 20.55649254], [85.81740346, 20.55570125]]]]}, "geometry_name": "geom", "properties": {"id": 9684, "gridcode": 1, "from_time": "16-08-2022 00:00", "to_time": "16-08-2022 00:00"}}, {"type": "Feature", "id": "odflood50dsc16082022.9715", "geometry": {"type": "MultiPolygon", "coordinates": [[[[85.86752946, 20.56163013], [85.86741138, 20.56239142], [85.86784159, 20.56289076], [85.86862937, 20.56333027], [85.86906326, 20.56316394], [85.86955558, 20.56288918], [85.87045407, 20.56329009], [85.87050109, 20.56387592], [85.87043073, 20.56475231], [85.87190278, 20.56507338], [85.87265652, 20.56460124], [85.87294461, 20.56426683], [85.87542095, 20.56403944], [85.87600327, 20.56336343], [85.87712406, 20.56327342], [85.87749409, 20.56370293], [85.87768709, 20.56386926], [85.87785341, 20.56406225], [85.87821274, 20.56437193], [85.87804641, 20.56460124], [85.87768709, 20.56491092], [85.87785341, 20.56531989], [85.87819484, 20.56561413], [85.87840662, 20.56638752], [85.87834293, 20.56717899], [85.87885665, 20.56839873], [85.87854663, 20.56953162], [85.87882595, 20.57015746], [85.87977251, 20.56996955], [85.8800285, 20.56939565], [85.88072802, 20.56889982], [85.88110068, 20.56873349], [85.88126701, 20.5685405], [85.88162195, 20.56823468], [85.88165266, 20.56785272], [85.88123455, 20.56685984], [85.88152089, 20.56621821], [85.88240201, 20.56639314], [85.88231604, 20.56746252], [85.88302118, 20.56726075], [85.88270432, 20.56639787], [85.88249781, 20.56504338], [85.88159265, 20.56477073], [85.88111402, 20.56421525], [85.8803687, 20.56388259], [85.88020237, 20.5631506], [85.88000937, 20.56298427], [85.87956179, 20.56226983], [85.87878489, 20.56160048], [85.87874892, 20.56115185], [85.87929072, 20.56068497], [85.87912439, 20.56009633], [85.87860733, 20.55965086], [85.87853733, 20.55877991], [85.8787698, 20.55825935], [85.879556, 20.55758193], [85.87944424, 20.55619059], [85.87982971, 20.55549966], [85.8795546, 20.55418763], [85.87876419, 20.55412411], [85.87840574, 20.55454011], [85.87819818, 20.5547189], [85.87823818, 20.55521595], [85.87804641, 20.55543843], [85.8777206, 20.55571915], [85.87702861, 20.55668273], [85.87659577, 20.5565164], [85.87642944, 20.55632341], [85.87623645, 20.55615708], [85.87604292, 20.55572354], [85.8750753, 20.55607883], [85.87427349, 20.55578442], [85.8722414, 20.55559774], [85.8718919, 20.55519192], [85.86934486, 20.55498734], [85.86967208, 20.55607391], [85.87012352, 20.55646289], [85.87030757, 20.55875237], [85.86996157, 20.55921135], [85.86965576, 20.55947488], [85.86940925, 20.55991667], [85.8688836, 20.56118764], [85.8686906, 20.56135397], [85.86852427, 20.56154697], [85.86752946, 20.56163013]], [[85.87166171, 20.5618098], [85.87153994, 20.56204087], [85.87106078, 20.56188787], [85.87166171, 20.5618098]]]]}, "geometry_name": "geom", "properties": {"id": 9715, "gridcode": 1, "from_time": "16-08-2022 00:00", "to_time": "16-08-2022 00:00"}}, {"type": "Feature", "id": "odflood50dsc16082022.9772", "geometry": {"type": "MultiPolygon", "coordinates": [[[[85.86609215, 20.55552159], [85.86655131, 20.55544176], [85.86673273, 20.55521508], [85.86904659, 20.55481241], [85.86888693, 20.55434378], [85.86747717, 20.55348757], [85.86741699, 20.55300385], [85.86774632, 20.55222204], [85.86814828, 20.55190008], [85.86788685, 20.55148917], [85.86742962, 20.55164883], [85.8670903, 20.5518485], [85.86665693, 20.55203097], [85.86637165, 20.55238749], [85.86598302, 20.55255118], [85.86635165, 20.55317843], [85.86619198, 20.55490277], [85.86609215, 20.55552159]]]]}, "geometry_name": "geom", "properties": {"id": 9772, "gridcode": 1, "from_time": "16-08-2022 00:00", "to_time": "16-08-2022 00:00"}}, {"type": "Feature", "id": "odflood50dsc16082022.9786", "geometry": {"type": "MultiPolygon", "coordinates": [[[[85.82746459, 20.55103001], [85.82629012, 20.55111318], [85.82612379, 20.55130618], [85.82483439, 20.55154146], [85.82396783, 20.55202483], [85.82359517, 20.55219116], [85.82340182, 20.55241556], [85.82267264, 20.55274085], [85.8222677, 20.55364846], [85.82130113, 20.55425395], [85.82103006, 20.55486119], [85.82049528, 20.55490417], [85.8198719, 20.55418079], [85.81958205, 20.55439098], [85.8191036, 20.55506577], [85.81893727, 20.55543843], [85.81840477, 20.55589723], [85.81835547, 20.55650974], [85.81851758, 20.55852709], [85.81807159, 20.55974157], [85.81857794, 20.56045566], [85.81876339, 20.56207263], [85.81946292, 20.56185454], [85.81929659, 20.56117431], [85.81893902, 20.56053356], [85.81947626, 20.55957068], [85.81964258, 20.55919802], [85.82016578, 20.55874728], [85.82042142, 20.5565164], [85.82139588, 20.55675765], [85.82172485, 20.55765351], [85.82131587, 20.55945365], [85.82091777, 20.56053777], [85.8214322, 20.56145977], [85.82146027, 20.5618098], [85.8213671, 20.56297094], [85.82253053, 20.56280461], [85.82269686, 20.56225229], [85.82355955, 20.56150907], [85.8238001, 20.55993], [85.82432716, 20.56009633], [85.82497124, 20.56045566], [85.82556076, 20.56022968], [85.82563638, 20.55928855], [85.8251095, 20.55785423], [85.82542777, 20.55714084], [85.82624994, 20.55643254], [85.82651329, 20.55571564], [85.82623362, 20.5550891], [85.82562972, 20.5550405], [85.8253918, 20.55524543], [85.82499651, 20.55570424], [85.82436049, 20.55605918], [85.82344884, 20.5556523], [85.82291389, 20.55438203], [85.82385467, 20.55316597], [85.82469631, 20.55269646], [85.82540514, 20.55290981], [85.82575113, 20.55310281], [85.82612379, 20.55326914], [85.82643346, 20.55362846], [85.82709176, 20.55344248], [85.82754074, 20.55263768], [85.82759987, 20.55190201], [85.82746459, 20.55103001]]]]}, "geometry_name": "geom", "properties": {"id": 9786, "gridcode": 1, "from_time": "16-08-2022 00:00", "to_time": "16-08-2022 00:00"}}, {"type": "Feature", "id": "odflood50dsc16082022.9820", "geometry": {"type": "MultiPolygon", "coordinates": [[[[85.95322873, 20.54905372], [85.952768, 20.54913197], [85.95260026, 20.54934918], [85.95189284, 20.54987378], [85.95001463, 20.55003538], [85.94972881, 20.55171761], [85.94925299, 20.55208483], [85.94886173, 20.55259189], [85.94818413, 20.55311474], [85.94846731, 20.55348143], [85.94917474, 20.55400603], [85.94961705, 20.5541871], [85.95000094, 20.55468433], [85.95099453, 20.55524052], [85.95127192, 20.55559984], [85.95171318, 20.55544334], [85.95186968, 20.55524052], [85.95271255, 20.55506261], [85.95325189, 20.55464644], [85.95348665, 20.5543422], [85.95382597, 20.55408025], [85.95406757, 20.55265804], [85.95456463, 20.55182692], [85.95508186, 20.55161532], [85.9552345, 20.55058226], [85.9548164, 20.55004064], [85.95402564, 20.54987378], [85.95368947, 20.54967096], [85.95330699, 20.54951446], [85.95322873, 20.54905372]]]]}, "geometry_name": "geom", "properties": {"id": 9820, "gridcode": 1, "from_time": "16-08-2022 00:00", "to_time": "16-08-2022 00:00"}}, {"type": "Feature", "id": "odflood50dsc16082022.9939", "geometry": {"type": "MultiPolygon", "coordinates": [[[[85.8468682, 20.5433045], [85.84608271, 20.54338504], [85.84672819, 20.54354049], [85.8468682, 20.5433045]]]]}, "geometry_name": "geom", "properties": {"id": 9939, "gridcode": 1, "from_time": "16-08-2022 00:00", "to_time": "16-08-2022 00:00"}}, {"type": "Feature", "id": "odflood50dsc16082022.10019", "geometry": {"type": "MultiPolygon", "coordinates": [[[[85.84381393, 20.53773495], [85.84249892, 20.53786899], [85.84243979, 20.53860572], [85.84268946, 20.53943508], [85.84377621, 20.53922541], [85.84409273, 20.53836307], [85.84381393, 20.53773495]]]]}, "geometry_name": "geom", "properties": {"id": 10019, "gridcode": 1, "from_time": "16-08-2022 00:00", "to_time": "16-08-2022 00:00"}}, {"type": "Feature", "id": "odflood50dsc16082022.10044", "geometry": {"type": "MultiPolygon", "coordinates": [[[[85.88082452, 20.53629764], [85.88038694, 20.53657872], [85.87984796, 20.53679926], [85.88000516, 20.53820235], [85.88093418, 20.53889118], [85.88178302, 20.53870415], [85.88129947, 20.5374744], [85.8811056, 20.53655556], [85.88090277, 20.53639906], [85.88082452, 20.53629764]]]]}, "geometry_name": "geom", "properties": {"id": 10044, "gridcode": 1, "from_time": "16-08-2022 00:00", "to_time": "16-08-2022 00:00"}}, {"type": "Feature", "id": "odflood50dsc16082022.10085", "geometry": {"type": "MultiPolygon", "coordinates": [[[[85.94352693, 20.53450101], [85.94291267, 20.53467208], [85.94255036, 20.53514141], [85.94233263, 20.5353095], [85.94255036, 20.53547758], [85.94270687, 20.5356804], [85.94290969, 20.53583691], [85.9431476, 20.53614518], [85.94416733, 20.53691488], [85.94444472, 20.53727421], [85.94506565, 20.53711771], [85.94522215, 20.53691488], [85.94576114, 20.53669434], [85.94560463, 20.5363759], [85.94489967, 20.53608745], [85.94462807, 20.53573549], [85.94416873, 20.53538091], [85.9439631, 20.53487876], [85.94360518, 20.53460242], [85.94352693, 20.53450101]]]]}, "geometry_name": "geom", "properties": {"id": 10085, "gridcode": 1, "from_time": "16-08-2022 00:00", "to_time": "16-08-2022 00:00"}}, {"type": "Feature", "id": "odflood50dsc16082022.10132", "geometry": {"type": "MultiPolygon", "coordinates": [[[[85.86645148, 20.56001317], [85.86636358, 20.55730559], [85.86609215, 20.55552159], [85.86294629, 20.55543351], [85.86277014, 20.55525034], [85.86222589, 20.55498611], [85.86169216, 20.55471135], [85.86132933, 20.5545352], [85.86113633, 20.55433448], [85.85610997, 20.55398305], [85.8556752, 20.55264347], [85.85540045, 20.55237924], [85.85522429, 20.55201641], [85.85478689, 20.55116739], [85.85428281, 20.55092281], [85.85360732, 20.55021978], [85.85308097, 20.54971395], [85.85108853, 20.54932497], [85.85091238, 20.54894459], [85.85128592, 20.54821945], [85.85126521, 20.54720288], [85.85027742, 20.54698935], [85.84998143, 20.54880721], [85.8492919, 20.5491418], [85.84911575, 20.54932497], [85.84892205, 20.54950112], [85.84857676, 20.5491418], [85.84808128, 20.54866562], [85.84785811, 20.54838437], [85.84832481, 20.54610577], [85.84774196, 20.54497411], [85.84659696, 20.5442944], [85.8464208, 20.54411123], [85.8458783, 20.54393508], [85.84552249, 20.54375191], [85.84468277, 20.54334451], [85.84444451, 20.54285359], [85.84426134, 20.54267744], [85.84408518, 20.5408773], [85.84374375, 20.54070114], [85.84344583, 20.54314046], [85.84318336, 20.54339258], [85.8429086, 20.54367857], [85.84228855, 20.54303325], [85.84210538, 20.5428571], [85.84190764, 20.54265147], [85.84156358, 20.54194212], [85.84099477, 20.54139558], [85.84104723, 20.53882609], [85.84175184, 20.53836412], [85.84156639, 20.53818586], [85.84139024, 20.53782303], [85.84119706, 20.5376374], [85.84084072, 20.53690313], [85.84086949, 20.53549776], [85.84048841, 20.53513159], [85.84030278, 20.53493842], [85.8395901, 20.5345926], [85.83919252, 20.53438785], [85.83869529, 20.53387044], [85.83814226, 20.53369428], [85.83765135, 20.53420538], [85.83740589, 20.53671347], [85.83651495, 20.53692471], [85.83618001, 20.5361743], [85.83653951, 20.53477209], [85.83653547, 20.53457646], [85.83545785, 20.53405361], [85.83528169, 20.53387044], [85.834732, 20.53334215], [85.83407984, 20.5326635], [85.83302801, 20.53243664], [85.8327143, 20.53308301], [85.8313256, 20.53387044], [85.83114944, 20.53405361], [85.83096434, 20.53423152], [85.83114944, 20.53440943], [85.83149736, 20.53477156], [85.8333054, 20.53494842], [85.83355419, 20.53520721], [85.83402054, 20.53594586], [85.8328122, 20.53684172], [85.83222742, 20.53782653], [85.83204425, 20.53800269], [85.83133279, 20.53908786], [85.83034552, 20.54003618], [85.83007146, 20.54088081], [85.82988829, 20.54105696], [85.82935281, 20.54177912], [85.82898998, 20.54195528], [85.82881382, 20.54231811], [85.8282708, 20.5433724], [85.82827518, 20.54358663], [85.82869767, 20.54399245], [85.83310503, 20.54390262], [85.83374561, 20.54456934], [85.83420371, 20.54500955], [85.83437987, 20.54537238], [85.83474288, 20.54590786], [85.83473516, 20.54627965], [85.83402054, 20.54662651], [85.83332558, 20.54698444], [85.83258324, 20.5471655], [85.83231901, 20.54744026], [85.83186441, 20.54787731], [85.83186844, 20.54807821], [85.83224988, 20.54844455], [85.83365086, 20.54841595], [85.83438689, 20.5487951], [85.83437952, 20.54915618], [85.83402054, 20.54950112], [85.83375631, 20.54977588], [85.83345541, 20.5500652], [85.83219444, 20.55003941], [85.83112154, 20.54948674], [85.83069853, 20.54904635], [85.83033745, 20.54942217], [85.83074695, 20.55061858], [85.83150877, 20.55111809], [85.83168492, 20.55130126], [85.83225602, 20.55148672], [85.83294256, 20.55184025], [85.83333435, 20.55203044], [85.83415196, 20.5520136], [85.83476411, 20.55108002], [85.83530415, 20.55056121], [85.83645319, 20.55058472], [85.83671549, 20.55166059], [85.83727553, 20.55201641], [85.83797313, 20.55165708], [85.83834912, 20.55147461], [85.83869178, 20.55111809], [85.83949693, 20.55092176], [85.84055719, 20.55094334], [85.84103986, 20.55167971], [85.84148182, 20.55210448], [85.84191659, 20.5525568], [85.84266033, 20.55273506], [85.84318336, 20.55165708], [85.84353988, 20.55131442], [85.84379937, 20.55077964], [85.84426134, 20.5491418], [85.84462312, 20.54879423], [85.84487682, 20.54697637], [85.84571654, 20.54699339], [85.84605797, 20.54734868], [85.84643396, 20.54753115], [85.84677662, 20.54788767], [85.84695979, 20.54806382], [85.84731561, 20.54896564], [85.84749878, 20.5491418], [85.84768564, 20.5493362], [85.84766704, 20.55024136], [85.84730561, 20.55058858], [85.8469168, 20.55139022], [85.84726402, 20.55376707], [85.84750878, 20.55400217], [85.84827656, 20.55558475], [85.84911575, 20.55578933], [85.85003354, 20.55616164], [85.85036988, 20.55651149], [85.85095554, 20.55689556], [85.85252935, 20.5574063], [85.85271603, 20.55779071], [85.85270146, 20.55850217], [85.85234424, 20.55884536], [85.85256935, 20.55906169], [85.85342415, 20.56082341], [85.85373225, 20.56111939], [85.8546053, 20.56135889], [85.85554625, 20.56072112], [85.85579486, 20.56020827], [85.8566616, 20.55956576], [85.85700794, 20.55920539], [85.85768606, 20.55902677], [85.85838366, 20.56009089], [85.85980745, 20.56036898], [85.86007168, 20.56064374], [85.86025486, 20.5608199], [85.86061769, 20.56119729], [85.86153776, 20.56117852], [85.86256363, 20.56011089], [85.86645148, 20.56001317]], [[85.84417326, 20.54474181], [85.8440515, 20.54497288], [85.84357234, 20.54481988], [85.84417326, 20.54474181]], [[85.83087819, 20.54078922], [85.83095644, 20.54089063], [85.83115927, 20.54104713], [85.83147227, 20.54145278], [85.83259657, 20.54176579], [85.83275307, 20.54235443], [85.83207337, 20.5426641], [85.83065361, 20.54210599], [85.83044061, 20.54091116], [85.83087819, 20.54078922]]]]}, "geometry_name": "geom", "properties": {"id": 10132, "gridcode": 1, "from_time": "16-08-2022 00:00", "to_time": "16-08-2022 00:00"}}, {"type": "Feature", "id": "odflood50dsc16082022.10142", "geometry": {"type": "MultiPolygon", "coordinates": [[[[85.9368794, 20.53198573], [85.93499802, 20.53212171], [85.93516751, 20.53261964], [85.93553701, 20.53278913], [85.9357065, 20.53297897], [85.93628339, 20.53334584], [85.93706169, 20.53456961], [85.93766104, 20.53460523], [85.93787263, 20.53441627], [85.93822178, 20.5338671], [85.93858111, 20.53354603], [85.93841162, 20.53332812], [85.93822178, 20.53315863], [85.93796141, 20.53259139], [85.93733364, 20.53225014], [85.93696414, 20.53208065], [85.9368794, 20.53198573]]]]}, "geometry_name": "geom", "properties": {"id": 10142, "gridcode": 1, "from_time": "16-08-2022 00:00", "to_time": "16-08-2022 00:00"}}, {"type": "Feature", "id": "odflood50dsc16082022.10232", "geometry": {"type": "MultiPolygon", "coordinates": [[[[85.86357687, 20.52767382], [85.86294138, 20.52775698], [85.86277505, 20.52794998], [85.86241573, 20.52825965], [85.86258206, 20.52884829], [85.86277505, 20.52901462], [85.86372916, 20.53024788], [85.86432587, 20.53029577], [85.8647917, 20.53008786], [85.86534683, 20.52944378], [85.86617532, 20.52872986], [85.86582932, 20.52829597], [85.86370548, 20.52810087], [85.86357687, 20.52767382]]]]}, "geometry_name": "geom", "properties": {"id": 10232, "gridcode": 1, "from_time": "16-08-2022 00:00", "to_time": "16-08-2022 00:00"}}, {"type": "Feature", "id": "odflood50dsc16082022.10248", "geometry": {"type": "MultiPolygon", "coordinates": [[[[85.81021694, 20.52713483], [85.8097955, 20.52724308], [85.81039169, 20.52810648], [85.81082927, 20.52788576], [85.81068259, 20.52756749], [85.81036362, 20.52734748], [85.81021694, 20.52713483]]]]}, "geometry_name": "geom", "properties": {"id": 10248, "gridcode": 1, "from_time": "16-08-2022 00:00", "to_time": "16-08-2022 00:00"}}, {"type": "Feature", "id": "odflood50dsc16082022.10260", "geometry": {"type": "MultiPolygon", "coordinates": [[[[85.81398987, 20.52641618], [85.81328051, 20.52653969], [85.81293171, 20.52697499], [85.81215797, 20.52759469], [85.81204971, 20.5284644], [85.81355773, 20.52865196], [85.81435533, 20.52807016], [85.81460869, 20.52775365], [85.81496801, 20.52746591], [85.81480835, 20.52721466], [85.81460869, 20.527055], [85.81444902, 20.52667567], [85.8140697, 20.52651601], [85.81398987, 20.52641618]]]]}, "geometry_name": "geom", "properties": {"id": 10260, "gridcode": 1, "from_time": "16-08-2022 00:00", "to_time": "16-08-2022 00:00"}}, {"type": "Feature", "id": "odflood50dsc16082022.10292", "geometry": {"type": "MultiPolygon", "coordinates": [[[[85.69074101, 20.52461955], [85.68938196, 20.5246978], [85.68922545, 20.52490062], [85.68784324, 20.52513537], [85.6870695, 20.52543961], [85.68632768, 20.52559611], [85.68617118, 20.52579893], [85.68561044, 20.52623178], [85.6852483, 20.52711641], [85.68473528, 20.52751258], [85.68451228, 20.52805753], [85.68341079, 20.52867407], [85.68311691, 20.5293922], [85.68289917, 20.52956028], [85.68311691, 20.52972836], [85.68327341, 20.53029051], [85.68347623, 20.53062668], [85.68372345, 20.53123058], [85.68453105, 20.53154815], [85.68581185, 20.53170466], [85.68608924, 20.53206398], [85.68760848, 20.53190748], [85.68776499, 20.53170466], [85.68853487, 20.53154219], [85.68927318, 20.53097232], [85.68961671, 20.5301326], [85.69017342, 20.53005032], [85.69149844, 20.53032999], [85.69174512, 20.53149903], [85.69239394, 20.531595], [85.69273625, 20.53102759], [85.69285328, 20.53023665], [85.69246798, 20.52857389], [85.69277222, 20.52651513], [85.6920769, 20.5259786], [85.69185215, 20.52542943], [85.6908526, 20.52502045], [85.69074101, 20.52461955]]]]}, "geometry_name": "geom", "properties": {"id": 10292, "gridcode": 1, "from_time": "16-08-2022 00:00", "to_time": "16-08-2022 00:00"}}, {"type": "Feature", "id": "odflood50dsc16082022.10303", "geometry": {"type": "MultiPolygon", "coordinates": [[[[85.85531237, 20.52408056], [85.85361066, 20.52418723], [85.85395981, 20.52507379], [85.85414965, 20.52542294], [85.85451985, 20.52622949], [85.85534992, 20.52668058], [85.85575223, 20.52639284], [85.85585978, 20.52458884], [85.85539711, 20.52417548], [85.85531237, 20.52408056]]]]}, "geometry_name": "geom", "properties": {"id": 10303, "gridcode": 1, "from_time": "16-08-2022 00:00", "to_time": "16-08-2022 00:00"}}, {"type": "Feature", "id": "odflood50dsc16082022.10312", "geometry": {"type": "MultiPolygon", "coordinates": [[[[85.8605226, 20.52354157], [85.85916039, 20.52361666], [85.85886019, 20.52403511], [85.85829558, 20.52443988], [85.85865087, 20.52469464], [85.85884334, 20.52519327], [85.8599422, 20.52545803], [85.86095421, 20.52506783], [85.86112492, 20.5242039], [85.86059769, 20.5238258], [85.8605226, 20.52354157]]]]}, "geometry_name": "geom", "properties": {"id": 10312, "gridcode": 1, "from_time": "16-08-2022 00:00", "to_time": "16-08-2022 00:00"}}, {"type": "Feature", "id": "odflood50dsc16082022.10355", "geometry": {"type": "MultiPolygon", "coordinates": [[[[85.84040033, 20.52138561], [85.83953097, 20.5214993], [85.83923919, 20.52309908], [85.83887987, 20.52340875], [85.83904619, 20.52489571], [85.8392706, 20.52508906], [85.8396308, 20.52589649], [85.84102249, 20.52669883], [85.84070141, 20.52738011], [85.84014839, 20.5274245], [85.83952658, 20.52707763], [85.83923919, 20.52741099], [85.83887987, 20.52772066], [85.83904619, 20.52794998], [85.83935201, 20.52821351], [85.83969344, 20.52882531], [85.8387002, 20.5292685], [85.83886653, 20.52956695], [85.83923919, 20.52973327], [85.83941219, 20.52993399], [85.83958518, 20.52973327], [85.83977818, 20.52956695], [85.83994995, 20.52862582], [85.84031717, 20.5283093], [85.84049017, 20.52810859], [85.84096126, 20.5286553], [85.84228416, 20.52837791], [85.84298545, 20.52756398], [85.84356444, 20.527065], [85.84406343, 20.52648601], [85.84461101, 20.52601404], [85.84491525, 20.52533258], [85.84606639, 20.52489571], [85.84629535, 20.5246299], [85.84741649, 20.52400441], [85.84876572, 20.52389598], [85.84997827, 20.52465551], [85.85032865, 20.52506204], [85.85084974, 20.52485009], [85.85126328, 20.52372421], [85.8506292, 20.52222462], [85.84765879, 20.52195706], [85.84623272, 20.52254675], [85.84606639, 20.52273975], [85.84497508, 20.52290608], [85.84399658, 20.5232654], [85.84313932, 20.52290292], [85.84253804, 20.52220515], [85.84120215, 20.52184143], [85.84103582, 20.52164844], [85.8404835, 20.52148211], [85.84040033, 20.52138561]]]]}, "geometry_name": "geom", "properties": {"id": 10355, "gridcode": 1, "from_time": "16-08-2022 00:00", "to_time": "16-08-2022 00:00"}}, {"type": "Feature", "id": "odflood50dsc16082022.10387", "geometry": {"type": "MultiPolygon", "coordinates": [[[[85.72900924, 20.51940932], [85.72864991, 20.51940932], [85.72864991, 20.52012797], [85.72900924, 20.52012797], [85.72900924, 20.51940932]]]]}, "geometry_name": "geom", "properties": {"id": 10387, "gridcode": 1, "from_time": "16-08-2022 00:00", "to_time": "16-08-2022 00:00"}}, {"type": "Feature", "id": "odflood50dsc16082022.10401", "geometry": {"type": "MultiPolygon", "coordinates": [[[[85.93867603, 20.51833134], [85.93769788, 20.51842678], [85.93785754, 20.51897016], [85.93805721, 20.51930948], [85.93821687, 20.52040746], [85.93841653, 20.52056713], [85.93858813, 20.52097453], [85.93945468, 20.52072679], [85.93962961, 20.51932106], [85.93875586, 20.5187905], [85.93867603, 20.51833134]]]]}, "geometry_name": "geom", "properties": {"id": 10401, "gridcode": 1, "from_time": "16-08-2022 00:00", "to_time": "16-08-2022 00:00"}}, {"type": "Feature", "id": "odflood50dsc16082022.10402", "geometry": {"type": "MultiPolygon", "coordinates": [[[[85.95520503, 20.51833134], [85.95418635, 20.51844205], [85.95369877, 20.51894946], [85.95311802, 20.51933019], [85.95269325, 20.51977215], [85.95223497, 20.52021254], [85.95224638, 20.52077293], [85.95260167, 20.52111436], [85.95277782, 20.52132806], [85.95239393, 20.52165335], [85.95112594, 20.52121928], [85.95047396, 20.52155527], [85.94993848, 20.52320522], [85.94907455, 20.5234856], [85.94921263, 20.5243483], [85.95026271, 20.52398879], [85.9504722, 20.52399318], [85.95163738, 20.52439198], [85.95199688, 20.52513274], [85.95263062, 20.52544031], [85.95352876, 20.52542189], [85.9545848, 20.52432268], [85.95603334, 20.52435233], [85.95655075, 20.52489079], [85.95673392, 20.52506695], [85.95691007, 20.52686709], [85.95710377, 20.52704324], [85.95761557, 20.52651057], [85.95799156, 20.5263281], [85.95852704, 20.52596526], [85.95888988, 20.52578911], [85.9590755, 20.52559594], [85.9601512, 20.52507414], [85.96050333, 20.52470762], [85.96086617, 20.52453147], [85.96123269, 20.52434268], [85.96122146, 20.52379124], [85.96067563, 20.52326681], [85.96023559, 20.52327576], [85.95993785, 20.52326962], [85.95875987, 20.52286643], [85.95815841, 20.52162686], [85.95745538, 20.52095137], [85.95675743, 20.51951266], [85.95612878, 20.51910052], [85.95547277, 20.51878225], [85.95520503, 20.51833134]]]]}, "geometry_name": "geom", "properties": {"id": 10402, "gridcode": 1, "from_time": "16-08-2022 00:00", "to_time": "16-08-2022 00:00"}}, {"type": "Feature", "id": "odflood50dsc16082022.10408", "geometry": {"type": "MultiPolygon", "coordinates": [[[[85.72451766, 20.51779235], [85.72436555, 20.51790973], [85.72444117, 20.51842117], [85.72434432, 20.51907578], [85.72470592, 20.51995918], [85.72607919, 20.52024903], [85.72659537, 20.52110454], [85.72681591, 20.52164352], [85.72731402, 20.52148702], [85.7275093, 20.52033746], [85.72836884, 20.51998568], [85.72821234, 20.51948757], [85.72765019, 20.51933106], [85.72713436, 20.51912824], [85.72606234, 20.5188298], [85.72587672, 20.51858925], [85.72549423, 20.51843275], [85.7249784, 20.51805026], [85.72459591, 20.51789376], [85.72451766, 20.51779235]]]]}, "geometry_name": "geom", "properties": {"id": 10408, "gridcode": 1, "from_time": "16-08-2022 00:00", "to_time": "16-08-2022 00:00"}}, {"type": "Feature", "id": "odflood50dsc16082022.10409", "geometry": {"type": "MultiPolygon", "coordinates": [[[[85.73008722, 20.51779235], [85.72951454, 20.51795183], [85.72930067, 20.51939861], [85.7305248, 20.51905771], [85.73036829, 20.51840959], [85.73008722, 20.51779235]]]]}, "geometry_name": "geom", "properties": {"id": 10409, "gridcode": 1, "from_time": "16-08-2022 00:00", "to_time": "16-08-2022 00:00"}}, {"type": "Feature", "id": "odflood50dsc16082022.10416", "geometry": {"type": "MultiPolygon", "coordinates": [[[[85.9431676, 20.51725336], [85.9422256, 20.5173453], [85.94178802, 20.51808956], [85.94234912, 20.5187905], [85.94288144, 20.51921667], [85.94314778, 20.52014779], [85.9434471, 20.52038746], [85.94396714, 20.52162159], [85.94586027, 20.52129227], [85.94673507, 20.52092364], [85.94702036, 20.52056713], [85.94883699, 20.52040746], [85.94917631, 20.5202078], [85.95003007, 20.51984812], [85.95019727, 20.51850328], [85.94973531, 20.51823151], [85.9480278, 20.51806483], [85.94619012, 20.51779744], [85.9458343, 20.51735319], [85.94522373, 20.51751285], [85.94493599, 20.51787218], [85.94378642, 20.51771252], [85.94362676, 20.51751285], [85.94324743, 20.51735319], [85.9431676, 20.51725336]]]]}, "geometry_name": "geom", "properties": {"id": 10416, "gridcode": 1, "from_time": "16-08-2022 00:00", "to_time": "16-08-2022 00:00"}}, {"type": "Feature", "id": "odflood50dsc16082022.10418", "geometry": {"type": "MultiPolygon", "coordinates": [[[[85.93598108, 20.51689403], [85.93502241, 20.51696316], [85.93514312, 20.51737267], [85.93538174, 20.51749338], [85.93565439, 20.51803237], [85.93658043, 20.51789358], [85.93643901, 20.51721441], [85.93604144, 20.51701334], [85.93598108, 20.51689403]]]]}, "geometry_name": "geom", "properties": {"id": 10418, "gridcode": 1, "from_time": "16-08-2022 00:00", "to_time": "16-08-2022 00:00"}}, {"type": "Feature", "id": "odflood50dsc16082022.10419", "geometry": {"type": "MultiPolygon", "coordinates": [[[[85.73925003, 20.51635504], [85.73853138, 20.51635504], [85.73853138, 20.51671437], [85.73925003, 20.51671437], [85.73925003, 20.51635504]]]]}, "geometry_name": "geom", "properties": {"id": 10419, "gridcode": 1, "from_time": "16-08-2022 00:00", "to_time": "16-08-2022 00:00"}}, {"type": "Feature", "id": "odflood50dsc16082022.10432", "geometry": {"type": "MultiPolygon", "coordinates": [[[[85.8468682, 20.51527707], [85.84651941, 20.51538479], [85.84662012, 20.5170737], [85.84658678, 20.51763286], [85.84577987, 20.51800324], [85.84534616, 20.51751777], [85.84406483, 20.51712212], [85.84409097, 20.5175583], [85.84444784, 20.51787709], [85.8446533, 20.51919614], [85.84498683, 20.51949406], [85.84515632, 20.5196839], [85.84614446, 20.5198683], [85.84756914, 20.52037957], [85.85059674, 20.52019903], [85.85105081, 20.51969092], [85.8507057, 20.51872926], [85.85036655, 20.51842626], [85.84955683, 20.51738811], [85.84842447, 20.51666788], [85.8480511, 20.51625012], [85.84720981, 20.51586395], [85.8468682, 20.51527707]]]]}, "geometry_name": "geom", "properties": {"id": 10432, "gridcode": 1, "from_time": "16-08-2022 00:00", "to_time": "16-08-2022 00:00"}}, {"type": "Feature", "id": "odflood50dsc16082022.10448", "geometry": {"type": "MultiPolygon", "coordinates": [[[[85.6761883, 20.51330077], [85.67501382, 20.51338394], [85.6748475, 20.51357693], [85.67443817, 20.51392959], [85.67500909, 20.51442156], [85.67534245, 20.51516846], [85.67624111, 20.51541445], [85.67649096, 20.51496687], [85.6761883, 20.51330077]]]]}, "geometry_name": "geom", "properties": {"id": 10448, "gridcode": 1, "from_time": "16-08-2022 00:00", "to_time": "16-08-2022 00:00"}}, {"type": "Feature", "id": "odflood50dsc16082022.10464", "geometry": {"type": "MultiPolygon", "coordinates": [[[[85.86142091, 20.51222279], [85.86096825, 20.51230912], [85.8607956, 20.5124958], [85.86043329, 20.51283126], [85.85997641, 20.51474931], [85.85917162, 20.51500406], [85.85823768, 20.51538778], [85.85792099, 20.51572973], [85.85710216, 20.51598888], [85.85599874, 20.51637557], [85.85567854, 20.51672121], [85.85514569, 20.51721494], [85.85450038, 20.51751935], [85.85432422, 20.51770971], [85.85414807, 20.51751935], [85.85334011, 20.51692684], [85.85288692, 20.51643768], [85.85271076, 20.51662805], [85.85197509, 20.51686087], [85.85219546, 20.51961179], [85.85273796, 20.51986795], [85.85659791, 20.51971495], [85.85769466, 20.52029517], [85.85794731, 20.52083048], [85.85873281, 20.52155843], [85.85899195, 20.52183828], [85.86027609, 20.52201092], [85.86060892, 20.5216516], [85.86128353, 20.52133333], [85.86150723, 20.52039395], [85.86169392, 20.52022131], [85.86204622, 20.51931598], [85.86241257, 20.51842468], [85.86258521, 20.51787867], [85.86277189, 20.51770603], [85.86294454, 20.51732021], [85.86258521, 20.51698737], [85.86236993, 20.51608327], [85.86243994, 20.51431769], [85.86204622, 20.51357378], [85.86186235, 20.5131841], [85.86150723, 20.51285512], [85.86142091, 20.51222279]]]]}, "geometry_name": "geom", "properties": {"id": 10464, "gridcode": 1, "from_time": "16-08-2022 00:00", "to_time": "16-08-2022 00:00"}}, {"type": "Feature", "id": "odflood50dsc16082022.10481", "geometry": {"type": "MultiPolygon", "coordinates": [[[[85.7622469, 20.51078549], [85.76124718, 20.51086374], [85.76073135, 20.51106656], [85.76016587, 20.51122394], [85.76025903, 20.51185417], [85.75983303, 20.51256054], [85.76003586, 20.51318532], [85.76073135, 20.51337902], [85.76099137, 20.51371589], [85.76174757, 20.51416821], [85.76199127, 20.51500371], [85.76192793, 20.51543287], [85.7624092, 20.51623767], [85.76288731, 20.5164333], [85.7631647, 20.51679262], [85.76522293, 20.51663612], [85.76550032, 20.51627679], [85.76576191, 20.5164333], [85.7660393, 20.51679262], [85.76643302, 20.51655717], [85.76663707, 20.51535532], [85.76697131, 20.5150974], [85.76653566, 20.51476124], [85.7663009, 20.514457], [85.76609808, 20.5143005], [85.76594158, 20.51373835], [85.76555909, 20.51358185], [85.76524608, 20.5131762], [85.76422618, 20.5127588], [85.76390545, 20.51197506], [85.76317136, 20.51177065], [85.76280905, 20.51130132], [85.76240341, 20.51098831], [85.7622469, 20.51078549]]]]}, "geometry_name": "geom", "properties": {"id": 10481, "gridcode": 1, "from_time": "16-08-2022 00:00", "to_time": "16-08-2022 00:00"}}, {"type": "Feature", "id": "odflood50dsc16082022.10483", "geometry": {"type": "MultiPolygon", "coordinates": [[[[85.67996122, 20.51060583], [85.67950382, 20.51068741], [85.67916099, 20.51088357], [85.67869007, 20.51108797], [85.67813056, 20.51176135], [85.67754402, 20.51201576], [85.67770719, 20.51303952], [85.67806652, 20.51333814], [85.67790335, 20.51375818], [85.67754402, 20.5140568], [85.67772351, 20.5147165], [85.67853076, 20.51517899], [85.68014703, 20.51498353], [85.68066321, 20.51436208], [85.68105429, 20.51403732], [85.68131694, 20.51357851], [85.68153924, 20.51306619], [85.68317744, 20.51247773], [85.68363607, 20.51167696], [85.68334903, 20.51088357], [85.68255809, 20.51104674], [85.68221526, 20.51124289], [85.68183944, 20.51140606], [85.68154082, 20.51176539], [85.68130045, 20.51160222], [85.68113728, 20.51140606], [85.68061531, 20.51117956], [85.68004281, 20.5107039], [85.67996122, 20.51060583]]]]}, "geometry_name": "geom", "properties": {"id": 10483, "gridcode": 1, "from_time": "16-08-2022 00:00", "to_time": "16-08-2022 00:00"}}, {"type": "Feature", "id": "odflood50dsc16082022.10493", "geometry": {"type": "MultiPolygon", "coordinates": [[[[85.76009095, 20.51006684], [85.7591128, 20.51016228], [85.75930685, 20.51082251], [85.75998585, 20.5109069], [85.76009095, 20.51006684]]]]}, "geometry_name": "geom", "properties": {"id": 10493, "gridcode": 1, "from_time": "16-08-2022 00:00", "to_time": "16-08-2022 00:00"}}, {"type": "Feature", "id": "odflood50dsc16082022.10494", "geometry": {"type": "MultiPolygon", "coordinates": [[[[85.80824065, 20.51006684], [85.80711126, 20.5101572], [85.80687651, 20.51097814], [85.80634418, 20.51140431], [85.80602469, 20.51180346], [85.80372872, 20.51220297], [85.80353853, 20.51373151], [85.80396312, 20.51521829], [85.8036159, 20.51604221], [85.80278514, 20.51639224], [85.80246318, 20.5167942], [85.80185261, 20.51663454], [85.80168295, 20.51642259], [85.80151328, 20.51663454], [85.80113396, 20.5167942], [85.80043531, 20.51771252], [85.79993597, 20.51811237], [85.79971665, 20.51987549], [85.79995878, 20.52122665], [85.80078463, 20.52132929], [85.80155416, 20.52123349], [85.80223194, 20.5216451], [85.80251968, 20.52200443], [85.80295059, 20.52184477], [85.80311025, 20.5216451], [85.80348958, 20.52148544], [85.80436315, 20.52097172], [85.80506409, 20.52088469], [85.80676176, 20.52120472], [85.80780149, 20.52076679], [85.80808923, 20.52040746], [85.80887947, 20.52056713], [85.80915932, 20.52091663], [85.80961251, 20.52097295], [85.8100443, 20.52043396], [85.81122755, 20.52009604], [85.81319138, 20.51968881], [85.81335104, 20.51948915], [85.81373037, 20.51932949], [85.81419374, 20.51905701], [85.81552683, 20.51943756], [85.81602616, 20.51903771], [85.81624565, 20.51807184], [85.81641268, 20.51711195], [85.81678464, 20.5168142], [85.81695939, 20.51639926], [85.81768945, 20.51519724], [85.81894972, 20.51548006], [85.81929993, 20.51607555], [85.81947047, 20.518015], [85.82045019, 20.51859083], [85.82145588, 20.51789218], [85.82166888, 20.51738653], [85.82248298, 20.51704352], [85.82261562, 20.5159773], [85.82219436, 20.51497774], [85.82179521, 20.51465825], [85.82163555, 20.51445858], [85.82123639, 20.51413908], [85.82091689, 20.51373993], [85.82071723, 20.51358027], [85.82045774, 20.51325603], [85.82019824, 20.51358027], [85.81963925, 20.51391959], [85.81935151, 20.51427892], [85.81860689, 20.51408417], [85.81810229, 20.51367992], [85.81773454, 20.51322094], [85.81658498, 20.5133806], [85.81629724, 20.51373993], [85.81514767, 20.51358027], [85.81490801, 20.51328095], [85.81345316, 20.51302777], [85.81250607, 20.51262862], [85.81229307, 20.51212296], [85.81037485, 20.51178925], [85.81008781, 20.5111078], [85.8092388, 20.51086532], [85.80850014, 20.51070566], [85.80824065, 20.51006684]]]]}, "geometry_name": "geom", "properties": {"id": 10494, "gridcode": 1, "from_time": "16-08-2022 00:00", "to_time": "16-08-2022 00:00"}}, {"type": "Feature", "id": "odflood50dsc16082022.10505", "geometry": {"type": "MultiPolygon", "coordinates": [[[[85.94819817, 20.50916852], [85.94774726, 20.5092566], [85.94743986, 20.50957645], [85.94667279, 20.51015842], [85.9461338, 20.51042002], [85.9463568, 20.5112264], [85.94738793, 20.51087357], [85.94794078, 20.51069408], [85.94837432, 20.51024299], [85.94874453, 20.50988717], [85.94828958, 20.50945012], [85.94819817, 20.50916852]]]]}, "geometry_name": "geom", "properties": {"id": 10505, "gridcode": 1, "from_time": "16-08-2022 00:00", "to_time": "16-08-2022 00:00"}}, {"type": "Feature", "id": "odflood50dsc16082022.10589", "geometry": {"type": "MultiPolygon", "coordinates": [[[[85.74589757, 20.50270065], [85.74467659, 20.5029233], [85.7441841, 20.50314314], [85.74393461, 20.50343264], [85.74263486, 20.50382407], [85.74222114, 20.50405479], [85.73883702, 20.50422814], [85.73875578, 20.50523892], [85.73910178, 20.50564053], [85.74003834, 20.50589686], [85.74094788, 20.50582388], [85.74098543, 20.50629005], [85.74071067, 20.5075498], [85.74103333, 20.50792422], [85.74139406, 20.50823494], [85.74173356, 20.50972997], [85.74238273, 20.51028931], [85.74256713, 20.51070233], [85.74296067, 20.51125728], [85.74269486, 20.51242737], [85.74202814, 20.51284495], [85.74186182, 20.51303795], [85.74145933, 20.51338481], [85.74152495, 20.51420207], [85.74132283, 20.51465491], [85.74096789, 20.51496073], [85.74092771, 20.51545971], [85.74120404, 20.51607888], [85.74168215, 20.51573289], [85.74199183, 20.51537356], [85.74186182, 20.51591255], [85.74166882, 20.51607888], [85.74149231, 20.51666489], [85.74077682, 20.51728126], [85.7405868, 20.51893946], [85.73993044, 20.51899209], [85.73969252, 20.51878716], [85.73941338, 20.5181615], [85.73902352, 20.51770918], [85.73848857, 20.51792675], [85.73831715, 20.52005902], [85.73861455, 20.52040413], [85.73880754, 20.52057046], [85.73910002, 20.52090996], [85.7415825, 20.52110945], [85.74316841, 20.52091505], [85.74356265, 20.52045764], [85.74400444, 20.52021113], [85.74445798, 20.52000884], [85.74490275, 20.51949248], [85.74555579, 20.5192958], [85.74616039, 20.51859417], [85.74666622, 20.51836853], [85.74754419, 20.51761198], [85.74794597, 20.51689193], [85.74813669, 20.51625855], [85.74847724, 20.51596501], [85.74795702, 20.51573289], [85.7477907, 20.51553989], [85.74715451, 20.5153483], [85.74777912, 20.51500003], [85.74823319, 20.51503652], [85.74868234, 20.51500038], [85.74953609, 20.51506898], [85.74976699, 20.51465491], [85.75000315, 20.51412592], [85.7507197, 20.5140682], [85.75171082, 20.51433962], [85.75174434, 20.5139231], [85.75029264, 20.5137566], [85.75012632, 20.51338394], [85.74957399, 20.51267862], [85.74940766, 20.51230596], [85.74918326, 20.51211261], [85.74883393, 20.51132957], [85.74832969, 20.51104832], [85.74787614, 20.51084602], [85.74743137, 20.51032966], [85.74689922, 20.50987121], [85.74671272, 20.50925169], [85.74651972, 20.50890569], [85.7463069, 20.5081988], [85.74580774, 20.50815879], [85.74455676, 20.50825915], [85.74490275, 20.50781438], [85.74569018, 20.50757735], [85.74599828, 20.50673833], [85.74549718, 20.50651463], [85.74527541, 20.50601775], [85.7450747, 20.50584476], [85.74527541, 20.50567176], [85.74544174, 20.5052991], [85.74593564, 20.50460255], [85.74605425, 20.50312718], [85.74589757, 20.50270065]], [[85.74679588, 20.51581606], [85.7467343, 20.51603502], [85.74657692, 20.51587764], [85.74679588, 20.51581606]], [[85.74302296, 20.51330077], [85.74295102, 20.51370905], [85.74278943, 20.51340078], [85.74302296, 20.51330077]], [[85.74392127, 20.50862953], [85.74405725, 20.50890306], [85.74384267, 20.50922888], [85.74368125, 20.50875095], [85.74392127, 20.50862953]]]]}, "geometry_name": "geom", "properties": {"id": 10589, "gridcode": 1, "from_time": "16-08-2022 00:00", "to_time": "16-08-2022 00:00"}}, {"type": "Feature", "id": "odflood50dsc16082022.10593", "geometry": {"type": "MultiPolygon", "coordinates": [[[[85.94011333, 20.501982], [85.93906097, 20.50206622], [85.93967417, 20.50224149], [85.93987401, 20.50294085], [85.94020948, 20.50335965], [85.9415073, 20.50385846], [85.94270844, 20.50367424], [85.94253334, 20.5030884], [85.94176714, 20.50263802], [85.94019316, 20.50244116], [85.94011333, 20.501982]]]]}, "geometry_name": "geom", "properties": {"id": 10593, "gridcode": 1, "from_time": "16-08-2022 00:00", "to_time": "16-08-2022 00:00"}}, {"type": "Feature", "id": "odflood50dsc16082022.10606", "geometry": {"type": "MultiPolygon", "coordinates": [[[[85.69918517, 20.50090402], [85.69854968, 20.50098719], [85.69838336, 20.50135985], [85.69805491, 20.50164285], [85.69776489, 20.50323262], [85.69788419, 20.5047173], [85.697381, 20.505427], [85.6970829, 20.50568387], [85.69656269, 20.50564211], [85.6962274, 20.50603109], [85.6960344, 20.50619741], [85.69569122, 20.50659569], [85.69545997, 20.50861339], [85.69497449, 20.50903167], [85.6947443, 20.50954732], [85.69254448, 20.51020966], [85.69227481, 20.51052266], [85.69103314, 20.51074917], [85.69083751, 20.51154572], [85.69173582, 20.51194663], [85.69225025, 20.51223367], [85.69244114, 20.51279459], [85.69184092, 20.51302461], [85.69110104, 20.51261177], [85.69041976, 20.51182101], [85.68992586, 20.51160064], [85.68951004, 20.51111815], [85.68893104, 20.51061916], [85.68868155, 20.51032966], [85.68755427, 20.51012403], [85.68681211, 20.51018369], [85.68616627, 20.51096831], [85.68643208, 20.51427611], [85.68561394, 20.51446192], [85.68544762, 20.51465491], [85.68471124, 20.51487668], [85.68388241, 20.51546427], [85.68354413, 20.51585694], [85.68410681, 20.51634171], [85.6846058, 20.5169207], [85.68523409, 20.51746215], [85.68574834, 20.51828309], [85.68597327, 20.51878716], [85.68617469, 20.51896069], [85.68543428, 20.51949248], [85.68512864, 20.51984707], [85.68471563, 20.52003147], [85.68431823, 20.52025324], [85.68401031, 20.52094312], [85.6836666, 20.52123928], [85.68347132, 20.52278431], [85.6845493, 20.5232654], [85.68489529, 20.5234584], [85.68526795, 20.52362473], [85.68543428, 20.52381773], [85.68692124, 20.52398406], [85.68723091, 20.52362473], [85.68750602, 20.5233877], [85.6894002, 20.52309908], [85.69078891, 20.52279625], [85.69100384, 20.52254675], [85.6915737, 20.52205566], [85.69129123, 20.52128613], [85.69150089, 20.51867645], [85.69087576, 20.51813781], [85.68963513, 20.51766708], [85.6894002, 20.51658155], [85.68986568, 20.51618047], [85.6916495, 20.51632381], [85.69195759, 20.51801307], [85.69253536, 20.51827081], [85.69298013, 20.51878716], [85.69318085, 20.51896016], [85.69298013, 20.51913315], [85.6928138, 20.51990848], [85.69364229, 20.51984181], [85.69395389, 20.51914386], [85.69568841, 20.51896683], [85.69591439, 20.5184603], [85.69540716, 20.51755093], [85.69488343, 20.51731722], [85.69461043, 20.51694088], [85.69496976, 20.51663121], [85.69513609, 20.51643821], [85.69730538, 20.51627188], [85.69801069, 20.51573851], [85.69749206, 20.51287776], [85.69730538, 20.51104832], [85.69711238, 20.51088199], [85.69690412, 20.50996578], [85.69699693, 20.50881218], [85.69730538, 20.50854637], [85.69788946, 20.50786842], [85.69842371, 20.50762998], [85.69872935, 20.50727539], [85.69908095, 20.50697256], [85.69982066, 20.50674974], [85.70032491, 20.50646849], [85.70077512, 20.50545929], [85.70067248, 20.50418094], [85.69998699, 20.50387513], [85.69978504, 20.50364073], [85.69946133, 20.50116685], [85.69926834, 20.50100052], [85.69918517, 20.50090402]], [[85.69325629, 20.51581606], [85.69315874, 20.51604414], [85.6928431, 20.51588887], [85.69325629, 20.51581606]], [[85.68894438, 20.51276178], [85.68888279, 20.51298075], [85.68872541, 20.51282337], [85.68894438, 20.51276178]]]]}, "geometry_name": "geom", "properties": {"id": 10606, "gridcode": 1, "from_time": "16-08-2022 00:00", "to_time": "16-08-2022 00:00"}}, {"type": "Feature", "id": "odflood50dsc16082022.10607", "geometry": {"type": "MultiPolygon", "coordinates": [[[[85.72954823, 20.50090402], [85.72835498, 20.50099034], [85.7280039, 20.50138318], [85.72729735, 20.50170742], [85.7269482, 20.50189726], [85.72631938, 20.50218588], [85.72603971, 20.50296506], [85.72587022, 20.50351422], [85.72554722, 20.50380284], [85.72548125, 20.50490837], [85.72568038, 20.50513119], [85.72604989, 20.50530068], [85.72631429, 20.50559667], [85.72669222, 20.50517383], [85.73030337, 20.50493135], [85.7308657, 20.50370599], [85.73123625, 20.50337491], [85.73128731, 20.50251766], [85.73108045, 20.50206674], [85.73029723, 20.50149845], [85.73000247, 20.50116843], [85.72963297, 20.50099894], [85.72954823, 20.50090402]]]]}, "geometry_name": "geom", "properties": {"id": 10607, "gridcode": 1, "from_time": "16-08-2022 00:00", "to_time": "16-08-2022 00:00"}}, {"type": "Feature", "id": "odflood50dsc16082022.10655", "geometry": {"type": "MultiPolygon", "coordinates": [[[[85.73565677, 20.49659211], [85.73482215, 20.49667545], [85.73519937, 20.49698881], [85.7350362, 20.49740884], [85.73484004, 20.49757201], [85.73456371, 20.49881772], [85.73417525, 20.49971358], [85.73377382, 20.50004694], [85.73356731, 20.50075068], [85.7330599, 20.50136143], [85.7325546, 20.50178128], [85.73223563, 20.50357142], [85.73198193, 20.50387671], [85.7316226, 20.50417533], [85.73178577, 20.50459536], [85.73212317, 20.50487573], [85.73258496, 20.50562439], [85.73398577, 20.50601617], [85.73659685, 20.50574826], [85.73692213, 20.50428077], [85.73733866, 20.50393478], [85.73771465, 20.50224606], [85.73754569, 20.49982446], [85.73719215, 20.49900931], [85.736996, 20.49884614], [85.73679984, 20.49796169], [85.73591802, 20.49722918], [85.73565677, 20.49659211]]]]}, "geometry_name": "geom", "properties": {"id": 10655, "gridcode": 1, "from_time": "16-08-2022 00:00", "to_time": "16-08-2022 00:00"}}, {"type": "Feature", "id": "odflood50dsc16082022.10673", "geometry": {"type": "MultiPolygon", "coordinates": [[[[85.74374161, 20.49497514], [85.74245098, 20.49506269], [85.74276346, 20.49559396], [85.7429919, 20.49716391], [85.74382144, 20.49776992], [85.74438043, 20.49810924], [85.74455466, 20.49852278], [85.74527875, 20.4988279], [85.74565299, 20.49904791], [85.7459874, 20.49900633], [85.74648112, 20.49906774], [85.74687571, 20.49839628], [85.74659745, 20.49758341], [85.74615706, 20.49723093], [85.74595687, 20.49675545], [85.74545841, 20.49613295], [85.74502504, 20.49595048], [85.74460326, 20.49542377], [85.74382144, 20.49525464], [85.74374161, 20.49497514]]]]}, "geometry_name": "geom", "properties": {"id": 10673, "gridcode": 1, "from_time": "16-08-2022 00:00", "to_time": "16-08-2022 00:00"}}, {"type": "Feature", "id": "odflood50dsc16082022.10694", "geometry": {"type": "MultiPolygon", "coordinates": [[[[85.7511078, 20.49317851], [85.74993648, 20.49326483], [85.74618776, 20.4935903], [85.74581124, 20.49412209], [85.74698239, 20.49487847], [85.74724153, 20.49542781], [85.74760191, 20.49576152], [85.74778052, 20.49632612], [85.74807405, 20.49716338], [85.74847549, 20.49753516], [85.74940451, 20.49775641], [85.74980875, 20.49797046], [85.75011614, 20.49830242], [85.75057933, 20.49852085], [85.75351482, 20.49840453], [85.75448788, 20.49874561], [85.75493002, 20.49968252], [85.75523619, 20.50128563], [85.7562317, 20.50206832], [85.75640435, 20.50243467], [85.75659103, 20.50260731], [85.75676367, 20.50281347], [85.75630381, 20.50323964], [85.75679876, 20.50369827], [85.75676262, 20.50461115], [85.75640435, 20.50494293], [85.7562317, 20.50638725], [85.75553481, 20.50798387], [85.75532637, 20.50817687], [85.75507284, 20.5087141], [85.75282442, 20.50891008], [85.75216858, 20.50888411], [85.75186908, 20.50824915], [85.75211121, 20.50685834], [85.75207243, 20.50587914], [85.74901097, 20.50565316], [85.74868585, 20.50530226], [85.74830003, 20.50512961], [85.7479672, 20.50548894], [85.74768735, 20.50574808], [85.74742821, 20.50602793], [85.74724153, 20.50620057], [85.74706889, 20.50730504], [85.74774508, 20.50793158], [85.74813985, 20.50854321], [85.74848496, 20.50886271], [85.7488585, 20.50944153], [85.74959663, 20.50991805], [85.75066215, 20.51033282], [85.75100761, 20.51070601], [85.75162222, 20.51127518], [85.75192084, 20.51252966], [85.75252475, 20.513089], [85.75431015, 20.51301829], [85.75496704, 20.51230912], [85.75564938, 20.51186856], [85.75586536, 20.5114108], [85.75605204, 20.51105849], [85.75627486, 20.50919537], [85.75659103, 20.50890254], [85.75685017, 20.5080837], [85.75718265, 20.50777578], [85.75878822, 20.50819634], [85.76069661, 20.50812072], [85.76096417, 20.50868743], [85.76205584, 20.50903307], [85.76250061, 20.5099756], [85.76341822, 20.51033282], [85.76359087, 20.5105195], [85.76395721, 20.51069215], [85.76448918, 20.51105849], [85.76488272, 20.51124412], [85.76546996, 20.51122079], [85.76706921, 20.51066039], [85.76792594, 20.5108848], [85.76831983, 20.51171942], [85.76949343, 20.51227332], [85.76969941, 20.5124958], [85.77039912, 20.51314409], [85.77059773, 20.5136329], [85.76969941, 20.51446507], [85.76950642, 20.51467351], [85.76954958, 20.51576079], [85.76862143, 20.51644137], [85.76840756, 20.51667226], [85.76791664, 20.51771287], [85.76754346, 20.51805833], [85.76737081, 20.51914333], [85.76712009, 20.52034149], [85.76737081, 20.52057362], [85.76754346, 20.5207603], [85.76880812, 20.52129227], [85.76916042, 20.52147895], [85.76952677, 20.5216516], [85.76969941, 20.52183828], [85.77027209, 20.52210847], [85.77059773, 20.52381457], [85.77078441, 20.52398722], [85.77122848, 20.52539013], [85.77261367, 20.52560418], [85.77352796, 20.52512046], [85.77478279, 20.52489255], [85.77604745, 20.52533574], [85.77646222, 20.52621458], [85.7772693, 20.52659549], [85.77792724, 20.52624722], [85.77814358, 20.52576437], [85.77743598, 20.52510871], [85.77725228, 20.52449357], [85.77761161, 20.52381457], [85.77778425, 20.52344823], [85.77855098, 20.5228859], [85.77886223, 20.52254991], [85.78098502, 20.5223241], [85.78135523, 20.52115507], [85.78164859, 20.52060081], [85.78230232, 20.52040097], [85.78279148, 20.52092873], [85.78323625, 20.52113875], [85.78438318, 20.52109331], [85.78509657, 20.52134333], [85.78550345, 20.52220515], [85.78622017, 20.52217672], [85.78640808, 20.52021429], [85.78679179, 20.51911964], [85.7878524, 20.518784], [85.78802504, 20.51859732], [85.78857105, 20.51824502], [85.78917601, 20.51782867], [85.78946235, 20.51751935], [85.79074648, 20.5173467], [85.79107932, 20.51770603], [85.79248522, 20.51797429], [85.79334721, 20.51890472], [85.79435413, 20.51914438], [85.79502506, 20.51986883], [85.79539825, 20.52021429], [85.79572441, 20.5205666], [85.7985692, 20.52014236], [85.79880851, 20.51839099], [85.79919854, 20.51765409], [85.799717, 20.51717388], [85.80006247, 20.51680069], [85.80042881, 20.51662805], [85.80060146, 20.51644137], [85.8008813, 20.51618222], [85.80114641, 20.51534479], [85.80150679, 20.51501108], [85.80167944, 20.51428541], [85.8022579, 20.51276985], [85.80220702, 20.51148695], [85.8010822, 20.5109562], [85.80073042, 20.51021088], [85.8002009, 20.50996104], [85.79943716, 20.50999122], [85.7978151, 20.509927], [85.79737454, 20.51016018], [85.7970082, 20.51033282], [85.79663466, 20.51091164], [85.79618936, 20.51132413], [85.79214642, 20.51102358], [85.78916145, 20.51114183], [85.78806663, 20.51075812], [85.78767274, 20.51033282], [85.78674302, 20.5101114], [85.78548923, 20.51016123], [85.78515745, 20.5105195], [85.78446512, 20.51116096], [85.78424791, 20.51162082], [85.78372436, 20.51210612], [85.78348276, 20.51261774], [85.78251935, 20.51307251], [85.78228284, 20.51357378], [85.78187527, 20.5137659], [85.7813633, 20.51374572], [85.78138751, 20.51313743], [85.78224442, 20.51258405], [85.78245549, 20.51209682], [85.7819165, 20.51159748], [85.78165736, 20.51131764], [85.7807894, 20.51104288], [85.78007495, 20.51066478], [85.77976756, 20.51033282], [85.7785029, 20.51016018], [85.77719789, 20.5097026], [85.77535248, 20.51024282], [85.77509632, 20.5105195], [85.77399185, 20.51069215], [85.77365902, 20.51033282], [85.76969941, 20.51016018], [85.76855108, 20.5098591], [85.76890128, 20.50953469], [85.76917709, 20.50923695], [85.77018366, 20.508762], [85.77041807, 20.5079293], [85.76969941, 20.50746523], [85.76952677, 20.50727855], [85.76862143, 20.50710591], [85.76826913, 20.50691922], [85.76754346, 20.50674658], [85.7665597, 20.50648867], [85.76612001, 20.50601407], [85.76536416, 20.50565737], [85.76503519, 20.50530226], [85.76430952, 20.50512961], [85.76395721, 20.50494293], [85.76290485, 20.5044464], [85.76198092, 20.50477029], [85.76124209, 20.50494293], [85.76074117, 20.50388162], [85.76035009, 20.50351949], [85.75998796, 20.5031284], [85.75892577, 20.50262714], [85.75872751, 20.50220675], [85.75874769, 20.50169654], [85.75827063, 20.50125458], [85.75802833, 20.4997327], [85.75781428, 20.49932846], [85.75748232, 20.49902107], [85.75730968, 20.49809626], [85.75766901, 20.49776343], [85.75784165, 20.49576064], [85.75748232, 20.49542781], [85.75730968, 20.49506146], [85.7569114, 20.49448282], [85.75659103, 20.49380382], [85.75632329, 20.49355591], [85.75437559, 20.49384646], [85.75390994, 20.49434895], [85.75371642, 20.4959668], [85.75121693, 20.49613944], [85.75066215, 20.49517323], [85.7514987, 20.49463283], [85.75191277, 20.49393769], [85.75119412, 20.49327185], [85.7511078, 20.49317851]], [[85.76098926, 20.50557526], [85.76109453, 20.505843], [85.76088785, 20.50655183], [85.76073135, 20.5074733], [85.76018341, 20.50762981], [85.7600127, 20.50574124], [85.76098926, 20.50557526]], [[85.77302669, 20.51581606], [85.77313687, 20.51626451], [85.77307003, 20.51656243], [85.7721203, 20.51720195], [85.77134849, 20.51702896], [85.77152166, 20.51625626], [85.77245945, 20.51590554], [85.77302669, 20.51581606]], [[85.79099299, 20.51401942], [85.79109528, 20.51415189], [85.79289104, 20.514457], [85.79304754, 20.51465983], [85.79348985, 20.51484089], [85.79390497, 20.51537865], [85.79412552, 20.51591747], [85.79432834, 20.51607397], [85.79448484, 20.5166949], [85.79376286, 20.51725213], [85.79258768, 20.51673858], [85.79235205, 20.5164333], [85.79075105, 20.51578851], [85.79055542, 20.51553498], [85.79035259, 20.51537848], [85.79019609, 20.51517565], [85.78986185, 20.51491774], [85.79019609, 20.51465983], [85.79038944, 20.51418751], [85.79099299, 20.51401942]], [[85.77715894, 20.51545673], [85.7772714, 20.51588325], [85.77831201, 20.51615766], [85.77813515, 20.51714879], [85.77723403, 20.5169986], [85.77654486, 20.51678946], [85.77518282, 20.51663068], [85.77502877, 20.51585115], [85.77527248, 20.51551112], [85.77554197, 20.51588711], [85.77579673, 20.51553182], [85.77715894, 20.51545673]], [[85.77410467, 20.51294145], [85.7743889, 20.51337587], [85.77466769, 20.51409838], [85.77418537, 20.51445384], [85.7731667, 20.51403522], [85.77295159, 20.51373519], [85.7725963, 20.51348044], [85.77295159, 20.51322568], [85.77310178, 20.51301654], [85.77410467, 20.51294145]]]]}, "geometry_name": "geom", "properties": {"id": 10694, "gridcode": 1, "from_time": "16-08-2022 00:00", "to_time": "16-08-2022 00:00"}}, {"type": "Feature", "id": "odflood50dsc16082022.10703", "geometry": {"type": "MultiPolygon", "coordinates": [[[[85.757396, 20.49245986], [85.75677227, 20.49301727], [85.7572902, 20.49325097], [85.757396, 20.49245986]]]]}, "geometry_name": "geom", "properties": {"id": 10703, "gridcode": 1, "from_time": "16-08-2022 00:00", "to_time": "16-08-2022 00:00"}}, {"type": "Feature", "id": "odflood50dsc16082022.10731", "geometry": {"type": "MultiPolygon", "coordinates": [[[[85.7457179, 20.49066323], [85.74475134, 20.4907513], [85.74448254, 20.49140539], [85.74472537, 20.49261671], [85.74516505, 20.49323009], [85.74562807, 20.49332168], [85.7459881, 20.4923881], [85.74705064, 20.4921751], [85.74675974, 20.49147943], [85.74615232, 20.49112712], [85.74600214, 20.49091798], [85.745793, 20.4907678], [85.7457179, 20.49066323]]]]}, "geometry_name": "geom", "properties": {"id": 10731, "gridcode": 1, "from_time": "16-08-2022 00:00", "to_time": "16-08-2022 00:00"}}, {"type": "Feature", "id": "odflood50dsc16082022.10751", "geometry": {"type": "MultiPolygon", "coordinates": [[[[85.73475846, 20.48940559], [85.73441457, 20.48949629], [85.73378505, 20.48994738], [85.73442106, 20.49037899], [85.73519288, 20.48996966], [85.73504269, 20.48966034], [85.73483355, 20.48951016], [85.73475846, 20.48940559]]]]}, "geometry_name": "geom", "properties": {"id": 10751, "gridcode": 1, "from_time": "16-08-2022 00:00", "to_time": "16-08-2022 00:00"}}, {"type": "Feature", "id": "odflood50dsc16082022.10761", "geometry": {"type": "MultiPolygon", "coordinates": [[[[85.73691441, 20.48868693], [85.73575818, 20.48888326], [85.73591469, 20.48914767], [85.73618155, 20.48935365], [85.73662264, 20.49008494], [85.7361919, 20.49156224], [85.73661018, 20.49258443], [85.73737515, 20.49289744], [85.73764201, 20.49324308], [85.73817206, 20.4933215], [85.73862121, 20.49325501], [85.73923547, 20.49334589], [85.73935987, 20.49250372], [85.73883755, 20.49210053], [85.73932829, 20.49172173], [85.73917178, 20.49146013], [85.73880386, 20.49117607], [85.73863279, 20.49056182], [85.7379945, 20.49018003], [85.73749972, 20.48953893], [85.73699267, 20.48914767], [85.73691441, 20.48868693]]]]}, "geometry_name": "geom", "properties": {"id": 10761, "gridcode": 1, "from_time": "16-08-2022 00:00", "to_time": "16-08-2022 00:00"}}, {"type": "Feature", "id": "odflood50dsc16082022.10772", "geometry": {"type": "MultiPolygon", "coordinates": [[[[85.74230431, 20.48814794], [85.74180883, 20.48823216], [85.74056277, 20.48874203], [85.74024976, 20.48914767], [85.73971077, 20.48956367], [85.73992447, 20.49071288], [85.74076559, 20.49038215], [85.74177093, 20.49017003], [85.74202323, 20.48984316], [85.74242186, 20.48953542], [85.74258836, 20.48840832], [85.74238256, 20.48824936], [85.74230431, 20.48814794]]]]}, "geometry_name": "geom", "properties": {"id": 10772, "gridcode": 1, "from_time": "16-08-2022 00:00", "to_time": "16-08-2022 00:00"}}, {"type": "Feature", "id": "odflood50dsc16082022.10804", "geometry": {"type": "MultiPolygon", "coordinates": [[[[85.73583644, 20.48527334], [85.73522586, 20.48538475], [85.73469512, 20.48584198], [85.73457529, 20.48733279], [85.7373569, 20.4870633], [85.73719058, 20.48643448], [85.73646929, 20.4861127], [85.73627419, 20.48567547], [85.7359196, 20.48536983], [85.73583644, 20.48527334]]]]}, "geometry_name": "geom", "properties": {"id": 10804, "gridcode": 1, "from_time": "16-08-2022 00:00", "to_time": "16-08-2022 00:00"}}, {"type": "Feature", "id": "odflood50dsc16082022.10833", "geometry": {"type": "MultiPolygon", "coordinates": [[[[85.7291889, 20.48347671], [85.72826322, 20.48359777], [85.72810812, 20.48552809], [85.72847025, 20.48555722], [85.72882958, 20.48552844], [85.72962683, 20.48559248], [85.72968771, 20.48483506], [85.7291889, 20.48347671]]]]}, "geometry_name": "geom", "properties": {"id": 10833, "gridcode": 1, "from_time": "16-08-2022 00:00", "to_time": "16-08-2022 00:00"}}, {"type": "Feature", "id": "odflood50dsc16082022.10968", "geometry": {"type": "MultiPolygon", "coordinates": [[[[85.71517518, 20.4723376], [85.71493359, 20.4724648], [85.71509834, 20.47292957], [85.71517518, 20.4723376]]]]}, "geometry_name": "geom", "properties": {"id": 10968, "gridcode": 1, "from_time": "16-08-2022 00:00", "to_time": "16-08-2022 00:00"}}, {"type": "Feature", "id": "odflood50dsc16082022.11020", "geometry": {"type": "MultiPolygon", "coordinates": [[[[85.64438794, 20.46838501], [85.64377719, 20.46847888], [85.64400458, 20.46935508], [85.64469656, 20.469207], [85.6444597, 20.46885224], [85.64438794, 20.46838501]]]]}, "geometry_name": "geom", "properties": {"id": 11020, "gridcode": 1, "from_time": "16-08-2022 00:00", "to_time": "16-08-2022 00:00"}}, {"type": "Feature", "id": "odflood50dsc16082022.11042", "geometry": {"type": "MultiPolygon", "coordinates": [[[[85.64402861, 20.46569006], [85.64289239, 20.46577305], [85.64251797, 20.46634818], [85.64289853, 20.46738037], [85.6436056, 20.46723159], [85.64395527, 20.4666947], [85.64410195, 20.46630239], [85.64433846, 20.46613922], [85.64410195, 20.46597605], [85.64402861, 20.46569006]]]]}, "geometry_name": "geom", "properties": {"id": 11042, "gridcode": 1, "from_time": "16-08-2022 00:00", "to_time": "16-08-2022 00:00"}}, {"type": "Feature", "id": "odflood50dsc16082022.11055", "geometry": {"type": "MultiPolygon", "coordinates": [[[[85.59731622, 20.46425276], [85.59580487, 20.4643475], [85.59574452, 20.46536004], [85.59609718, 20.46575463], [85.59668231, 20.46596465], [85.59839244, 20.46619326], [85.59884844, 20.46703245], [85.59901793, 20.46794094], [85.59921338, 20.46811551], [85.59884844, 20.46844168], [85.59901793, 20.46865959], [85.59951499, 20.46910366], [85.59901793, 20.46954773], [85.59884844, 20.4700969], [85.5986586, 20.47044605], [85.59833437, 20.47115259], [85.59795486, 20.47149156], [85.5976866, 20.47207617], [85.59723148, 20.47279184], [85.59693549, 20.47305625], [85.59723148, 20.47332065], [85.5974757, 20.4738528], [85.59859193, 20.4739193], [85.59884844, 20.47369016], [85.59901793, 20.47350032], [85.59953674, 20.47303677], [85.59979097, 20.4720874], [85.59972728, 20.4710196], [85.60008942, 20.46966809], [85.59965272, 20.46886452], [85.59993116, 20.46825763], [85.60079842, 20.46748283], [85.60088264, 20.4660715], [85.60035452, 20.46524126], [85.5979696, 20.46505457], [85.59740921, 20.46455366], [85.59731622, 20.46425276]]]]}, "geometry_name": "geom", "properties": {"id": 11055, "gridcode": 1, "from_time": "16-08-2022 00:00", "to_time": "16-08-2022 00:00"}}, {"type": "Feature", "id": "odflood50dsc16082022.11061", "geometry": {"type": "MultiPolygon", "coordinates": [[[[85.65319143, 20.46389343], [85.65219328, 20.46397326], [85.65149463, 20.46417293], [85.65057631, 20.46433259], [85.65041665, 20.46453225], [85.64865915, 20.46475192], [85.64790137, 20.46535898], [85.64806103, 20.46561023], [85.64880863, 20.4660643], [85.64933867, 20.46648855], [85.64959448, 20.46680822], [85.65021699, 20.46704754], [85.65149463, 20.46738686], [85.65178237, 20.46774619], [85.6531116, 20.46758653], [85.65327126, 20.46738686], [85.65394535, 20.46684717], [85.65404518, 20.46604483], [85.65367041, 20.46431276], [85.65327126, 20.46399326], [85.65319143, 20.46389343]]]]}, "geometry_name": "geom", "properties": {"id": 11061, "gridcode": 1, "from_time": "16-08-2022 00:00", "to_time": "16-08-2022 00:00"}}, {"type": "Feature", "id": "odflood50dsc16082022.11073", "geometry": {"type": "MultiPolygon", "coordinates": [[[[85.63253018, 20.46281545], [85.6312778, 20.4629202], [85.63100971, 20.46381027], [85.63065038, 20.46411994], [85.63081671, 20.46614589], [85.63100971, 20.46631222], [85.63123008, 20.46680611], [85.63190802, 20.46739019], [85.63218717, 20.46771425], [85.63297934, 20.46777777], [85.63315233, 20.46739019], [85.63334533, 20.4670442], [85.63351166, 20.46631222], [85.63370465, 20.46578656], [85.63387098, 20.46433592], [85.63423031, 20.46402625], [85.63406398, 20.46379693], [85.63387098, 20.4636306], [85.63356201, 20.46327198], [85.63261334, 20.46291195], [85.63253018, 20.46281545]]]]}, "geometry_name": "geom", "properties": {"id": 11073, "gridcode": 1, "from_time": "16-08-2022 00:00", "to_time": "16-08-2022 00:00"}}, {"type": "Feature", "id": "odflood50dsc16082022.11133", "geometry": {"type": "MultiPolygon", "coordinates": [[[[85.6018078, 20.45688657], [85.60103896, 20.45710641], [85.6009744, 20.45762558], [85.60116897, 20.4589627], [85.6014683, 20.45920237], [85.60183604, 20.45966135], [85.60246399, 20.45949713], [85.60309386, 20.45863478], [85.60254154, 20.45772541], [85.60206729, 20.45734573], [85.6018078, 20.45688657]]]]}, "geometry_name": "geom", "properties": {"id": 11133, "gridcode": 1, "from_time": "16-08-2022 00:00", "to_time": "16-08-2022 00:00"}}, {"type": "Feature", "id": "odflood50dsc16082022.11134", "geometry": {"type": "MultiPolygon", "coordinates": [[[[85.71283956, 20.45688657], [85.71220899, 20.45697465], [85.71203196, 20.4577005], [85.71148683, 20.45768944], [85.71113452, 20.45805614], [85.71085976, 20.45832037], [85.71059553, 20.45913412], [85.71039481, 20.45931027], [85.70969722, 20.45895094], [85.70877083, 20.45859513], [85.70742178, 20.45905692], [85.70700227, 20.45949344], [85.70538179, 20.45984926], [85.70470051, 20.46031087], [85.70448699, 20.46075108], [85.70412047, 20.46110322], [85.70376833, 20.46146974], [85.7024156, 20.46227296], [85.70179923, 20.46291423], [85.70124954, 20.46344252], [85.70107339, 20.46362569], [85.70086776, 20.46382343], [85.70007015, 20.4642103], [85.69675972, 20.46414275], [85.69566911, 20.46416503], [85.69532417, 20.46452401], [85.695141, 20.46470016], [85.69495783, 20.4648907], [85.69498134, 20.46604939], [85.69495888, 20.46715825], [85.69441673, 20.46903155], [85.69406302, 20.4693714], [85.69388687, 20.46974476], [85.69441954, 20.47025656], [85.69462113, 20.4706722], [85.69548576, 20.47150279], [85.69603931, 20.47224952], [85.69622249, 20.47242567], [85.69639864, 20.47548345], [85.69668779, 20.47661161], [85.69639864, 20.47745624], [85.69622249, 20.47799874], [85.69603931, 20.47817489], [85.69533522, 20.47912479], [85.6927945, 20.47907285], [85.69244956, 20.47871388], [85.69208673, 20.47853773], [85.69173091, 20.47835455], [85.69072943, 20.4781784], [85.69012394, 20.47942657], [85.68993077, 20.47961219], [85.68975462, 20.47997503], [85.68957144, 20.48033085], [85.68927861, 20.48153147], [85.68903245, 20.48176815], [85.6888563, 20.48213099], [85.68832047, 20.48317142], [85.68813765, 20.48410728], [85.68795448, 20.48428343], [85.68726635, 20.48521158], [85.68578764, 20.4851814], [85.6854427, 20.48482242], [85.68471001, 20.48464627], [85.68436472, 20.4850056], [85.68414787, 20.48521403], [85.68255371, 20.4851814], [85.68204226, 20.48464908], [85.68162293, 20.48444555], [85.68057303, 20.48446696], [85.68023247, 20.4852028], [85.6805918, 20.4859004], [85.68076795, 20.48626324], [85.68113816, 20.48661905], [85.68112482, 20.48727279], [85.67974858, 20.48781564], [85.67939925, 20.48817917], [85.6791545, 20.4890224], [85.6803967, 20.48983685], [85.68067637, 20.49012775], [85.68095113, 20.49039198], [85.68114886, 20.49059761], [85.68149941, 20.4913203], [85.68212069, 20.49191736], [85.68288426, 20.49271198], [85.68328675, 20.49290726], [85.68379573, 20.49343695], [85.68418506, 20.49362591], [85.68454088, 20.49380909], [85.68491424, 20.49398524], [85.68525953, 20.49362591], [85.68585502, 20.49343256], [85.68679193, 20.49345169], [85.68644997, 20.4941156], [85.6859566, 20.49435509], [85.68491056, 20.49433369], [85.68472405, 20.49452774], [85.68436122, 20.49470389], [85.6840054, 20.49488706], [85.68364256, 20.49506322], [85.68310708, 20.49578538], [85.68292391, 20.49596153], [85.68274776, 20.49651456], [85.68321604, 20.49696442], [85.6834629, 20.49848032], [85.68365098, 20.49921407], [85.6840054, 20.49955479], [85.68420471, 20.49976218], [85.68492126, 20.50009378], [85.68568062, 20.49970252], [85.6875969, 20.49974165], [85.68797606, 20.49973393], [85.68858505, 20.49910002], [85.68885279, 20.49937864], [85.6894667, 20.49967656], [85.68903245, 20.50009378], [85.6888563, 20.50027696], [85.68760533, 20.50048066], [85.68813765, 20.5009921], [85.6883138, 20.50135493], [85.68923265, 20.50153442], [85.69006113, 20.50196112], [85.69030413, 20.50246186], [85.69028606, 20.50334561], [85.68992884, 20.5036888], [85.69011394, 20.50386671], [85.6902901, 20.50404988], [85.69173091, 20.50422603], [85.69206778, 20.50457659], [85.69290854, 20.50512435], [85.69376037, 20.50454694], [85.69406302, 20.50207008], [85.69424619, 20.50189392], [85.69442235, 20.50171075], [85.69498941, 20.50135493], [85.69685096, 20.50199218], [85.69711729, 20.50117176], [85.69730046, 20.50099561], [85.69801561, 20.50009378], [85.69855811, 20.49991763], [85.69909183, 20.49964287], [85.69963608, 20.49937864], [85.69982171, 20.49918547], [85.70071582, 20.49875157], [85.70124954, 20.49847682], [85.70161238, 20.49830066], [85.70205259, 20.49784256], [85.70251069, 20.49740235], [85.70271843, 20.49697442], [85.70268281, 20.49522849], [85.7023205, 20.4948804], [85.7019717, 20.49380558], [85.7015629, 20.4926111], [85.70104075, 20.49235774], [85.70107725, 20.49056532], [85.70298915, 20.49009915], [85.70322584, 20.48985299], [85.70358885, 20.48950401], [85.70357657, 20.48889923], [85.70268685, 20.48823953], [85.70251069, 20.4878767], [85.70223207, 20.48760896], [85.70251069, 20.48734122], [85.70279633, 20.48646097], [85.70317969, 20.48449714], [85.703948, 20.48392762], [85.70412415, 20.48374445], [85.70553619, 20.4830593], [85.70574112, 20.48284613], [85.70732668, 20.48258804], [85.7067705, 20.48150848], [85.70591797, 20.48123179], [85.70619659, 20.48096405], [85.70588657, 20.47884319], [85.70502685, 20.47801716], [85.70482947, 20.47720745], [85.70484666, 20.4763644], [85.70430381, 20.47584278], [85.70412099, 20.47509307], [85.70412801, 20.47475041], [85.70448699, 20.47440548], [85.70467384, 20.47421107], [85.70465946, 20.47350576], [85.70582358, 20.47281465], [85.70694946, 20.4733947], [85.70722246, 20.47395719], [85.70797638, 20.47445162], [85.71043604, 20.47440144], [85.71077168, 20.47403211], [85.71041236, 20.47368682], [85.70980933, 20.47305923], [85.70897505, 20.47278851], [85.70862292, 20.47242199], [85.70774303, 20.47199511], [85.70754038, 20.47116435], [85.70717842, 20.47117172], [85.70700227, 20.47102276], [85.70811393, 20.47080572], [85.7087989, 20.47081958], [85.70924279, 20.47035779], [85.7097009, 20.46991758], [85.71005303, 20.46955106], [85.71024743, 20.46936421], [85.71078607, 20.46937526], [85.71113101, 20.46973424], [85.71167351, 20.46991039], [85.71254165, 20.47020743], [85.7129515, 20.47105223], [85.71267183, 20.47269254], [85.71221215, 20.47313415], [85.71203284, 20.47370437], [85.71270657, 20.47435161], [85.7136498, 20.47458163], [85.71382596, 20.4747648], [85.7150443, 20.47494096], [85.71526993, 20.47401509], [85.71525817, 20.47343768], [85.71436495, 20.47314783], [85.71400913, 20.47260534], [85.71346382, 20.4724283], [85.71366226, 20.47223759], [85.71556557, 20.47177352], [85.71589384, 20.47143191], [85.71642125, 20.4719809], [85.71613263, 20.47367314], [85.71670407, 20.4742223], [85.71700041, 20.47453057], [85.71759888, 20.4742223], [85.71796189, 20.47404615], [85.71795821, 20.47386456], [85.71797224, 20.4733275], [85.71831753, 20.47368682], [85.71896004, 20.47389544], [85.71924673, 20.47507114], [85.71891109, 20.47572259], [85.71945288, 20.47624316], [85.71912163, 20.47709691], [85.71886003, 20.47655792], [85.7184972, 20.47638177], [85.71789171, 20.47556504], [85.71645283, 20.47530379], [85.71616509, 20.47575733], [85.71670407, 20.47601893], [85.71734658, 20.47688567], [85.71794663, 20.47717674], [85.71831753, 20.47907671], [85.71859948, 20.47990081], [85.71886003, 20.48015118], [85.71903619, 20.48303983], [85.71866686, 20.48339459], [85.7182284, 20.48429852], [85.71850562, 20.48538001], [85.71902724, 20.48588128], [85.71940797, 20.48646202], [85.71975835, 20.48679872], [85.72065315, 20.48805987], [85.72097107, 20.48836533], [85.7219143, 20.48859535], [85.72227012, 20.48877852], [85.72299228, 20.48895467], [85.72316844, 20.48913785], [85.72395973, 20.48933084], [85.7250656, 20.48930821], [85.72541703, 20.48858377], [85.72513982, 20.48750228], [85.7247854, 20.48716155], [85.72458574, 20.48450994], [85.72298877, 20.48428694], [85.72221748, 20.48408938], [85.7219143, 20.48284613], [85.72119214, 20.48266998], [85.72080843, 20.48247242], [85.7204591, 20.48210888], [85.7204791, 20.48113389], [85.72101599, 20.48087335], [85.72128373, 20.48059473], [85.72155147, 20.48087335], [85.72209397, 20.4810495], [85.72245698, 20.48123636], [85.7224461, 20.48176991], [85.72245382, 20.48215309], [85.72379901, 20.48212555], [85.72415834, 20.48213292], [85.72480698, 20.48211958], [85.72547475, 20.48142444], [85.72878799, 20.48117512], [85.72983895, 20.48160147], [85.73033039, 20.48211292], [85.73110168, 20.48268454], [85.73160891, 20.48321265], [85.73199035, 20.48357899], [85.73290252, 20.4835604], [85.73358889, 20.48284613], [85.73413139, 20.48266998], [85.73511059, 20.48233486], [85.73538552, 20.48176815], [85.73561589, 20.48132075], [85.73538552, 20.48087335], [85.73515077, 20.48038945], [85.73465371, 20.48014838], [85.73422298, 20.47970027], [85.7336017, 20.47910321], [85.73339993, 20.47868739], [85.73268689, 20.47800242], [85.73216387, 20.47745782], [85.73056375, 20.47714551], [85.72999914, 20.47655792], [85.72909732, 20.47584278], [85.72886256, 20.47559855], [85.72766001, 20.47512413], [85.72746596, 20.47492236], [85.72748403, 20.47403545], [85.72820251, 20.47368682], [85.72837866, 20.47350365], [85.73066235, 20.47300238], [85.7316126, 20.4733275], [85.7321551, 20.47350365], [85.73233125, 20.47368682], [85.73504023, 20.47386298], [85.73564958, 20.47322872], [85.73610768, 20.47278851], [85.73654123, 20.47233724], [85.73750253, 20.47202547], [85.73772114, 20.47133015], [85.73728357, 20.47048078], [85.73574485, 20.46973424], [85.73548062, 20.46945948], [85.73505322, 20.46904874], [85.73159295, 20.46882294], [85.73125678, 20.46847309], [85.72931207, 20.46761495], [85.72882958, 20.46711263], [85.72838217, 20.46757828], [85.72783968, 20.46775443], [85.72730402, 20.46793778], [85.72545721, 20.46790006], [85.72417395, 20.46822886], [85.7238906, 20.4679341], [85.72370742, 20.46775794], [85.72353127, 20.46649679], [85.7233481, 20.46632064], [85.72288192, 20.46583551], [85.7232337, 20.46446277], [85.72297737, 20.46321092], [85.72152129, 20.46285598], [85.72119565, 20.46218488], [85.72100318, 20.46181099], [85.71990871, 20.46183345], [85.71921936, 20.46218839], [85.7184972, 20.46236454], [85.71814138, 20.46290704], [85.71741922, 20.46308319], [85.7170355, 20.46328075], [85.71670407, 20.46362569], [85.71634124, 20.46380185], [85.71598525, 20.46398519], [85.71534765, 20.46397203], [85.71508711, 20.46290353], [85.71490393, 20.46218839], [85.71472778, 20.46074757], [85.71454461, 20.46057142], [85.71436845, 20.46020858], [85.71400562, 20.4596731], [85.7136598, 20.45896042], [85.7132903, 20.45860548], [85.71311081, 20.45805263], [85.71292764, 20.45751715], [85.71283956, 20.45688657]], [[85.72110406, 20.46569006], [85.72133478, 20.46618396], [85.72079685, 20.46647398], [85.72017803, 20.46624063], [85.72052542, 20.46576972], [85.72110406, 20.46569006]], [[85.70673102, 20.46101882], [85.70666944, 20.46123779], [85.70651206, 20.46108041], [85.70673102, 20.46101882]]]]}, "geometry_name": "geom", "properties": {"id": 11134, "gridcode": 1, "from_time": "16-08-2022 00:00", "to_time": "16-08-2022 00:00"}}, {"type": "Feature", "id": "odflood50dsc16082022.11144", "geometry": {"type": "MultiPolygon", "coordinates": [[[[85.61510286, 20.45562893], [85.61410805, 20.45589176], [85.61394172, 20.45646935], [85.61466037, 20.45679007], [85.6148267, 20.45752206], [85.61502479, 20.457877], [85.61475126, 20.45811281], [85.61340238, 20.45800438], [85.61317833, 20.45874865], [85.61324289, 20.45955187], [85.61371784, 20.45996102], [85.61411542, 20.46214084], [85.61435508, 20.46371359], [85.61466037, 20.4639766], [85.6148267, 20.46456524], [85.61432508, 20.46499755], [85.61394172, 20.46668488], [85.61366661, 20.46769039], [85.6133894, 20.46792918], [85.61315797, 20.46819763], [85.61322745, 20.46906067], [85.61358239, 20.46936649], [85.61387031, 20.4700118], [85.61484003, 20.47044447], [85.61500636, 20.47063746], [85.61573835, 20.47080379], [85.61655368, 20.47125874], [85.61771464, 20.47152244], [85.61788097, 20.47171544], [85.61882894, 20.47188177], [85.61941706, 20.47119909], [85.62024835, 20.47082818], [85.62140072, 20.47063746], [85.62271696, 20.47145893], [85.62291154, 20.47189511], [85.62310453, 20.4722411], [85.62327086, 20.47279342], [85.62360229, 20.47369595], [85.62477554, 20.47443092], [85.62519312, 20.47491551], [85.62629776, 20.4756075], [85.6265048, 20.47584769], [85.6269529, 20.47601402], [85.62740311, 20.47529537], [85.62928379, 20.47489621], [85.62980944, 20.47428617], [85.63139149, 20.4744132], [85.63171503, 20.47403773], [85.63190802, 20.4738714], [85.63207435, 20.47328276], [85.63171503, 20.47297308], [85.6315487, 20.47260042], [85.63108533, 20.47194686], [85.63081671, 20.47171544], [85.63065038, 20.47152244], [85.63042107, 20.47135612], [85.63011139, 20.47171544], [85.62973873, 20.47188177], [85.62951837, 20.47213758], [85.62848109, 20.47260042], [85.62831476, 20.47279342], [85.62734539, 20.47295975], [85.62742645, 20.4719516], [85.62795544, 20.47171544], [85.62814879, 20.47149104], [85.62885375, 20.47117645], [85.62932747, 20.47091222], [85.62973873, 20.46954615], [85.62993173, 20.46937982], [85.63039966, 20.46814657], [85.63008016, 20.46697911], [85.62973873, 20.46668488], [85.6295724, 20.46613255], [85.62914816, 20.46497738], [85.62924975, 20.46371377], [85.62919325, 20.46301143], [85.62866076, 20.46255263], [85.62843337, 20.46032333], [85.62734907, 20.45964415], [85.62697396, 20.45920886], [85.62654147, 20.4588362], [85.62524716, 20.45860004], [85.6248752, 20.45776647], [85.62324226, 20.45751767], [85.62271486, 20.4569057], [85.62121983, 20.45656602], [85.62080927, 20.45608949], [85.6202887, 20.45585702], [85.61950373, 20.45592018], [85.61857945, 20.45739609], [85.61738655, 20.45792823], [85.61641033, 20.45784981], [85.61609768, 20.4571494], [85.61573203, 20.45683429], [85.61555869, 20.45607142], [85.61526919, 20.45582193], [85.61510286, 20.45562893]], [[85.62696062, 20.46515107], [85.62723064, 20.46588657], [85.62740311, 20.46776285], [85.62764962, 20.46820464], [85.62803351, 20.46853537], [85.62830143, 20.46930561], [85.62776244, 20.46954615], [85.62759611, 20.46973915], [85.62682781, 20.46990548], [85.62651813, 20.46954615], [85.62622864, 20.46929666], [85.62589598, 20.46891066], [85.62560648, 20.46866117], [85.62544015, 20.46846817], [85.62515417, 20.46822166], [85.6245285, 20.46794252], [85.62436218, 20.46717421], [85.6247215, 20.46686454], [85.62544454, 20.46524424], [85.62696062, 20.46515107]], [[85.62193006, 20.46533074], [85.62185216, 20.46715947], [85.62133054, 20.46738037], [85.62056837, 20.46688419], [85.62041941, 20.46622414], [85.62077874, 20.46597605], [85.62110508, 20.46540408], [85.62193006, 20.46533074]]]]}, "geometry_name": "geom", "properties": {"id": 11144, "gridcode": 1, "from_time": "16-08-2022 00:00", "to_time": "16-08-2022 00:00"}}, {"type": "Feature", "id": "odflood50dsc16082022.11216", "geometry": {"type": "MultiPolygon", "coordinates": [[[[85.58959071, 20.4455678], [85.58884223, 20.44566149], [85.58861256, 20.44620662], [85.5884129, 20.44636628], [85.58825324, 20.44656595], [85.58787391, 20.44672561], [85.58771425, 20.44692527], [85.58738948, 20.44718512], [85.58730492, 20.447865], [85.5875602, 20.44847048], [85.5883457, 20.44909965], [85.58865256, 20.4508633], [85.58900171, 20.4512993], [85.59011952, 20.4519783], [85.59064921, 20.45263975], [85.59145664, 20.45274011], [85.59154244, 20.45204971], [85.5912275, 20.45165652], [85.59076852, 20.45128877], [85.59092818, 20.44977988], [85.59128751, 20.44949214], [85.59112784, 20.44906123], [85.59078834, 20.44878945], [85.59056885, 20.44782359], [85.59036112, 20.44639576], [85.59004987, 20.44600696], [85.58975054, 20.44576729], [85.58959071, 20.4455678]]]]}, "geometry_name": "geom", "properties": {"id": 11216, "gridcode": 1, "from_time": "16-08-2022 00:00", "to_time": "16-08-2022 00:00"}}, {"type": "Feature", "id": "odflood50dsc16082022.11275", "geometry": {"type": "MultiPolygon", "coordinates": [[[[85.92843523, 20.44125589], [85.92764728, 20.44135905], [85.92758534, 20.44212981], [85.92781782, 20.44265038], [85.92817241, 20.44295602], [85.92833873, 20.44314902], [85.92975604, 20.443365], [85.93068769, 20.444034], [85.93099736, 20.44439332], [85.93194533, 20.44422699], [85.93211166, 20.44385433], [85.93265065, 20.44338991], [85.93244467, 20.4428525], [85.9307791, 20.44259862], [85.93050802, 20.44169838], [85.9286535, 20.44150924], [85.92843523, 20.44125589]]]]}, "geometry_name": "geom", "properties": {"id": 11275, "gridcode": 1, "from_time": "16-08-2022 00:00", "to_time": "16-08-2022 00:00"}}, {"type": "Feature", "id": "odflood50dsc16082022.11286", "geometry": {"type": "MultiPolygon", "coordinates": [[[[85.64546592, 20.4407169], [85.64471709, 20.44085042], [85.64462269, 20.44177698], [85.64484938, 20.44229983], [85.6453345, 20.44270284], [85.64556786, 20.44332377], [85.64532608, 20.4437459], [85.64572717, 20.44422857], [85.6470013, 20.44439174], [85.64869669, 20.44486564], [85.64999381, 20.44430314], [85.65033191, 20.44389609], [85.65080107, 20.44384819], [85.65121514, 20.44434683], [85.65147638, 20.44403242], [85.65190975, 20.44367239], [85.65131321, 20.44295444], [85.65075773, 20.44279127], [85.65051315, 20.44249686], [85.65012049, 20.44217087], [85.64967309, 20.44163206], [85.64753327, 20.44133642], [85.64591385, 20.44150152], [85.64546592, 20.4407169]]]]}, "geometry_name": "geom", "properties": {"id": 11286, "gridcode": 1, "from_time": "16-08-2022 00:00", "to_time": "16-08-2022 00:00"}}, {"type": "Feature", "id": "odflood50dsc16082022.11313", "geometry": {"type": "MultiPolygon", "coordinates": [[[[85.60342476, 20.43945926], [85.60278927, 20.43954242], [85.60262295, 20.43973542], [85.60242995, 20.43990175], [85.60226362, 20.44009474], [85.60207062, 20.44026107], [85.60187956, 20.44089551], [85.6013653, 20.4422507], [85.60082632, 20.44249125], [85.60100072, 20.44318077], [85.60153163, 20.44363835], [85.6013653, 20.44440666], [85.60105686, 20.44467247], [85.6008486, 20.44726477], [85.60129846, 20.44778709], [85.60199044, 20.44784271], [85.60281594, 20.44747426], [85.6031486, 20.44708827], [85.60352126, 20.44692194], [85.60422658, 20.44636962], [85.60459924, 20.44620329], [85.60517244, 20.44553815], [85.60629639, 20.44512531], [85.60758333, 20.44546042], [85.60810934, 20.44591379], [85.60835883, 20.44620329], [85.60881237, 20.44640558], [85.60925714, 20.44692194], [85.60945014, 20.44708827], [85.60962472, 20.45049836], [85.61015546, 20.45087453], [85.61070778, 20.45104086], [85.6110136, 20.4513958], [85.61220527, 20.45149159], [85.61250441, 20.45123385], [85.61274496, 20.45069486], [85.61394172, 20.45086119], [85.61427438, 20.45160651], [85.61499987, 20.45223165], [85.61509128, 20.45336823], [85.6143128, 20.45360263], [85.6142756, 20.45406565], [85.61446737, 20.45428813], [85.61504198, 20.45446112], [85.61430104, 20.45468412], [85.61446737, 20.45500678], [85.6150197, 20.45517311], [85.61518603, 20.4553661], [85.61568291, 20.45558788], [85.61597889, 20.45625108], [85.61693213, 20.45585719], [85.61752165, 20.45517311], [85.61797519, 20.45497081], [85.61841996, 20.45445445], [85.61868577, 20.45422549], [85.61931126, 20.45310435], [85.61939881, 20.45201549], [85.61861296, 20.45140018], [85.61806063, 20.45123385], [85.61789431, 20.45104086], [85.61692458, 20.45060819], [85.61663666, 20.44996288], [85.61641226, 20.44976953], [85.61609768, 20.44906456], [85.61573045, 20.44840627], [85.61555869, 20.44690861], [85.61525287, 20.44664508], [85.61500636, 20.44620329], [85.61469178, 20.44549832], [85.61432157, 20.44517935], [85.61362959, 20.4440747], [85.6133894, 20.44386767], [85.61259021, 20.44283461], [85.61054496, 20.44256704], [85.60889782, 20.44207104], [85.60873149, 20.44187804], [85.6081725, 20.44162855], [85.60765351, 20.44133905], [85.60728085, 20.44117272], [85.60701732, 20.44086691], [85.60632025, 20.44047793], [85.60545159, 20.4404081], [85.60552282, 20.44129414], [85.60517455, 20.44169838], [85.6041164, 20.44131221], [85.60350793, 20.44045407], [85.60342476, 20.43945926]]]]}, "geometry_name": "geom", "properties": {"id": 11313, "gridcode": 1, "from_time": "16-08-2022 00:00", "to_time": "16-08-2022 00:00"}}, {"type": "Feature", "id": "odflood50dsc16082022.11314", "geometry": {"type": "MultiPolygon", "coordinates": [[[[85.9417303, 20.43945926], [85.94038949, 20.43996438], [85.94055582, 20.44027441], [85.94110815, 20.4406204], [85.94127447, 20.44117272], [85.94156397, 20.44142222], [85.94186347, 20.44241703], [85.94254545, 20.44207104], [85.94271178, 20.44169838], [85.94313111, 20.44110693], [85.94289056, 20.44045161], [85.94294601, 20.43976226], [85.94181346, 20.43955575], [85.9417303, 20.43945926]]]]}, "geometry_name": "geom", "properties": {"id": 11314, "gridcode": 1, "from_time": "16-08-2022 00:00", "to_time": "16-08-2022 00:00"}}, {"type": "Feature", "id": "odflood50dsc16082022.11321", "geometry": {"type": "MultiPolygon", "coordinates": [[[[85.60072982, 20.43927959], [85.60029715, 20.43956558], [85.59971307, 20.43978402], [85.59929971, 20.44076813], [85.59957113, 20.44082884], [85.6000845, 20.44043091], [85.60047681, 20.44028423], [85.60062349, 20.43989192], [85.60084456, 20.4395526], [85.60072982, 20.43927959]]]]}, "geometry_name": "geom", "properties": {"id": 11321, "gridcode": 1, "from_time": "16-08-2022 00:00", "to_time": "16-08-2022 00:00"}}, {"type": "Feature", "id": "odflood50dsc16082022.11397", "geometry": {"type": "MultiPolygon", "coordinates": [[[[85.5964179, 20.43460835], [85.59631807, 20.43468818], [85.59615841, 20.43488785], [85.59561942, 20.43531946], [85.59578733, 20.43618777], [85.59631526, 20.43661044], [85.59656616, 20.43720575], [85.59723639, 20.43774246], [85.59747641, 20.4380423], [85.59957271, 20.43864077], [85.59978887, 20.43801353], [85.59953779, 20.43769982], [85.59818313, 20.43712908], [85.59795504, 20.43684414], [85.59755589, 20.43652464], [85.59723639, 20.43576616], [85.59700304, 20.43557931], [85.59649773, 20.43488785], [85.5964179, 20.43460835]]]]}, "geometry_name": "geom", "properties": {"id": 11397, "gridcode": 1, "from_time": "16-08-2022 00:00", "to_time": "16-08-2022 00:00"}}, {"type": "Feature", "id": "odflood50dsc16082022.11424", "geometry": {"type": "MultiPolygon", "coordinates": [[[[85.64169299, 20.43191341], [85.6407838, 20.43260083], [85.64050097, 20.43295419], [85.63954388, 20.43335755], [85.63925473, 20.43404357], [85.63877821, 20.43442501], [85.63837923, 20.43546333], [85.63866732, 20.43572142], [85.64055115, 20.43536631], [85.64119296, 20.43563668], [85.6412705, 20.43625953], [85.64107417, 20.43650482], [85.64077485, 20.43674448], [85.64053518, 20.43704381], [85.63972021, 20.43727681], [85.63909788, 20.43830145], [85.63873855, 20.43858919], [85.63890348, 20.43903396], [85.64003953, 20.43970191], [85.64107961, 20.43983121], [85.64215215, 20.43937943], [85.64276343, 20.4390201], [85.64323013, 20.43917976], [85.64362016, 20.43966699], [85.64474972, 20.43952645], [85.64553154, 20.43985578], [85.64585349, 20.44025774], [85.64651424, 20.44008492], [85.64682988, 20.43954803], [85.64644406, 20.4390201], [85.6462844, 20.43864077], [85.64556821, 20.43820583], [85.64520642, 20.43684414], [85.6449736, 20.43665781], [85.64462691, 20.43544473], [85.64430811, 20.43468818], [85.64379474, 20.4342771], [85.64354384, 20.43368197], [85.64278624, 20.43307525], [85.64215215, 20.4321729], [85.64177282, 20.43201324], [85.64169299, 20.43191341]]]]}, "geometry_name": "geom", "properties": {"id": 11424, "gridcode": 1, "from_time": "16-08-2022 00:00", "to_time": "16-08-2022 00:00"}}, {"type": "Feature", "id": "odflood50dsc16082022.11434", "geometry": {"type": "MultiPolygon", "coordinates": [[[[85.6893037, 20.43137442], [85.68804624, 20.43150267], [85.68736443, 20.43245222], [85.68571307, 20.4323194], [85.68501548, 20.43257556], [85.68439631, 20.43329422], [85.68381731, 20.4337932], [85.68359923, 20.43404638], [85.68365537, 20.43474503], [85.68401031, 20.43505084], [85.68482213, 20.43645867], [85.6869651, 20.43628655], [85.68741057, 20.4357695], [85.68760357, 20.43560317], [85.68784482, 20.43480188], [85.68757673, 20.43432131], [85.68760971, 20.43390918], [85.68799922, 20.43362687], [85.68836065, 20.43404638], [85.68828169, 20.43502891], [85.68946144, 20.43523051], [85.68992586, 20.43469152], [85.69047818, 20.43452519], [85.69082417, 20.43433219], [85.69119683, 20.43416586], [85.69136316, 20.43375688], [85.69056643, 20.43307034], [85.69011885, 20.4323559], [85.68962355, 20.43192902], [85.6893037, 20.43137442]]]]}, "geometry_name": "geom", "properties": {"id": 11434, "gridcode": 1, "from_time": "16-08-2022 00:00", "to_time": "16-08-2022 00:00"}}, {"type": "Feature", "id": "odflood50dsc16082022.11487", "geometry": {"type": "MultiPolygon", "coordinates": [[[[85.70762934, 20.42652352], [85.70699051, 20.42660335], [85.70683085, 20.42680301], [85.70622028, 20.42696267], [85.7057727, 20.42640386], [85.70537355, 20.42608436], [85.70503422, 20.42552537], [85.70469402, 20.42525307], [85.70449523, 20.42572503], [85.70429557, 20.42588469], [85.70407994, 20.42615401], [85.7041803, 20.42696074], [85.70375658, 20.42768133], [85.70357411, 20.42811469], [85.70320145, 20.42841314], [85.70359692, 20.42857964], [85.70375658, 20.4287793], [85.70400783, 20.42893897], [85.70429557, 20.42857964], [85.70462787, 20.42831365], [85.70695051, 20.42802311], [85.70730721, 20.42717655], [85.7075495, 20.42698267], [85.70762934, 20.42652352]]]]}, "geometry_name": "geom", "properties": {"id": 11487, "gridcode": 1, "from_time": "16-08-2022 00:00", "to_time": "16-08-2022 00:00"}}, {"type": "Feature", "id": "odflood50dsc16082022.11490", "geometry": {"type": "MultiPolygon", "coordinates": [[[[85.56425822, 20.42508621], [85.56227613, 20.42522956], [85.56172276, 20.4258489], [85.56147853, 20.42715742], [85.56128869, 20.42732691], [85.56064881, 20.42833295], [85.55823442, 20.42858455], [85.55806493, 20.42877439], [85.55768543, 20.42911354], [85.55734628, 20.42949304], [85.55715644, 20.42966253], [85.55698695, 20.43006011], [85.55734628, 20.43038118], [85.55757542, 20.43063769], [85.55751261, 20.43169286], [85.55625812, 20.4327168], [85.55590897, 20.43326597], [85.55553947, 20.43379478], [85.55536998, 20.43416428], [85.55518014, 20.43433377], [85.55483099, 20.43488294], [85.55454624, 20.43513717], [85.554292, 20.4364999], [85.55410217, 20.43666939], [85.55381969, 20.43728523], [85.55319648, 20.43757121], [85.55339369, 20.43774737], [85.55356318, 20.43811687], [85.55401286, 20.43851866], [85.55638497, 20.43815775], [85.55799405, 20.43850164], [85.55868585, 20.43825337], [85.55915098, 20.43674712], [85.56080707, 20.4364999], [85.56128869, 20.43703889], [85.56148414, 20.43721347], [85.56128307, 20.43739313], [85.56148414, 20.43757279], [85.56128869, 20.43774737], [85.56093954, 20.43816407], [85.56157345, 20.43873043], [85.56208208, 20.43929977], [85.56255651, 20.43972366], [85.56290566, 20.44049969], [85.56236667, 20.4409813], [85.56219209, 20.44117676], [85.56184785, 20.44079164], [85.56092287, 20.44036705], [85.55926134, 20.44072199], [85.55860392, 20.44026265], [85.55794966, 20.44009316], [85.5577056, 20.44064847], [85.55894131, 20.44103008], [85.55859374, 20.44134063], [85.55842426, 20.44153047], [85.55817178, 20.4417561], [85.55480538, 20.44143116], [85.55416673, 20.44177821], [85.55364704, 20.44259529], [85.55337053, 20.44319779], [85.55212587, 20.44367625], [85.55195639, 20.44422542], [85.55129581, 20.44544077], [85.5505089, 20.44601187], [85.55033942, 20.44620171], [85.54994184, 20.4463712], [85.54962077, 20.44601187], [85.54922319, 20.44584238], [85.54890211, 20.44620171], [85.54809293, 20.44645155], [85.54511796, 20.44627417], [85.54441562, 20.44665595], [85.54380066, 20.44693808], [85.54326799, 20.44690632], [85.54233529, 20.44639944], [85.54207492, 20.44583221], [85.54169541, 20.44549306], [85.54132644, 20.44468931], [85.5408071, 20.44422542], [85.54063761, 20.44382784], [85.54132644, 20.44321235], [85.54152575, 20.44277793], [85.54180525, 20.44226368], [85.54243424, 20.44206946], [85.54260373, 20.44187962], [85.5427941, 20.44170961], [85.54275479, 20.44104991], [85.54188508, 20.44027283], [85.54171559, 20.43990333], [85.5414103, 20.4396305], [85.54098413, 20.44010755], [85.53919013, 20.44044231], [85.53844797, 20.4406411], [85.53796758, 20.44168785], [85.53775283, 20.44187962], [85.53710699, 20.44260248], [85.53521667, 20.44277986], [85.53488839, 20.44314744], [85.53452451, 20.44347255], [85.53427466, 20.44454667], [85.53272226, 20.44475423], [85.53255277, 20.44566272], [85.53214116, 20.44641997], [85.53146462, 20.44673052], [85.53129513, 20.44724793], [85.53252821, 20.44747812], [85.53272226, 20.44867032], [85.53045103, 20.44897403], [85.52999503, 20.45344525], [85.52966799, 20.45373738], [85.52935147, 20.45476272], [85.52993924, 20.45503239], [85.531672, 20.45492923], [85.5325426, 20.45445603], [85.5329121, 20.45428655], [85.53331178, 20.45383914], [85.53372023, 20.45251658], [85.53416974, 20.45231025], [85.53447994, 20.45196286], [85.5363729, 20.45177126], [85.53685451, 20.45231025], [85.53820321, 20.45262396], [85.53891537, 20.4528796], [85.53950524, 20.45353965], [85.54009862, 20.45391704], [85.54026811, 20.45428655], [85.54047778, 20.45467219], [85.54043286, 20.45542506], [85.53990878, 20.45589334], [85.53967964, 20.45614985], [85.53974175, 20.45719151], [85.54009862, 20.45751031], [85.5405641, 20.45824229], [85.5408071, 20.46057475], [85.5412331, 20.46074424], [85.54188508, 20.45984592], [85.5422151, 20.45955117], [85.54282287, 20.45871356], [85.5431529, 20.4584188], [85.54336712, 20.45795209], [85.54405121, 20.45734082], [85.5442207, 20.45715098], [85.54461827, 20.45698149], [85.54493935, 20.45734082], [85.54586907, 20.45793209], [85.54706144, 20.45786103], [85.54727497, 20.45707922], [85.54635174, 20.45649198], [85.5464028, 20.45563472], [85.54837716, 20.45608879], [85.54876544, 20.4556542], [85.54853261, 20.4550052], [85.54818346, 20.45301873], [85.54798801, 20.45284415], [85.54818346, 20.45266958], [85.54835295, 20.45247974], [85.54854279, 20.45231025], [85.54871227, 20.45212041], [85.54975095, 20.45187882], [85.54996992, 20.45140176], [85.55015975, 20.45123227], [85.55077103, 20.45054819], [85.55123773, 20.45033396], [85.55169812, 20.44981866], [85.55212763, 20.44888279], [85.55292102, 20.44835767], [85.55439394, 20.44888613], [85.55554965, 20.44906614], [85.55574071, 20.44928002], [85.55757314, 20.44960513], [85.55805475, 20.44906614], [85.55849812, 20.44886279], [85.55913273, 20.44798816], [85.55956294, 20.44779078], [85.56064074, 20.44785499], [85.56095164, 20.44820292], [85.56165819, 20.44852715], [85.562187, 20.44889665], [85.56273617, 20.44906614], [85.56290566, 20.44925598], [85.56363448, 20.44942547], [85.56448174, 20.44988585], [85.56488195, 20.45033396], [85.56641891, 20.45053941], [85.5672795, 20.45150247], [85.56892665, 20.45180986], [85.56937353, 20.45231025], [85.56973847, 20.45263624], [85.56991251, 20.45352842], [85.56899771, 20.45374124], [85.56866505, 20.45446621], [85.56847521, 20.4546357], [85.56777007, 20.45560735], [85.56699369, 20.45610125], [85.56668876, 20.4564425], [85.56609169, 20.45671656], [85.56615135, 20.45771699], [85.56750233, 20.45813404], [85.56775656, 20.4584188], [85.56877857, 20.45921588], [85.56937353, 20.46003576], [85.56956336, 20.46020525], [85.56974022, 20.46190345], [85.57030991, 20.46295143], [85.57131438, 20.4628916], [85.57152948, 20.46128323], [85.5717681, 20.46107005], [85.57206847, 20.45786963], [85.57225831, 20.45752048], [85.57246166, 20.45707711], [85.57333629, 20.4564425], [85.57350578, 20.45625266], [85.57426268, 20.45608318], [85.57458375, 20.4564425], [85.57516099, 20.45661199], [85.57548207, 20.45625266], [85.57585157, 20.45608318], [85.57667725, 20.45563437], [85.57820737, 20.45572561], [85.57855125, 20.45647496], [85.57907638, 20.45694412], [85.5810618, 20.45715098], [85.58123129, 20.45734082], [85.58209328, 20.45773646], [85.5826507, 20.45895094], [85.58357708, 20.45930694], [85.58374657, 20.45949678], [85.58414853, 20.45968118], [85.58452593, 20.46010366], [85.58482455, 20.46075442], [85.58501439, 20.4609239], [85.58544126, 20.46159536], [85.58534178, 20.46326461], [85.58538056, 20.46391361], [85.58617992, 20.46428048], [85.59044112, 20.4640266], [85.59132347, 20.46379027], [85.59123347, 20.46228032], [85.59091871, 20.46199925], [85.59058394, 20.46020525], [85.59029918, 20.45941203], [85.59004495, 20.45858828], [85.58985511, 20.4584188], [85.58958597, 20.45783208], [85.58824323, 20.45791227], [85.58706156, 20.45784173], [85.5863773, 20.45746995], [85.58596639, 20.45701009], [85.58350866, 20.45677955], [85.58295335, 20.45615774], [85.58237331, 20.45563963], [85.58213416, 20.45461166], [85.58177028, 20.45428655], [85.58160079, 20.45391704], [85.58112461, 20.45323541], [85.5806923, 20.45284924], [85.58052281, 20.452272], [85.5809839, 20.45185987], [85.58229716, 20.45125719], [85.58258192, 20.45093839], [85.58519405, 20.45069329], [85.58612026, 20.45036098], [85.58680084, 20.44919861], [85.58642029, 20.44849803], [85.58572286, 20.448178], [85.58555338, 20.44798816], [85.58450628, 20.44774464], [85.58429574, 20.44720319], [85.58467524, 20.44614539], [85.58515984, 20.44571237], [85.58751072, 20.44534603], [85.58787882, 20.44493389], [85.58823604, 20.44461474], [85.58841781, 20.44416804], [85.58787882, 20.44368643], [85.58770933, 20.44270617], [85.58842799, 20.44224912], [85.5886273, 20.4418147], [85.58914664, 20.44135081], [85.58941034, 20.44077602], [85.58929121, 20.43877482], [85.58883556, 20.43836777], [85.58854835, 20.43713364], [85.58860818, 20.43613233], [85.58839763, 20.43534648], [85.58787882, 20.43488294], [85.58768986, 20.43467134], [85.58771179, 20.43430342], [85.58806866, 20.43398462], [85.58843465, 20.43318719], [85.58839763, 20.43256679], [85.58747528, 20.43198008], [85.5870856, 20.43154391], [85.58663609, 20.43114247], [85.58598762, 20.42972955], [85.58541337, 20.42921636], [85.58423222, 20.4289416], [85.58431468, 20.42755675], [85.58273175, 20.42715742], [85.58223259, 20.42824488], [85.58196012, 20.43057102], [85.58177028, 20.43074051], [85.58160079, 20.43146934], [85.5810239, 20.43277997], [85.58036683, 20.43336703], [85.57943466, 20.43379478], [85.57926517, 20.43398462], [85.5786274, 20.43439027], [85.57803999, 20.43504769], [85.57745345, 20.43531683], [85.57573139, 20.43521419], [85.5754075, 20.43450852], [85.57550593, 20.43285611], [85.57585157, 20.43254732], [85.57608176, 20.43228958], [85.5763953, 20.43160637], [85.57674989, 20.43128968], [85.57736064, 20.43032925], [85.57725449, 20.42854613], [85.57620072, 20.42787608], [85.57594649, 20.42759132], [85.57556681, 20.42725234], [85.57531258, 20.42696759], [85.57512274, 20.4267981], [85.57469885, 20.42632368], [85.57305153, 20.42581504], [85.5727973, 20.42553028], [85.57132175, 20.42536079], [85.57100067, 20.42572012], [85.57006411, 20.42588961], [85.56974303, 20.42553028], [85.56898613, 20.42536079], [85.56866505, 20.42572012], [85.56629118, 20.42588961], [85.5659701, 20.42553028], [85.56434296, 20.42518113], [85.56425822, 20.42508621]], [[85.57485834, 20.44035757], [85.57473534, 20.4407876], [85.57441918, 20.4404832], [85.57485834, 20.44035757]], [[85.56695316, 20.43963892], [85.56705808, 20.44027792], [85.56664559, 20.44043582], [85.56673894, 20.43980437], [85.56695316, 20.43963892]], [[85.53676977, 20.44341184], [85.53684311, 20.44351817], [85.53705576, 20.44366485], [85.53720243, 20.4441819], [85.53632798, 20.44450912], [85.53609112, 20.44358607], [85.53676977, 20.44341184]], [[85.57378036, 20.44251353], [85.57378036, 20.44341184], [85.57324137, 20.44341184], [85.57324137, 20.44251353], [85.57378036, 20.44251353]], [[85.54036303, 20.44161521], [85.54036303, 20.44233387], [85.53964438, 20.44233387], [85.53964438, 20.44161521], [85.54036303, 20.44161521]], [[85.58060755, 20.43927959], [85.58054597, 20.43949856], [85.58038859, 20.43934118], [85.58060755, 20.43927959]], [[85.58527879, 20.43640498], [85.58538898, 20.43653289], [85.58609394, 20.43684747], [85.58640906, 20.43721312], [85.58736369, 20.43742998], [85.58732562, 20.43790387], [85.586378, 20.43811915], [85.58581778, 20.43876955], [85.5855518, 20.43846076], [85.58486929, 20.4387113], [85.58445294, 20.43822793], [85.58316582, 20.43833127], [85.58286001, 20.43901677], [85.58164272, 20.43918309], [85.58142271, 20.43850146], [85.58232102, 20.43793879], [85.58248735, 20.43774579], [85.58393272, 20.43741734], [85.5842045, 20.43651464], [85.58527879, 20.43640498]], [[85.57198373, 20.42957779], [85.57206356, 20.42985728], [85.57230147, 20.43026188], [85.57195285, 20.43148267], [85.57216251, 20.43316772], [85.57244289, 20.4341492], [85.57260255, 20.43520472], [85.56994375, 20.4355372], [85.56856645, 20.43500786], [85.56759198, 20.43378987], [85.56729266, 20.4335502], [85.56689947, 20.43305929], [85.56725459, 20.43213535], [85.56831064, 20.43183358], [85.5684703, 20.43163391], [85.56880717, 20.43136424], [85.56923141, 20.43066594], [85.56982953, 20.43018696], [85.57172423, 20.42985728], [85.5718839, 20.42965762], [85.57198373, 20.42957779]]]]}, "geometry_name": "geom", "properties": {"id": 11490, "gridcode": 1, "from_time": "16-08-2022 00:00", "to_time": "16-08-2022 00:00"}}, {"type": "Feature", "id": "odflood50dsc16082022.11491", "geometry": {"type": "MultiPolygon", "coordinates": [[[[85.66522885, 20.42508621], [85.66436545, 20.42524728], [85.66406613, 20.42589978], [85.66374751, 20.42618437], [85.662416, 20.42643298], [85.66192719, 20.42698004], [85.66169858, 20.42989992], [85.66136101, 20.43020152], [85.66114187, 20.4304468], [85.66122872, 20.43190446], [85.66077149, 20.43317877], [85.66018811, 20.43369986], [85.65993388, 20.43398462], [85.65791934, 20.43415411], [85.65759826, 20.43379478], [85.65594305, 20.43362529], [85.65562197, 20.43398462], [85.6546854, 20.43415411], [85.65423432, 20.43364933], [85.65286965, 20.43344563], [85.65238803, 20.43398462], [85.6518687, 20.43444852], [85.65166938, 20.43488294], [85.65143919, 20.43530648], [85.65098003, 20.43571669], [85.65041174, 20.4364999], [85.65012698, 20.43675413], [85.64961835, 20.43732348], [85.64914392, 20.43774737], [85.64845317, 20.4386992], [85.64825578, 20.43959172], [85.64902163, 20.43990333], [85.64972221, 20.43952277], [85.65019979, 20.43848216], [85.65095073, 20.43793721], [85.65112022, 20.43774737], [85.65133813, 20.43757788], [85.65165921, 20.43793721], [85.65210661, 20.43833689], [85.65363076, 20.43880745], [85.65399483, 20.43924205], [85.65354374, 20.44007211], [85.65258156, 20.44051372], [85.65238803, 20.44138484], [85.65346601, 20.44187962], [85.65377095, 20.44222087], [85.65443925, 20.44264599], [85.65511421, 20.44240387], [85.65507122, 20.44168241], [85.65553723, 20.44126606], [85.65579146, 20.4409813], [85.65652028, 20.44081182], [85.65707822, 20.44042214], [85.65791337, 20.44047179], [85.65818462, 20.44249932], [85.6585915, 20.44286268], [85.65884573, 20.44314744], [85.65906364, 20.44331692], [85.65938472, 20.4429576], [85.66044638, 20.44247037], [85.66082202, 20.44187962], [85.66107853, 20.44165048], [85.66235425, 20.44172645], [85.66319817, 20.44167609], [85.66351697, 20.4409813], [85.66391454, 20.44081182], [85.66423562, 20.44117114], [85.66517218, 20.44134063], [85.66549326, 20.4409813], [85.66600856, 20.44052092], [85.66694074, 20.44009316], [85.66711023, 20.43990333], [85.66765939, 20.43973384], [85.66854753, 20.43918467], [85.66891704, 20.43901519], [85.66925618, 20.43863568], [85.67035574, 20.43813091], [85.67033311, 20.43775246], [85.67035609, 20.43736681], [85.6710679, 20.43740927], [85.67146425, 20.43738559], [85.67140547, 20.43640025], [85.67209395, 20.43608426], [85.67322386, 20.43615163], [85.67380829, 20.43611672], [85.67417779, 20.43570318], [85.67447641, 20.43505242], [85.67484592, 20.43488294], [85.67517208, 20.43451782], [85.67624953, 20.43431658], [85.67663237, 20.43258346], [85.67607987, 20.43052067], [85.67556931, 20.43006449], [85.67526472, 20.42940076], [85.67380847, 20.42906196], [85.67250521, 20.42941093], [85.67107036, 20.42902669], [85.67089333, 20.42732691], [85.67052383, 20.42715742], [85.67010028, 20.42692723], [85.66981535, 20.42660826], [85.66880089, 20.42614278], [85.66619103, 20.42589785], [85.66586276, 20.42553028], [85.6654608, 20.42534588], [85.66522885, 20.42508621]], [[85.6664865, 20.42993711], [85.66654843, 20.43005484], [85.66678389, 20.43017871], [85.66690776, 20.43094088], [85.66552572, 20.43107703], [85.66516692, 20.43033872], [85.66580767, 20.43000115], [85.6664865, 20.42993711]]]]}, "geometry_name": "geom", "properties": {"id": 11491, "gridcode": 1, "from_time": "16-08-2022 00:00", "to_time": "16-08-2022 00:00"}}, {"type": "Feature", "id": "odflood50dsc16082022.11492", "geometry": {"type": "MultiPolygon", "coordinates": [[[[85.91334354, 20.42508621], [85.91234381, 20.42516446], [85.91128899, 20.42536729], [85.91018785, 20.42552379], [85.91003135, 20.42572661], [85.90896881, 20.42616156], [85.9088388, 20.42704057], [85.9093127, 20.42767975], [85.90960675, 20.4283984], [85.91091229, 20.42813768], [85.91142233, 20.42747692], [85.91310878, 20.42700741], [85.91350004, 20.42650036], [85.91394709, 20.42615524], [85.91399727, 20.42581574], [85.91380427, 20.42534413], [85.91342179, 20.42518762], [85.91334354, 20.42508621]]]]}, "geometry_name": "geom", "properties": {"id": 11492, "gridcode": 1, "from_time": "16-08-2022 00:00", "to_time": "16-08-2022 00:00"}}, {"type": "Feature", "id": "odflood50dsc16082022.11518", "geometry": {"type": "MultiPolygon", "coordinates": [[[[85.73062621, 20.42346924], [85.73072271, 20.42441581], [85.73305833, 20.42463039], [85.73332185, 20.4249362], [85.73376364, 20.42518271], [85.73467529, 20.4255287], [85.73488408, 20.425771], [85.73683125, 20.42606769], [85.73887386, 20.42651316], [85.7393332, 20.42611734], [85.73916687, 20.42588803], [85.73889825, 20.42565661], [85.73843488, 20.42500305], [85.73826855, 20.42463039], [85.73787958, 20.4242951], [85.73792133, 20.42377488], [85.73731094, 20.42306641], [85.73506953, 20.42288622], [85.73407683, 20.42344012], [85.73215264, 20.42328555], [85.73062621, 20.42346924]]]]}, "geometry_name": "geom", "properties": {"id": 11518, "gridcode": 1, "from_time": "16-08-2022 00:00", "to_time": "16-08-2022 00:00"}}, {"type": "Feature", "id": "odflood50dsc16082022.11528", "geometry": {"type": "MultiPolygon", "coordinates": [[[[85.73062621, 20.42346924], [85.73054094, 20.42313694], [85.72872325, 20.42267725], [85.72847516, 20.42231793], [85.72818426, 20.4224646], [85.72803759, 20.42267725], [85.7274986, 20.42287885], [85.72775984, 20.42379945], [85.72901871, 20.42408157], [85.73000826, 20.4237633], [85.73016056, 20.42354258], [85.73062621, 20.42346924]]]]}, "geometry_name": "geom", "properties": {"id": 11528, "gridcode": 1, "from_time": "16-08-2022 00:00", "to_time": "16-08-2022 00:00"}}, {"type": "Feature", "id": "odflood50dsc16082022.11539", "geometry": {"type": "MultiPolygon", "coordinates": [[[[85.74589757, 20.42185228], [85.74454658, 20.4219386], [85.74225623, 20.42220406], [85.74129774, 20.42186807], [85.7389565, 20.42196088], [85.73854156, 20.42284025], [85.74024169, 20.42355557], [85.7405954, 20.4241035], [85.74147617, 20.42379471], [85.74129317, 20.42499287], [85.74096034, 20.42463354], [85.74061207, 20.42431106], [85.74042135, 20.42582662], [85.74096034, 20.42660984], [85.74113299, 20.42697618], [85.74150617, 20.42732165], [85.74189498, 20.42814557], [85.74257731, 20.42858613], [85.74290628, 20.42894125], [85.74357054, 20.42925478], [85.74418726, 20.43021012], [85.74437394, 20.43038276], [85.7450382, 20.43141179], [85.7456765, 20.43107404], [85.74614022, 20.43057365], [85.7465299, 20.43038978], [85.7468822, 20.4302031], [85.74828793, 20.42997922], [85.7502444, 20.43005677], [85.75151888, 20.43050347], [85.75191277, 20.43092877], [85.75245878, 20.43110141], [85.75306374, 20.43151776], [85.75335007, 20.43182709], [85.75371642, 20.43199973], [85.75406188, 20.43237292], [85.75443507, 20.43271838], [85.75502371, 20.43352108], [85.75532637, 20.4341627], [85.75551305, 20.43433535], [85.75568569, 20.43488136], [85.75610538, 20.43590302], [85.75659103, 20.43613198], [85.75718914, 20.43644867], [85.75748232, 20.43613198], [85.75766901, 20.43595934], [85.75841906, 20.43514962], [85.75982496, 20.43488136], [85.75999761, 20.43469468], [85.76072328, 20.4341627], [85.76089592, 20.43341756], [85.7605366, 20.43308473], [85.76036395, 20.43269891], [85.7610812, 20.43203429], [85.76125595, 20.42821312], [85.76162159, 20.4278745], [85.7618467, 20.42739744], [85.76179319, 20.42605032], [85.76143491, 20.42571854], [85.76126227, 20.4253522], [85.76084592, 20.42474724], [85.75986233, 20.42383594], [85.7596453, 20.4233759], [85.75852767, 20.42320326], [85.75802833, 20.42374225], [85.75748232, 20.42409456], [85.75730968, 20.42466004], [85.757832, 20.42514394], [85.75806412, 20.4280489], [85.75802061, 20.42914582], [85.75696, 20.42964621], [85.75660787, 20.43002642], [85.75484194, 20.43044698], [85.75461228, 20.43093351], [85.75443507, 20.43074209], [85.75372607, 20.43040768], [85.75353676, 20.4302031], [85.75325691, 20.42994396], [85.75285091, 20.42950568], [85.75220648, 20.42908968], [85.7515838, 20.4284177], [85.75119412, 20.42823382], [85.75078988, 20.42801977], [85.75048248, 20.42768782], [85.74760086, 20.42751517], [85.74704467, 20.42732007], [85.74654446, 20.42626034], [85.74692993, 20.42404666], [85.74686694, 20.42245706], [85.74614022, 20.42211405], [85.74589757, 20.42185228]]]]}, "geometry_name": "geom", "properties": {"id": 11539, "gridcode": 1, "from_time": "16-08-2022 00:00", "to_time": "16-08-2022 00:00"}}, {"type": "Feature", "id": "odflood50dsc16082022.11557", "geometry": {"type": "MultiPolygon", "coordinates": [[[[85.53838674, 20.42095396], [85.53750526, 20.42107187], [85.53704435, 20.42158787], [85.53668748, 20.42190667], [85.53664274, 20.4226562], [85.53704435, 20.423015], [85.53729858, 20.42329976], [85.53758334, 20.42355399], [85.53775283, 20.42374383], [85.53846973, 20.4240728], [85.53852727, 20.42503779], [85.53775283, 20.42553028], [85.53758334, 20.42572012], [85.53722647, 20.42603892], [85.53720507, 20.42639561], [85.53906082, 20.426613], [85.53969754, 20.4275243], [85.53974491, 20.42832015], [85.53966964, 20.42958463], [85.53990878, 20.42985237], [85.54061972, 20.43030451], [85.5408071, 20.43111001], [85.54099694, 20.4312795], [85.54125924, 20.43240731], [85.5417105, 20.43291226], [85.54203667, 20.43254732], [85.54261391, 20.4327168], [85.54278339, 20.43290664], [85.54333256, 20.43307613], [85.5448346, 20.43361512], [85.54565116, 20.43340335], [85.54620717, 20.43290664], [85.54654632, 20.43252714], [85.54779519, 20.43195376], [85.54782975, 20.43137442], [85.54776045, 20.4302117], [85.54868104, 20.43047066], [85.54896984, 20.43109984], [85.5494411, 20.43093035], [85.54996992, 20.42966253], [85.55029994, 20.42936777], [85.55105737, 20.42832418], [85.55273399, 20.42801118], [85.55317139, 20.42752149], [85.55357335, 20.42733709], [85.55410217, 20.42696759], [85.55483099, 20.4267981], [85.55500048, 20.42660826], [85.55760244, 20.42642017], [85.55805475, 20.42558765], [85.5578679, 20.42413772], [85.55724609, 20.42344205], [85.55529507, 20.42302517], [85.55476485, 20.42341556], [85.55434955, 20.4238805], [85.55254713, 20.42412017], [85.55212587, 20.42374383], [85.5514881, 20.42302991], [85.5508949, 20.42299465], [85.55051908, 20.42368645], [85.55091666, 20.42424229], [85.55194621, 20.42456021], [85.55128195, 20.42574117], [85.54986675, 20.42624893], [85.54943093, 20.42589978], [85.54926144, 20.42553028], [85.5490716, 20.42536079], [85.54883246, 20.42407929], [85.54821592, 20.42338924], [85.54762921, 20.42312009], [85.54710548, 20.42283534], [85.54673598, 20.42266585], [85.54609821, 20.42195193], [85.5451241, 20.42189386], [85.54301236, 20.42201983], [85.54153593, 20.42175736], [85.53936979, 20.42158787], [85.53920031, 20.42139803], [85.53849376, 20.4210738], [85.53838674, 20.42095396]], [[85.54287831, 20.42580486], [85.54296148, 20.42590136], [85.54330571, 20.42619788], [85.54385979, 20.427159], [85.54424579, 20.42749166], [85.54485689, 20.42820101], [85.54546816, 20.42847367], [85.54565642, 20.42941111], [85.54408314, 20.42966095], [85.54228721, 20.42926917], [85.54170436, 20.42931601], [85.54138925, 20.42860999], [85.54116485, 20.42841665], [85.54099852, 20.42780309], [85.54185086, 20.42627543], [85.54226774, 20.42591628], [85.54287831, 20.42580486]], [[85.54629191, 20.42526587], [85.54644754, 20.42623121], [85.54506252, 20.42642368], [85.54473811, 20.42601874], [85.54482109, 20.42535237], [85.54629191, 20.42526587]]]]}, "geometry_name": "geom", "properties": {"id": 11557, "gridcode": 1, "from_time": "16-08-2022 00:00", "to_time": "16-08-2022 00:00"}}, {"type": "Feature", "id": "odflood50dsc16082022.11613", "geometry": {"type": "MultiPolygon", "coordinates": [[[[85.66738481, 20.41700137], [85.66641474, 20.41708559], [85.66655826, 20.41800759], [85.66677406, 20.41815111], [85.66702215, 20.4188345], [85.66826962, 20.41922909], [85.66918635, 20.41895539], [85.6694083, 20.41807426], [85.66875036, 20.41779179], [85.66799556, 20.41764827], [85.66778028, 20.41732456], [85.66745657, 20.41710928], [85.66738481, 20.41700137]]]]}, "geometry_name": "geom", "properties": {"id": 11613, "gridcode": 1, "from_time": "16-08-2022 00:00", "to_time": "16-08-2022 00:00"}}, {"type": "Feature", "id": "odflood50dsc16082022.11614", "geometry": {"type": "MultiPolygon", "coordinates": [[[[85.70762934, 20.42652352], [85.70849432, 20.42636578], [85.70952246, 20.4257217], [85.70982986, 20.42536501], [85.71113943, 20.42482338], [85.71130576, 20.42463039], [85.71257674, 20.42446406], [85.71346172, 20.42391173], [85.71383438, 20.42374541], [85.71423616, 20.42327905], [85.71696059, 20.42300114], [85.71749747, 20.42237793], [85.71789908, 20.42203194], [85.71759397, 20.42176911], [85.71738167, 20.42106379], [85.71687058, 20.41991879], [85.71651599, 20.41961316], [85.71628457, 20.41934454], [85.71541415, 20.4187273], [85.71465655, 20.41866642], [85.71301081, 20.41915944], [85.71133611, 20.41877888], [85.71083958, 20.41820252], [85.71024112, 20.41798285], [85.70897014, 20.41763686], [85.70851133, 20.41710436], [85.70811464, 20.41707243], [85.70774566, 20.41739035], [85.70770127, 20.41794355], [85.70824482, 20.41881134], [85.7088847, 20.4190968], [85.70932947, 20.41961316], [85.70986196, 20.42007196], [85.70998601, 20.42161594], [85.70879048, 20.42247443], [85.70862415, 20.42266743], [85.70809165, 20.42312623], [85.7080713, 20.42337941], [85.70815657, 20.42444055], [85.70760898, 20.42566766], [85.70734545, 20.4258947], [85.70754617, 20.42606769], [85.70762934, 20.42652352]]]]}, "geometry_name": "geom", "properties": {"id": 11614, "gridcode": 1, "from_time": "16-08-2022 00:00", "to_time": "16-08-2022 00:00"}}, {"type": "Feature", "id": "odflood50dsc16082022.11633", "geometry": {"type": "MultiPolygon", "coordinates": [[[[85.69595124, 20.41520474], [85.69584491, 20.41527808], [85.69569823, 20.41549073], [85.69497958, 20.41590094], [85.69512626, 20.41656871], [85.69544523, 20.41678873], [85.69576999, 20.41725929], [85.69623722, 20.41743404], [85.69660094, 20.41807128], [85.69695588, 20.41782635], [85.69710255, 20.41743404], [85.69746188, 20.41718595], [85.6973152, 20.41635606], [85.69710255, 20.41620938], [85.69694535, 20.41598165], [85.69641689, 20.41563741], [85.69602458, 20.41549073], [85.69595124, 20.41520474]]]]}, "geometry_name": "geom", "properties": {"id": 11633, "gridcode": 1, "from_time": "16-08-2022 00:00", "to_time": "16-08-2022 00:00"}}, {"type": "Feature", "id": "odflood50dsc16082022.11685", "geometry": {"type": "MultiPolygon", "coordinates": [[[[85.89178397, 20.41268946], [85.89098707, 20.41323406], [85.89117989, 20.41379446], [85.89232296, 20.41396342], [85.89313144, 20.41384394], [85.89383851, 20.41394851], [85.89368026, 20.41329986], [85.8927837, 20.41294738], [85.89186222, 20.41279087], [85.89178397, 20.41268946]]]]}, "geometry_name": "geom", "properties": {"id": 11685, "gridcode": 1, "from_time": "16-08-2022 00:00", "to_time": "16-08-2022 00:00"}}, {"type": "Feature", "id": "odflood50dsc16082022.11722", "geometry": {"type": "MultiPolygon", "coordinates": [[[[85.88747206, 20.41125216], [85.88701623, 20.41133532], [85.8868499, 20.41152832], [85.8866569, 20.41169465], [85.88649058, 20.41188764], [85.88554945, 20.41205941], [85.88523293, 20.41242663], [85.88486027, 20.41259296], [85.88451428, 20.41314529], [85.88432128, 20.41331161], [85.88405846, 20.41361673], [85.88365229, 20.41314529], [85.88345946, 20.41379025], [85.88415496, 20.41438959], [85.88460517, 20.41510824], [85.88528101, 20.41492911], [85.8860137, 20.41299878], [85.88664515, 20.41271701], [85.88683674, 20.41187326], [85.88755066, 20.41193063], [85.88756943, 20.41169816], [85.88747206, 20.41125216]]]]}, "geometry_name": "geom", "properties": {"id": 11722, "gridcode": 1, "from_time": "16-08-2022 00:00", "to_time": "16-08-2022 00:00"}}, {"type": "Feature", "id": "odflood50dsc16082022.11743", "geometry": {"type": "MultiPolygon", "coordinates": [[[[85.70044281, 20.40999451], [85.69937361, 20.41010365], [85.69854968, 20.41115566], [85.69838336, 20.41152832], [85.69781471, 20.41201836], [85.6973831, 20.41319336], [85.69779471, 20.41367094], [85.69910201, 20.41350461], [85.69926834, 20.41331161], [85.70082214, 20.41261823], [85.70069073, 20.41098266], [85.70071985, 20.41061877], [85.70044281, 20.40999451]]]]}, "geometry_name": "geom", "properties": {"id": 11743, "gridcode": 1, "from_time": "16-08-2022 00:00", "to_time": "16-08-2022 00:00"}}, {"type": "Feature", "id": "odflood50dsc16082022.11773", "geometry": {"type": "MultiPolygon", "coordinates": [[[[85.60288577, 20.40783856], [85.60192658, 20.40800155], [85.60182429, 20.40869389], [85.60262786, 20.40917445], [85.60286349, 20.40947974], [85.60392199, 20.40994223], [85.60468451, 20.4096301], [85.60442449, 20.40899479], [85.604042, 20.40883828], [85.6038855, 20.40863546], [85.60368268, 20.40847896], [85.60352617, 20.40827614], [85.60308386, 20.40809507], [85.60288577, 20.40783856]]]]}, "geometry_name": "geom", "properties": {"id": 11773, "gridcode": 1, "from_time": "16-08-2022 00:00", "to_time": "16-08-2022 00:00"}}, {"type": "Feature", "id": "odflood50dsc16082022.11797", "geometry": {"type": "MultiPolygon", "coordinates": [[[[85.62624197, 20.40640125], [85.62555578, 20.40688199], [85.62521926, 20.40868511], [85.62432516, 20.40909532], [85.62364879, 20.40872775], [85.62346228, 20.40789523], [85.62382161, 20.40757415], [85.62399109, 20.40699691], [85.62356282, 20.40661408], [85.62207568, 20.40687831], [85.62172022, 20.40878302], [85.62147581, 20.40900128], [85.62130633, 20.40937078], [85.62105595, 20.40983152], [85.6205775, 20.41025892], [85.62022835, 20.41080809], [85.61978779, 20.41143884], [85.61921493, 20.41195063], [85.61864296, 20.41259068], [85.61741848, 20.41313353], [85.61586011, 20.41257436], [85.61555711, 20.41223521], [85.61522726, 20.41194046], [85.61444263, 20.41169816], [85.61393453, 20.41112969], [85.61242634, 20.41080809], [85.61163084, 20.41169816], [85.61105535, 20.41187589], [85.61020581, 20.41218082], [85.60998755, 20.41242505], [85.60976666, 20.41262226], [85.60981263, 20.41339408], [85.61071621, 20.41420151], [85.61120256, 20.41474576], [85.61166681, 20.41495876], [85.61561922, 20.41471242], [85.61590626, 20.41439117], [85.61756147, 20.41422168], [85.61788255, 20.41458101], [85.61953777, 20.4147505], [85.61985884, 20.41439117], [85.62061575, 20.41422168], [85.62095911, 20.41460593], [85.62166565, 20.41493016], [85.62183514, 20.41542687], [85.62111649, 20.41564881], [85.62076734, 20.41619798], [85.6205775, 20.41636747], [85.62025028, 20.41673381], [85.61986902, 20.41769178], [85.62076734, 20.41834376], [85.62109017, 20.41870501], [85.62214814, 20.41903188], [85.62262818, 20.4192926], [85.62291312, 20.41961158], [85.62320384, 20.41987125], [85.62474431, 20.42022969], [85.62560806, 20.42158787], [85.62687588, 20.42247601], [85.62717064, 20.42280603], [85.62800825, 20.4234138], [85.62845021, 20.42390858], [85.62912921, 20.42422018], [85.62974031, 20.42518113], [85.63009701, 20.42549975], [85.63068881, 20.42691828], [85.63122797, 20.42716567], [85.63183679, 20.42712935], [85.63214173, 20.42646491], [85.63207348, 20.42532026], [85.6316159, 20.42491146], [85.63107129, 20.42181385], [85.63081829, 20.42158787], [85.63028948, 20.42085904], [85.62938099, 20.42068955], [85.6292115, 20.42049972], [85.62866233, 20.42015057], [85.62797509, 20.41836288], [85.62776402, 20.41817427], [85.62759453, 20.41723771], [85.62795386, 20.41691663], [85.62839038, 20.41623026], [85.62885217, 20.41601832], [85.62934923, 20.41574812], [85.62966171, 20.41374288], [85.62993015, 20.41350303], [85.63009964, 20.41187589], [85.63028948, 20.41152674], [85.63049634, 20.41107583], [85.63044896, 20.41028033], [85.62898359, 20.41008435], [85.62821476, 20.40966642], [85.62795386, 20.40882162], [85.62776402, 20.40865213], [85.62715801, 20.40668952], [85.62632671, 20.40649617], [85.62624197, 20.40640125]]]]}, "geometry_name": "geom", "properties": {"id": 11797, "gridcode": 1, "from_time": "16-08-2022 00:00", "to_time": "16-08-2022 00:00"}}, {"type": "Feature", "id": "odflood50dsc16082022.11904", "geometry": {"type": "MultiPolygon", "coordinates": [[[[85.62426568, 20.39849608], [85.62362686, 20.39875557], [85.62346719, 20.3991349], [85.62312489, 20.39971705], [85.62279802, 20.40233269], [85.6232577, 20.40238989], [85.62418585, 20.40218917], [85.62434586, 20.40198933], [85.62560315, 20.40163018], [85.62694501, 20.40133998], [85.62739978, 20.40015638], [85.62700291, 20.39935457], [85.6263318, 20.39927105], [85.62527821, 20.39940211], [85.6249045, 20.39893524], [85.62447113, 20.39875277], [85.62426568, 20.39849608]]]]}, "geometry_name": "geom", "properties": {"id": 11904, "gridcode": 1, "from_time": "16-08-2022 00:00", "to_time": "16-08-2022 00:00"}}, {"type": "Feature", "id": "odflood50dsc16082022.11926", "geometry": {"type": "MultiPolygon", "coordinates": [[[[85.57809227, 20.39669945], [85.57737362, 20.39669945], [85.57737362, 20.3974181], [85.57809227, 20.3974181], [85.57809227, 20.39669945]]]]}, "geometry_name": "geom", "properties": {"id": 11926, "gridcode": 1, "from_time": "16-08-2022 00:00", "to_time": "16-08-2022 00:00"}}, {"type": "Feature", "id": "odflood50dsc16082022.11935", "geometry": {"type": "MultiPolygon", "coordinates": [[[[85.62426568, 20.39634012], [85.62354703, 20.39634012], [85.62354703, 20.39687911], [85.62426568, 20.39687911], [85.62426568, 20.39634012]]]]}, "geometry_name": "geom", "properties": {"id": 11935, "gridcode": 1, "from_time": "16-08-2022 00:00", "to_time": "16-08-2022 00:00"}}, {"type": "Feature", "id": "odflood50dsc16082022.11985", "geometry": {"type": "MultiPolygon", "coordinates": [[[[85.60450274, 20.39364518], [85.60327194, 20.39377343], [85.60298069, 20.39409942], [85.60096615, 20.39426891], [85.60064507, 20.39390958], [85.60041102, 20.39370044], [85.59970623, 20.39374255], [85.59930269, 20.39419434], [85.59901793, 20.39444857], [85.59884844, 20.39463841], [85.5981419, 20.39496265], [85.59795013, 20.3951774], [85.59776029, 20.39534689], [85.59723148, 20.39607572], [85.59704164, 20.3962452], [85.59681144, 20.39650294], [85.59651282, 20.39715369], [85.59632298, 20.39750284], [85.5961535, 20.39948931], [85.59596366, 20.3996588], [85.5956689, 20.40061326], [85.59592102, 20.40484096], [85.5961535, 20.40504869], [85.59632298, 20.40541819], [85.59696847, 20.40625107], [85.59761098, 20.40682515], [85.59818085, 20.40746291], [85.59922163, 20.4079233], [85.59960622, 20.40586314], [85.60073999, 20.40551311], [85.60116389, 20.40503869], [85.60226204, 20.40434022], [85.60243153, 20.40415038], [85.60375058, 20.40394492], [85.60413324, 20.40351647], [85.604418, 20.40326224], [85.60458748, 20.4030724], [85.60588776, 20.40289853], [85.60584039, 20.40210338], [85.60512647, 20.40146561], [85.60491225, 20.4009989], [85.60422816, 20.40038763], [85.60405867, 20.40001813], [85.60368917, 20.39948931], [85.60341862, 20.39775286], [85.60315018, 20.39751302], [85.60298069, 20.39657646], [85.60334002, 20.39625538], [85.6035746, 20.39574411], [85.60450414, 20.39531759], [85.60494681, 20.3946542], [85.60450274, 20.39364518]]]]}, "geometry_name": "geom", "properties": {"id": 11985, "gridcode": 1, "from_time": "16-08-2022 00:00", "to_time": "16-08-2022 00:00"}}, {"type": "Feature", "id": "odflood50dsc16082022.12006", "geometry": {"type": "MultiPolygon", "coordinates": [[[[85.5983942, 20.39238754], [85.59699251, 20.39263141], [85.59723639, 20.39282669], [85.59746044, 20.39310654], [85.59820699, 20.39354534], [85.59860913, 20.39294688], [85.5983942, 20.39238754]]]]}, "geometry_name": "geom", "properties": {"id": 12006, "gridcode": 1, "from_time": "16-08-2022 00:00", "to_time": "16-08-2022 00:00"}}, {"type": "Feature", "id": "odflood50dsc16082022.12106", "geometry": {"type": "MultiPolygon", "coordinates": [[[[85.85189877, 20.38466202], [85.85178438, 20.38472729], [85.85165384, 20.38513574], [85.85076377, 20.38560508], [85.85111485, 20.38580527], [85.85124539, 20.38603406], [85.85165384, 20.3861646], [85.85182438, 20.38646357], [85.85225827, 20.38553472], [85.85196404, 20.38513574], [85.85189877, 20.38466202]]]]}, "geometry_name": "geom", "properties": {"id": 12106, "gridcode": 1, "from_time": "16-08-2022 00:00", "to_time": "16-08-2022 00:00"}}, {"type": "Feature", "id": "odflood50dsc16082022.12128", "geometry": {"type": "MultiPolygon", "coordinates": [[[[85.8522581, 20.38340438], [85.85195, 20.38347684], [85.85217949, 20.38415023], [85.8522581, 20.38340438]]]]}, "geometry_name": "geom", "properties": {"id": 12128, "gridcode": 1, "from_time": "16-08-2022 00:00", "to_time": "16-08-2022 00:00"}}, {"type": "Feature", "id": "odflood50dsc16082022.12135", "geometry": {"type": "MultiPolygon", "coordinates": [[[[85.93166917, 20.38286539], [85.93141617, 20.38297172], [85.93051785, 20.38320226], [85.93090542, 20.38401671], [85.93159583, 20.38387003], [85.93174251, 20.38365738], [85.93246116, 20.38324718], [85.93231448, 20.3831184], [85.93174251, 20.38297172], [85.93166917, 20.38286539]]]]}, "geometry_name": "geom", "properties": {"id": 12135, "gridcode": 1, "from_time": "16-08-2022 00:00", "to_time": "16-08-2022 00:00"}}, {"type": "Feature", "id": "odflood50dsc16082022.12154", "geometry": {"type": "MultiPolygon", "coordinates": [[[[85.5619226, 20.38142809], [85.56094603, 20.38152336], [85.56074286, 20.382052], [85.56094445, 20.38366388], [85.56194067, 20.38344246], [85.56207419, 20.38236869], [85.5619226, 20.38142809]]]]}, "geometry_name": "geom", "properties": {"id": 12154, "gridcode": 1, "from_time": "16-08-2022 00:00", "to_time": "16-08-2022 00:00"}}, {"type": "Feature", "id": "odflood50dsc16082022.12178", "geometry": {"type": "MultiPolygon", "coordinates": [[[[85.83321381, 20.38017045], [85.83293432, 20.38025028], [85.83229778, 20.38129843], [85.83202372, 20.38151792], [85.83223567, 20.38168758], [85.83249516, 20.38201182], [85.83283466, 20.38158793], [85.8334012, 20.38113421], [85.83329364, 20.38027028], [85.83321381, 20.38017045]]]]}, "geometry_name": "geom", "properties": {"id": 12178, "gridcode": 1, "from_time": "16-08-2022 00:00", "to_time": "16-08-2022 00:00"}}, {"type": "Feature", "id": "odflood50dsc16082022.12184", "geometry": {"type": "MultiPolygon", "coordinates": [[[[85.55401742, 20.37999078], [85.55340334, 20.38015273], [85.55366897, 20.38132352], [85.55448763, 20.38117228], [85.55430165, 20.38024554], [85.55409252, 20.38009535], [85.55401742, 20.37999078]]]]}, "geometry_name": "geom", "properties": {"id": 12184, "gridcode": 1, "from_time": "16-08-2022 00:00", "to_time": "16-08-2022 00:00"}}, {"type": "Feature", "id": "odflood50dsc16082022.12200", "geometry": {"type": "MultiPolygon", "coordinates": [[[[85.55581405, 20.37891281], [85.55466098, 20.37899895], [85.55483503, 20.38006219], [85.55540665, 20.3804252], [85.55612794, 20.38021378], [85.55588915, 20.37901738], [85.55581405, 20.37891281]]]]}, "geometry_name": "geom", "properties": {"id": 12200, "gridcode": 1, "from_time": "16-08-2022 00:00", "to_time": "16-08-2022 00:00"}}, {"type": "Feature", "id": "odflood50dsc16082022.12232", "geometry": {"type": "MultiPolygon", "coordinates": [[[[85.56210226, 20.3774755], [85.56163836, 20.3775506], [85.56148818, 20.37775973], [85.56113289, 20.37801449], [85.56148818, 20.37826925], [85.56163836, 20.37847839], [85.5618475, 20.37862857], [85.56210226, 20.37898386], [85.56235702, 20.37862857], [85.56271634, 20.37837101], [85.56256616, 20.37808958], [85.56219385, 20.37782255], [85.56210226, 20.3774755]]]]}, "geometry_name": "geom", "properties": {"id": 12232, "gridcode": 1, "from_time": "16-08-2022 00:00", "to_time": "16-08-2022 00:00"}}, {"type": "Feature", "id": "odflood50dsc16082022.12247", "geometry": {"type": "MultiPolygon", "coordinates": [[[[85.58725509, 20.37675685], [85.58645818, 20.37707775], [85.58736545, 20.37703757], [85.58725509, 20.37675685]]]]}, "geometry_name": "geom", "properties": {"id": 12247, "gridcode": 1, "from_time": "16-08-2022 00:00", "to_time": "16-08-2022 00:00"}}, {"type": "Feature", "id": "odflood50dsc16082022.12260", "geometry": {"type": "MultiPolygon", "coordinates": [[[[85.58887206, 20.37549921], [85.58787391, 20.37557904], [85.58771425, 20.3757787], [85.58663627, 20.37596626], [85.58679593, 20.37631769], [85.58771425, 20.37647735], [85.58790812, 20.37671965], [85.58864818, 20.37703143], [85.58951088, 20.37755533], [85.58994249, 20.37809432], [85.59022953, 20.377755], [85.59038919, 20.37701634], [85.59069939, 20.37648876], [85.58895189, 20.3757787], [85.58887206, 20.37549921]]]]}, "geometry_name": "geom", "properties": {"id": 12260, "gridcode": 1, "from_time": "16-08-2022 00:00", "to_time": "16-08-2022 00:00"}}, {"type": "Feature", "id": "odflood50dsc16082022.12265", "geometry": {"type": "MultiPolygon", "coordinates": [[[[85.57216339, 20.37531954], [85.57112401, 20.37542552], [85.57073942, 20.37587187], [85.5702836, 20.37626471], [85.57046466, 20.37710144], [85.57213549, 20.37755867], [85.57260395, 20.37674878], [85.57224656, 20.37577537], [85.57216339, 20.37531954]]]]}, "geometry_name": "geom", "properties": {"id": 12265, "gridcode": 1, "from_time": "16-08-2022 00:00", "to_time": "16-08-2022 00:00"}}, {"type": "Feature", "id": "odflood50dsc16082022.12268", "geometry": {"type": "MultiPolygon", "coordinates": [[[[85.59264498, 20.37513988], [85.59251707, 20.37525007], [85.59220249, 20.37595503], [85.59133575, 20.37615189], [85.59112451, 20.37685335], [85.59056745, 20.37733339], [85.59064605, 20.378311], [85.5898602, 20.37824784], [85.58902207, 20.37831522], [85.58842956, 20.37809766], [85.58777179, 20.37793133], [85.58753125, 20.37847032], [85.58733825, 20.37863664], [85.58717192, 20.3790093], [85.58673996, 20.37917563], [85.58645327, 20.37835153], [85.58700717, 20.37810432], [85.5866196, 20.37793133], [85.58638853, 20.37741357], [85.58572128, 20.37721267], [85.58539687, 20.3764856], [85.58464331, 20.37631436], [85.58376061, 20.3759903], [85.58344567, 20.37528445], [85.58260578, 20.37505672], [85.5818659, 20.37546956], [85.58160237, 20.37577537], [85.58131849, 20.37601995], [85.58029121, 20.37593731], [85.5797817, 20.37534586], [85.57855055, 20.37544482], [85.57834247, 20.37726005], [85.57799577, 20.37755867], [85.57782944, 20.37775166], [85.57651075, 20.37848347], [85.57621248, 20.37882964], [85.57595088, 20.37905492], [85.57604913, 20.38027765], [85.57566015, 20.38061294], [85.57541066, 20.38090243], [85.57502817, 20.38123211], [85.57402985, 20.38167758], [85.57369719, 20.3824229], [85.5735042, 20.38258923], [85.57331734, 20.38341158], [85.57336717, 20.3840311], [85.57477517, 20.38456553], [85.57519064, 20.38549665], [85.57511222, 20.38647234], [85.5740981, 20.38672148], [85.57369719, 20.38582317], [85.5735042, 20.38565684], [85.57324751, 20.38508188], [85.57216339, 20.38516891], [85.57134947, 20.38510346], [85.57046028, 20.38579983], [85.5702836, 20.38619583], [85.56990778, 20.38651954], [85.56782481, 20.38635215], [85.56758865, 20.38582317], [85.56738793, 20.38565017], [85.56758865, 20.38547717], [85.56813466, 20.38471676], [85.56903613, 20.38431445], [85.57009727, 20.38439972], [85.57034097, 20.38438025], [85.57025658, 20.38332982], [85.56807413, 20.38350527], [85.56755286, 20.38411023], [85.56636733, 20.38401496], [85.56597168, 20.38312822], [85.56542883, 20.38278223], [85.5648937, 20.38325262], [85.56525303, 20.38456553], [85.56541936, 20.38534208], [85.56434138, 20.38582317], [85.5637573, 20.38650111], [85.5632634, 20.38672148], [85.56309707, 20.38691448], [85.56286776, 20.38708081], [85.56255808, 20.38672148], [85.56192295, 20.38653024], [85.56148011, 20.38582317], [85.56128711, 20.38565684], [85.56112078, 20.38528418], [85.56084778, 20.3850489], [85.56023773, 20.38538927], [85.5600428, 20.38589668], [85.56111008, 20.38666323], [85.56128711, 20.38763313], [85.56148011, 20.38779946], [85.56172241, 20.38834231], [85.56363606, 20.38851811], [85.56449473, 20.3888334], [85.56548147, 20.38828301], [85.56659699, 20.38799246], [85.56933984, 20.38821283], [85.57007095, 20.38862075], [85.57143544, 20.38851109], [85.57216269, 20.38810527], [85.57243289, 20.38779174], [85.57260588, 20.38799246], [85.57302135, 20.38817791], [85.57296082, 20.38893095], [85.57228252, 20.38951521], [85.57202478, 20.39009297], [85.57151299, 20.39032141], [85.57241008, 20.39072179], [85.57260588, 20.39049441], [85.57304978, 20.39011192], [85.5736007, 20.39015613], [85.57413968, 20.3901128], [85.57485535, 20.39017035], [85.57535259, 20.39074758], [85.57528907, 20.39153922], [85.57415986, 20.39187925], [85.57425443, 20.39305636], [85.57510327, 20.39343516], [85.57554664, 20.3944291], [85.57672445, 20.39495458], [85.57703342, 20.3953132], [85.57763645, 20.39426733], [85.57782944, 20.394101], [85.57814473, 20.39339428], [85.57973714, 20.39320269], [85.58062545, 20.39423382], [85.58148797, 20.39485317], [85.5817687, 20.39517898], [85.58196169, 20.39534531], [85.58212802, 20.39564375], [85.58158903, 20.3958843], [85.58109303, 20.39645996], [85.58088372, 20.39715527], [85.58069072, 20.3973216], [85.58052439, 20.39829343], [85.58142271, 20.39893857], [85.58158903, 20.39913157], [85.58214802, 20.39938106], [85.58281071, 20.39975074], [85.583206, 20.40020955], [85.58371376, 20.40043605], [85.58490315, 20.40034061], [85.585386, 20.39978004], [85.58631379, 20.39985461], [85.58674943, 20.40036026], [85.58643994, 20.40091486], [85.58622553, 20.40139508], [85.58628115, 20.40208636], [85.58729053, 20.40271851], [85.58860923, 20.40289116], [85.58881907, 20.40336119], [85.58974844, 20.40396914], [85.59039252, 20.40360981], [85.59171929, 20.40340769], [85.59200949, 20.40307082], [85.59238215, 20.40290449], [85.59254848, 20.40253183], [85.59274148, 20.4023655], [85.59290781, 20.40211127], [85.59254848, 20.40146719], [85.59237899, 20.399989], [85.59200949, 20.39967056], [85.59184316, 20.39899647], [85.5924876, 20.39877224], [85.59272814, 20.39931123], [85.59356558, 20.39947756], [85.59382419, 20.39889822], [85.59421019, 20.39856556], [85.59452477, 20.39786059], [85.59471777, 20.3975146], [85.59496726, 20.39668611], [85.59525676, 20.39643662], [85.59542309, 20.39624362], [85.59615508, 20.3960773], [85.5963214, 20.39528758], [85.59542976, 20.39535917], [85.59508798, 20.3953318], [85.59463127, 20.39558656], [85.59346013, 20.395389], [85.59389174, 20.3934106], [85.5961821, 20.39320023], [85.59655283, 20.39276985], [85.59647615, 20.39181521], [85.59596208, 20.39158572], [85.59545607, 20.39130342], [85.59385297, 20.3914322], [85.59345346, 20.39120937], [85.5931008, 20.39140606], [85.59254848, 20.39157238], [85.59206704, 20.391841], [85.59054341, 20.39156466], [85.59020812, 20.39081338], [85.58985353, 20.39050774], [85.58932788, 20.38977575], [85.58837991, 20.38960943], [85.58807024, 20.38996875], [85.58756494, 20.39040405], [85.586408, 20.39031106], [85.58664364, 20.38901148], [85.58714894, 20.38857619], [85.58733825, 20.38820879], [85.5866196, 20.38799246], [85.58630449, 20.38762682], [85.58554162, 20.38745347], [85.58471401, 20.38686676], [85.58447698, 20.38582317], [85.58213908, 20.38562771], [85.58074265, 20.38524558], [85.58052439, 20.38470887], [85.58088372, 20.3843992], [85.58113321, 20.3841097], [85.58142271, 20.38386021], [85.58158903, 20.38366721], [85.58196169, 20.38350088], [85.58215346, 20.38327841], [85.58202766, 20.38171372], [85.58286001, 20.38152459], [85.5831095, 20.38123509], [85.58356059, 20.38084629], [85.58374499, 20.38043327], [85.58429731, 20.38026695], [85.58510983, 20.3799685], [85.58545512, 20.38111578], [85.58597446, 20.38156301], [85.58695559, 20.38148423], [85.58733825, 20.38176548], [85.58673908, 20.38228166], [85.5860071, 20.38222289], [85.58632747, 20.38309524], [85.58605412, 20.38333069], [85.58631975, 20.38504258], [85.58699226, 20.38546384], [85.58749511, 20.38626671], [85.58787724, 20.38582317], [85.58823183, 20.38551753], [85.58841623, 20.38510451], [85.58860923, 20.38493819], [85.58877556, 20.38474519], [85.58914822, 20.38457886], [85.58967387, 20.3842062], [85.59031568, 20.38403987], [85.59075185, 20.38484467], [85.59025936, 20.38618583], [85.58955895, 20.38639672], [85.58923138, 20.38713081], [85.58859695, 20.38707976], [85.58842956, 20.38724345], [85.58993179, 20.38751751], [85.59039252, 20.38726047], [85.59125803, 20.38706379], [85.59218038, 20.38740259], [85.59290781, 20.3856435], [85.59316098, 20.38542542], [85.5940793, 20.38549911], [85.59452477, 20.38601616], [85.5956024, 20.38649708], [85.59596208, 20.38691448], [85.59615508, 20.38708081], [85.59656107, 20.38755207], [85.59747395, 20.38779946], [85.59854123, 20.38720398], [85.59885476, 20.38650146], [85.59935515, 20.3860702], [85.59981273, 20.3853398], [85.59952885, 20.38430235], [85.598134, 20.38388249], [85.59749027, 20.3829861], [85.59723305, 20.38240957], [85.59704006, 20.38224324], [85.59687373, 20.38183426], [85.59732955, 20.38144142], [85.59766221, 20.38105543], [85.59795171, 20.38080594], [85.59811804, 20.38061294], [85.59920935, 20.37972796], [85.5998687, 20.37896281], [85.60009433, 20.37845698], [85.60039944, 20.37819415], [85.60009433, 20.37793133], [85.599928, 20.37755867], [85.59969868, 20.37739234], [85.59930585, 20.37784816], [85.59887055, 20.37822328], [85.59842157, 20.37894018], [85.59770467, 20.37938916], [85.59741272, 20.37972796], [85.59678495, 20.37989429], [85.59623789, 20.37902088], [85.59560275, 20.37882964], [85.59543642, 20.37863664], [85.59436599, 20.37823047], [85.59417878, 20.37716302], [85.5946911, 20.37672158], [85.5948841, 20.37637524], [85.59397245, 20.37596837], [85.59355663, 20.37548587], [85.59272814, 20.37523638], [85.59264498, 20.37513988]], [[85.58599745, 20.3774755], [85.58599745, 20.37801449], [85.58563812, 20.37801449], [85.58563812, 20.3774755], [85.58599745, 20.3774755]], [[85.59731622, 20.3843027], [85.5973864, 20.38441218], [85.59760536, 20.38455254], [85.59784784, 20.38524154], [85.59752606, 20.38581018], [85.59686443, 20.3856242], [85.59670705, 20.38439376], [85.59731622, 20.3843027]], [[85.57917025, 20.38466202], [85.57924043, 20.38495117], [85.57952238, 20.38513171], [85.57844826, 20.38545086], [85.57820175, 20.38512557], [85.57892041, 20.38495117], [85.57906077, 20.3847322], [85.57917025, 20.38466202]], [[85.58941104, 20.39759776], [85.5894893, 20.39769918], [85.59005144, 20.39803534], [85.59020795, 20.39823816], [85.59073939, 20.39864837], [85.5909266, 20.39929211], [85.58974879, 20.39947265], [85.58925454, 20.39883225], [85.58878766, 20.39847187], [85.58861414, 20.39791867], [85.58941104, 20.39759776]], [[85.59318397, 20.39669945], [85.59318397, 20.3974181], [85.59246532, 20.3974181], [85.59246532, 20.39669945], [85.59318397, 20.39669945]], [[85.59048902, 20.39472315], [85.59056236, 20.39482948], [85.5907801, 20.39571569], [85.59056148, 20.39623608], [85.58971896, 20.39641346], [85.58939525, 20.39554796], [85.58970422, 20.39481246], [85.59048902, 20.39472315]], [[85.57809227, 20.38556034], [85.57816737, 20.38566491], [85.57843335, 20.38585563], [85.57870635, 20.38656322], [85.57891549, 20.38671341], [85.57906568, 20.38710221], [85.57941676, 20.38765541], [85.57900638, 20.38865426], [85.57870635, 20.38886937], [85.57855617, 20.38915079], [85.57891549, 20.38940836], [85.57932763, 20.39011911], [85.57981381, 20.39030667], [85.58003593, 20.39141378], [85.58089179, 20.39174398], [85.58104197, 20.39225472], [85.58022244, 20.39257071], [85.57914481, 20.39224331], [85.57884058, 20.39181889], [85.57757785, 20.39148571], [85.57692025, 20.39056827], [85.57675954, 20.3897733], [85.57747819, 20.38925817], [85.57762838, 20.38886937], [85.57798367, 20.38861461], [85.57762838, 20.38835985], [85.57714711, 20.38753014], [85.5765504, 20.38710221], [85.57632424, 20.38651603], [85.57686428, 20.38612898], [85.57721448, 20.38564035], [85.57809227, 20.38556034]], [[85.591567, 20.3774755], [85.59169438, 20.37800414], [85.59162139, 20.37837382], [85.59173754, 20.37896228], [85.59149243, 20.37916756], [85.59126171, 20.37801625], [85.59133575, 20.3776413], [85.591567, 20.3774755]]]]}, "geometry_name": "geom", "properties": {"id": 12268, "gridcode": 1, "from_time": "16-08-2022 00:00", "to_time": "16-08-2022 00:00"}}, {"type": "Feature", "id": "odflood50dsc16082022.12272", "geometry": {"type": "MultiPolygon", "coordinates": [[[[85.85405473, 20.37496022], [85.85280024, 20.37504163], [85.85164243, 20.37535551], [85.85179578, 20.37596152], [85.85286165, 20.37618084], [85.85336292, 20.37685475], [85.85408192, 20.37729987], [85.85430352, 20.37601311], [85.85405473, 20.37496022]]]]}, "geometry_name": "geom", "properties": {"id": 12272, "gridcode": 1, "from_time": "16-08-2022 00:00", "to_time": "16-08-2022 00:00"}}, {"type": "Feature", "id": "odflood50dsc16082022.12295", "geometry": {"type": "MultiPolygon", "coordinates": [[[[85.56964811, 20.37334325], [85.56918421, 20.37341834], [85.56903403, 20.37362748], [85.56814676, 20.374137], [85.56672385, 20.37385575], [85.56615942, 20.37423876], [85.56651874, 20.37449632], [85.56677824, 20.37485811], [85.56723739, 20.37503531], [85.56738758, 20.37524445], [85.56768041, 20.37545447], [85.56805255, 20.37731058], [85.5686747, 20.3775506], [85.56892946, 20.37790589], [85.56920088, 20.37752726], [85.56936388, 20.37593363], [85.56957301, 20.37578344], [85.56987427, 20.37428157], [85.56964811, 20.37334325]]]]}, "geometry_name": "geom", "properties": {"id": 12295, "gridcode": 1, "from_time": "16-08-2022 00:00", "to_time": "16-08-2022 00:00"}}, {"type": "Feature", "id": "odflood50dsc16082022.12336", "geometry": {"type": "MultiPolygon", "coordinates": [[[[85.57809227, 20.37136696], [85.57799577, 20.37145012], [85.57782944, 20.37164312], [85.57745678, 20.37180945], [85.57693113, 20.37218211], [85.57622616, 20.37249669], [85.57603281, 20.3727211], [85.57562383, 20.37288743], [85.57521766, 20.37241599], [85.57480605, 20.37289374], [85.57302205, 20.37329904], [85.57279888, 20.37379908], [85.57259535, 20.37397435], [85.57387686, 20.37450439], [85.57404319, 20.37469739], [85.57439777, 20.37500303], [85.57458217, 20.37541604], [85.57477517, 20.37558237], [85.57504835, 20.37589941], [85.57458217, 20.37630102], [85.57438269, 20.37674825], [85.5735042, 20.377379], [85.57328979, 20.37785922], [85.57337682, 20.37894053], [85.57447708, 20.37953496], [85.57512116, 20.37917563], [85.57549382, 20.3790093], [85.57566015, 20.37809766], [85.57585315, 20.37793133], [85.57607352, 20.37743743], [85.57684796, 20.37677018], [85.57715097, 20.37641858], [85.57753995, 20.37512655], [85.5781507, 20.37460019], [85.57853476, 20.37195279], [85.57817544, 20.37164312], [85.57809227, 20.37136696]]]]}, "geometry_name": "geom", "properties": {"id": 12336, "gridcode": 1, "from_time": "16-08-2022 00:00", "to_time": "16-08-2022 00:00"}}, {"type": "Feature", "id": "odflood50dsc16082022.12349", "geometry": {"type": "MultiPolygon", "coordinates": [[[[85.59192633, 20.37064831], [85.59140629, 20.37079691], [85.59160051, 20.37235844], [85.59130751, 20.37272443], [85.59058885, 20.37302726], [85.59074852, 20.37398207], [85.59123575, 20.37418735], [85.59177491, 20.37486039], [85.59234039, 20.37465072], [85.59256848, 20.37308376], [85.59413404, 20.37336325], [85.59434178, 20.37362275], [85.59541976, 20.3740212], [85.59526009, 20.37523971], [85.59490077, 20.37552746], [85.59511973, 20.37611803], [85.59526009, 20.37595837], [85.59541976, 20.37557904], [85.59629193, 20.37539043], [85.59684022, 20.37445772], [85.59698497, 20.37329412], [85.59643282, 20.37238511], [85.59506043, 20.37218544], [85.59472111, 20.37198578], [85.59328731, 20.37167558], [85.59303975, 20.37136661], [85.59256515, 20.37108746], [85.59200616, 20.3709278], [85.59192633, 20.37064831]]]]}, "geometry_name": "geom", "properties": {"id": 12349, "gridcode": 1, "from_time": "16-08-2022 00:00", "to_time": "16-08-2022 00:00"}}, {"type": "Feature", "id": "odflood50dsc16082022.12361", "geometry": {"type": "MultiPolygon", "coordinates": [[[[85.56461754, 20.37028898], [85.56379906, 20.37036881], [85.56355939, 20.37066813], [85.56326007, 20.3709078], [85.56307216, 20.37177629], [85.5622621, 20.37242511], [85.56188593, 20.37289462], [85.56080304, 20.37312902], [85.56056512, 20.37396207], [85.56040546, 20.37523971], [85.56004614, 20.37552746], [85.5602058, 20.37595837], [85.56064969, 20.37631366], [85.56139624, 20.37737567], [85.56197067, 20.37703178], [85.56221771, 20.37533516], [85.56276091, 20.37490021], [85.56308041, 20.37450106], [85.56365027, 20.37426104], [85.56414856, 20.37386189], [85.56422418, 20.37325342], [85.56405943, 20.3719284], [85.56433805, 20.37126713], [85.56453771, 20.37110746], [85.56461754, 20.37028898]]]]}, "geometry_name": "geom", "properties": {"id": 12361, "gridcode": 1, "from_time": "16-08-2022 00:00", "to_time": "16-08-2022 00:00"}}, {"type": "Feature", "id": "odflood50dsc16082022.12494", "geometry": {"type": "MultiPolygon", "coordinates": [[[[85.58545846, 20.36400077], [85.58386623, 20.36413955], [85.5835755, 20.36445344], [85.58318968, 20.36462608], [85.58285685, 20.36426676], [85.58247103, 20.36409411], [85.5821382, 20.36445344], [85.58148078, 20.36466153], [85.58101548, 20.36564722], [85.58033122, 20.36597022], [85.57975065, 20.36627744], [85.57944325, 20.3666094], [85.57887777, 20.36678204], [85.57845844, 20.36632955], [85.57811999, 20.36601602], [85.57635126, 20.36608602], [85.57584999, 20.36714838], [85.57517257, 20.36732103], [85.57495168, 20.36570406], [85.57474552, 20.36517209], [85.57406705, 20.36590443], [85.57350735, 20.36642271], [85.57333471, 20.36678906], [85.57314803, 20.36714137], [85.57281362, 20.36785037], [85.57260904, 20.36803968], [85.57243639, 20.36822636], [85.57131876, 20.36839901], [85.57053607, 20.36798494], [85.56975987, 20.36714716], [85.56918228, 20.36696872], [85.56880295, 20.36777212], [85.56907824, 20.36855762], [85.56992111, 20.36875833], [85.57026658, 20.36913152], [85.57063976, 20.36947699], [85.57094874, 20.37013195], [85.57171774, 20.3703753], [85.57189039, 20.37056198], [85.5728266, 20.37074059], [85.57358508, 20.37114203], [85.57414898, 20.37175067], [85.57504976, 20.37199227], [85.57534416, 20.37136854], [85.57495729, 20.37026459], [85.5762588, 20.36965033], [85.5762023, 20.36822285], [85.57621914, 20.36779668], [85.57707079, 20.36750771], [85.57888075, 20.36829742], [85.58018436, 20.36784054], [85.58068212, 20.3667859], [85.5812469, 20.3666094], [85.58122778, 20.36709312], [85.58199117, 20.36732103], [85.5827479, 20.36692065], [85.58338198, 20.36623621], [85.58411449, 20.36589074], [85.58450926, 20.36527912], [85.58501281, 20.36481277], [85.58518545, 20.36462608], [85.58537213, 20.36445344], [85.58545846, 20.36400077]]]]}, "geometry_name": "geom", "properties": {"id": 12494, "gridcode": 1, "from_time": "16-08-2022 00:00", "to_time": "16-08-2022 00:00"}}, {"type": "Feature", "id": "odflood50dsc16082022.12500", "geometry": {"type": "MultiPolygon", "coordinates": [[[[85.55545473, 20.36382111], [85.55358476, 20.36429062], [85.55409076, 20.36518507], [85.55448307, 20.36533175], [85.55471081, 20.3656616], [85.55546911, 20.36583162], [85.55588739, 20.36483557], [85.55574071, 20.36407411], [85.55552807, 20.36392743], [85.55545473, 20.36382111]]]]}, "geometry_name": "geom", "properties": {"id": 12500, "gridcode": 1, "from_time": "16-08-2022 00:00", "to_time": "16-08-2022 00:00"}}, {"type": "Feature", "id": "odflood50dsc16082022.12501", "geometry": {"type": "MultiPolygon", "coordinates": [[[[85.56084462, 20.36382111], [85.5600428, 20.36415271], [85.56020913, 20.36481592], [85.56056846, 20.3651256], [85.56040213, 20.36553458], [85.56018667, 20.3657202], [85.55997174, 20.36839585], [85.5614694, 20.36817917], [85.56164643, 20.36606023], [85.56200576, 20.36508173], [85.56159889, 20.36411973], [85.56092778, 20.36391761], [85.56084462, 20.36382111]]]]}, "geometry_name": "geom", "properties": {"id": 12501, "gridcode": 1, "from_time": "16-08-2022 00:00", "to_time": "16-08-2022 00:00"}}, {"type": "Feature", "id": "odflood50dsc16082022.12639", "geometry": {"type": "MultiPolygon", "coordinates": [[[[85.57126508, 20.35645492], [85.57101207, 20.35656125], [85.57011376, 20.3567367], [85.57027061, 20.35770186], [85.57079943, 20.35806698], [85.57065275, 20.35853754], [85.5704094, 20.35870545], [85.57103611, 20.35911355], [85.57191425, 20.35861246], [85.57223673, 20.35814523], [85.57259606, 20.35789714], [85.57244762, 20.35705778], [85.57191039, 20.35670793], [85.57133841, 20.35656125], [85.57126508, 20.35645492]]]]}, "geometry_name": "geom", "properties": {"id": 12639, "gridcode": 1, "from_time": "16-08-2022 00:00", "to_time": "16-08-2022 00:00"}}, {"type": "Feature", "id": "odflood50dsc16082022.12696", "geometry": {"type": "MultiPolygon", "coordinates": [[[[85.88693307, 20.35429897], [85.8863253, 20.35469689], [85.88557787, 20.35454916], [85.88504555, 20.35488708], [85.88488168, 20.35519448], [85.88524101, 20.35545204], [85.8856191, 20.35597927], [85.88664813, 20.35577592], [85.8868285, 20.35509271], [85.88704378, 20.35456846], [85.88693307, 20.35429897]]]]}, "geometry_name": "geom", "properties": {"id": 12696, "gridcode": 1, "from_time": "16-08-2022 00:00", "to_time": "16-08-2022 00:00"}}, {"type": "Feature", "id": "odflood50dsc16082022.12714", "geometry": {"type": "MultiPolygon", "coordinates": [[[[85.88747206, 20.35358031], [85.8867534, 20.35358031], [85.8867534, 20.35393964], [85.88747206, 20.35393964], [85.88747206, 20.35358031]]]]}, "geometry_name": "geom", "properties": {"id": 12714, "gridcode": 1, "from_time": "16-08-2022 00:00", "to_time": "16-08-2022 00:00"}}, {"type": "Feature", "id": "odflood50dsc16082022.12739", "geometry": {"type": "MultiPolygon", "coordinates": [[[[85.58851273, 20.352682], [85.58716877, 20.3527992], [85.58743808, 20.35416194], [85.58859905, 20.35523781], [85.58816182, 20.3562807], [85.58778723, 20.35662774], [85.58752809, 20.35690759], [85.58717719, 20.35723253], [85.58715631, 20.35775976], [85.58734141, 20.35834489], [85.58772811, 20.35890669], [85.58768828, 20.35991361], [85.5878804, 20.36032119], [85.58928349, 20.36065525], [85.59004337, 20.36121249], [85.59056166, 20.36177218], [85.59112135, 20.36229046], [85.59162069, 20.36282945], [85.59254129, 20.36255452], [85.59257041, 20.36181937], [85.59219933, 20.36103282], [85.59184106, 20.36070104], [85.59173508, 20.35802803], [85.59201265, 20.35743956], [85.59219933, 20.35726692], [85.59288307, 20.35620806], [85.59327029, 20.35584909], [85.59306027, 20.35494305], [85.59257813, 20.35546327], [85.59237198, 20.35529062], [85.59219933, 20.35510394], [85.59165332, 20.3549313], [85.59104749, 20.35471882], [85.58951649, 20.35477953], [85.5893177, 20.35421264], [85.58914506, 20.35348697], [85.58895838, 20.35331433], [85.58851273, 20.352682]]]]}, "geometry_name": "geom", "properties": {"id": 12739, "gridcode": 1, "from_time": "16-08-2022 00:00", "to_time": "16-08-2022 00:00"}}, {"type": "Feature", "id": "odflood50dsc16082022.12966", "geometry": {"type": "MultiPolygon", "coordinates": [[[[85.55761068, 20.34315986], [85.55683483, 20.34325688], [85.55672395, 20.344148], [85.55684273, 20.34510334], [85.55610337, 20.34569549], [85.55600793, 20.3464631], [85.55674342, 20.34655451], [85.55697186, 20.34575497], [85.55749699, 20.34553373], [85.55769051, 20.34485666], [85.55796299, 20.34439329], [85.55761068, 20.34315986]]]]}, "geometry_name": "geom", "properties": {"id": 12966, "gridcode": 1, "from_time": "16-08-2022 00:00", "to_time": "16-08-2022 00:00"}}, {"type": "Feature", "id": "odflood50dsc16082022.13002", "geometry": {"type": "MultiPolygon", "coordinates": [[[[85.55473607, 20.34172255], [85.55406971, 20.34180975], [85.55360371, 20.34307862], [85.55350335, 20.34432767], [85.55359756, 20.34550162], [85.55302261, 20.3457583], [85.55285628, 20.34613097], [85.55248362, 20.34665662], [85.55231729, 20.34702928], [85.55165215, 20.34760248], [85.5512737, 20.34863291], [85.55362441, 20.34825832], [85.55400409, 20.34781776], [85.55445553, 20.34742879], [85.55452501, 20.34656574], [85.55429358, 20.34629729], [85.55398847, 20.34603447], [85.55429358, 20.34577164], [85.55445991, 20.34539898], [85.55481222, 20.34476753], [85.55491258, 20.34351796], [85.55473607, 20.34172255]]]]}, "geometry_name": "geom", "properties": {"id": 13002, "gridcode": 1, "from_time": "16-08-2022 00:00", "to_time": "16-08-2022 00:00"}}, {"type": "Feature", "id": "odflood50dsc16082022.13019", "geometry": {"type": "MultiPolygon", "coordinates": [[[[85.58024823, 20.34118356], [85.57883935, 20.34130129], [85.5785095, 20.3416843], [85.57855248, 20.34221856], [85.57890742, 20.34252437], [85.5794501, 20.34339075], [85.57936483, 20.34445259], [85.57871443, 20.34485999], [85.57839896, 20.34522616], [85.57759188, 20.34539898], [85.57711079, 20.344321], [85.57685656, 20.34415467], [85.57590859, 20.34468348], [85.5749415, 20.34485999], [85.57477517, 20.34505299], [85.5744069, 20.34537038], [85.5742046, 20.34669732], [85.57349349, 20.3466403], [85.5731582, 20.34702928], [85.57224656, 20.34755494], [85.57201513, 20.34782338], [85.5720876, 20.34872397], [85.57297854, 20.34899224], [85.57314487, 20.34918524], [85.57409284, 20.34935157], [85.57440251, 20.34899224], [85.57477517, 20.34882591], [85.57512292, 20.34863204], [85.57530749, 20.34864677], [85.57578034, 20.34860888], [85.57647548, 20.34780197], [85.57800911, 20.34756827], [85.57865179, 20.34733229], [85.5799854, 20.34702928], [85.58015471, 20.34536933], [85.58156798, 20.34548284], [85.5817687, 20.34507229], [85.58105004, 20.34415467], [85.58088372, 20.34360235], [85.58067195, 20.34341988], [85.58034473, 20.34162605], [85.58024823, 20.34118356]]]]}, "geometry_name": "geom", "properties": {"id": 13019, "gridcode": 1, "from_time": "16-08-2022 00:00", "to_time": "16-08-2022 00:00"}}, {"type": "Feature", "id": "odflood50dsc16082022.13032", "geometry": {"type": "MultiPolygon", "coordinates": [[[[85.55743102, 20.34064457], [85.55663078, 20.34074704], [85.55684747, 20.34265122], [85.55752787, 20.34272053], [85.55769227, 20.34252279], [85.55804756, 20.3422275], [85.55823126, 20.34180414], [85.5585676, 20.34152464], [85.55751261, 20.34092232], [85.55743102, 20.34064457]]]]}, "geometry_name": "geom", "properties": {"id": 13032, "gridcode": 1, "from_time": "16-08-2022 00:00", "to_time": "16-08-2022 00:00"}}, {"type": "Feature", "id": "odflood50dsc16082022.13073", "geometry": {"type": "MultiPolygon", "coordinates": [[[[85.57701429, 20.33866828], [85.57637389, 20.33874653], [85.57618826, 20.33941308], [85.57549874, 20.3399454], [85.57569261, 20.34049211], [85.57627529, 20.34057825], [85.57701219, 20.34000961], [85.57711746, 20.33929658], [85.57701429, 20.33866828]]]]}, "geometry_name": "geom", "properties": {"id": 13073, "gridcode": 1, "from_time": "16-08-2022 00:00", "to_time": "16-08-2022 00:00"}}, {"type": "Feature", "id": "odflood50dsc16082022.13074", "geometry": {"type": "MultiPolygon", "coordinates": [[[[85.92627928, 20.33866828], [85.92584012, 20.3387939], [85.92615628, 20.33909831], [85.92627928, 20.33866828]]]]}, "geometry_name": "geom", "properties": {"id": 13074, "gridcode": 1, "from_time": "16-08-2022 00:00", "to_time": "16-08-2022 00:00"}}, {"type": "Feature", "id": "odflood50dsc16082022.13079", "geometry": {"type": "MultiPolygon", "coordinates": [[[[85.55761068, 20.33848862], [85.55675342, 20.33857231], [85.55645287, 20.33894778], [85.55609355, 20.33923552], [85.55625321, 20.33966643], [85.55663254, 20.33982609], [85.55680536, 20.3400419], [85.55697186, 20.33964643], [85.55749331, 20.33942676], [85.55761068, 20.33848862]]]]}, "geometry_name": "geom", "properties": {"id": 13079, "gridcode": 1, "from_time": "16-08-2022 00:00", "to_time": "16-08-2022 00:00"}}, {"type": "Feature", "id": "odflood50dsc16082022.13101", "geometry": {"type": "MultiPolygon", "coordinates": [[[[85.57431935, 20.3375903], [85.57331962, 20.33766855], [85.57312627, 20.3379191], [85.57208514, 20.3383451], [85.5722927, 20.33938413], [85.57355613, 20.33919745], [85.57429777, 20.33964485], [85.57529591, 20.33940886], [85.57510467, 20.3381607], [85.5743976, 20.33787138], [85.57431935, 20.3375903]]]]}, "geometry_name": "geom", "properties": {"id": 13101, "gridcode": 1, "from_time": "16-08-2022 00:00", "to_time": "16-08-2022 00:00"}}, {"type": "Feature", "id": "odflood50dsc16082022.13148", "geometry": {"type": "MultiPolygon", "coordinates": [[[[85.92627928, 20.33507502], [85.92550746, 20.33517152], [85.92530113, 20.3358935], [85.9247174, 20.33613931], [85.92422315, 20.3378705], [85.92443036, 20.33856845], [85.92580678, 20.33831597], [85.92599978, 20.33677182], [85.92634332, 20.33649688], [85.92656193, 20.33533715], [85.92635911, 20.33517485], [85.92627928, 20.33507502]]]]}, "geometry_name": "geom", "properties": {"id": 13148, "gridcode": 1, "from_time": "16-08-2022 00:00", "to_time": "16-08-2022 00:00"}}, {"type": "Feature", "id": "odflood50dsc16082022.13157", "geometry": {"type": "MultiPolygon", "coordinates": [[[[85.57252272, 20.33453603], [85.57188881, 20.33462077], [85.57171932, 20.33481061], [85.57073503, 20.33557822], [85.56951283, 20.3355054], [85.56904999, 20.33498747], [85.56842801, 20.33481061], [85.5679464, 20.3353496], [85.56739723, 20.33569875], [85.56722774, 20.33588859], [85.56661208, 20.33607861], [85.56586255, 20.33648601], [85.5646479, 20.33641354], [85.56395732, 20.33603825], [85.56311322, 20.33608861], [85.56288829, 20.33729379], [85.56327656, 20.33800823], [85.56550919, 20.33824088], [85.56613959, 20.33858354], [85.56650909, 20.33875302], [85.56667858, 20.33894286], [85.5669014, 20.339142], [85.5676548, 20.33909709], [85.56841415, 20.33805069], [85.56976742, 20.33841317], [85.57020219, 20.33838721], [85.5704515, 20.33731572], [85.57073626, 20.33706149], [85.57099558, 20.33677112], [85.57117016, 20.33696657], [85.57210672, 20.33713606], [85.5724278, 20.33677673], [85.57282976, 20.33659233], [85.5732061, 20.33617107], [85.57313961, 20.33505484], [85.57260746, 20.33481061], [85.57252272, 20.33453603]]]]}, "geometry_name": "geom", "properties": {"id": 13157, "gridcode": 1, "from_time": "16-08-2022 00:00", "to_time": "16-08-2022 00:00"}}, {"type": "Feature", "id": "odflood50dsc16082022.13160", "geometry": {"type": "MultiPolygon", "coordinates": [[[[85.57701429, 20.33435637], [85.57655689, 20.33461762], [85.57639372, 20.33481377], [85.57532346, 20.33527802], [85.57513608, 20.33711553], [85.57575174, 20.33800226], [85.5763881, 20.33806718], [85.57655689, 20.33749223], [85.57675305, 20.33732905], [85.57691622, 20.33677357], [85.5774552, 20.33550944], [85.57729203, 20.33461762], [85.57709588, 20.33445445], [85.57701429, 20.33435637]]]]}, "geometry_name": "geom", "properties": {"id": 13160, "gridcode": 1, "from_time": "16-08-2022 00:00", "to_time": "16-08-2022 00:00"}}, {"type": "Feature", "id": "odflood50dsc16082022.13255", "geometry": {"type": "MultiPolygon", "coordinates": [[[[85.55814967, 20.32914614], [85.55802475, 20.3292093], [85.55779035, 20.32968934], [85.55804317, 20.3301892], [85.55856935, 20.32992304], [85.55844864, 20.32956582], [85.55821003, 20.32944511], [85.55814967, 20.32914614]]]]}, "geometry_name": "geom", "properties": {"id": 13255, "gridcode": 1, "from_time": "16-08-2022 00:00", "to_time": "16-08-2022 00:00"}}, {"type": "Feature", "id": "odflood50dsc16082022.13324", "geometry": {"type": "MultiPolygon", "coordinates": [[[[85.95197109, 20.32519355], [85.95129262, 20.32527847], [85.95086732, 20.32580956], [85.95027201, 20.32606046], [85.9496553, 20.32683035], [85.94923141, 20.32716985], [85.94955564, 20.32742934], [85.94984531, 20.32811711], [85.95033114, 20.32817747], [85.95122928, 20.32792061], [85.95151193, 20.32724968], [85.95201127, 20.32684982], [85.95209444, 20.32618135], [85.95197109, 20.32519355]]]]}, "geometry_name": "geom", "properties": {"id": 13324, "gridcode": 1, "from_time": "16-08-2022 00:00", "to_time": "16-08-2022 00:00"}}, {"type": "Feature", "id": "odflood50dsc16082022.13416", "geometry": {"type": "MultiPolygon", "coordinates": [[[[85.94226929, 20.31692905], [85.94205032, 20.31699064], [85.9422077, 20.31714802], [85.94226929, 20.31692905]]]]}, "geometry_name": "geom", "properties": {"id": 13416, "gridcode": 1, "from_time": "16-08-2022 00:00", "to_time": "16-08-2022 00:00"}}, {"type": "Feature", "id": "odflood50dsc16082022.13442", "geometry": {"type": "MultiPolygon", "coordinates": [[[[85.94280828, 20.31387478], [85.94202769, 20.31396356], [85.94173451, 20.31441377], [85.94212261, 20.3150096], [85.94234263, 20.31559807], [85.94255527, 20.31574475], [85.94293302, 20.31682273], [85.94413926, 20.3164827], [85.94399258, 20.31556509], [85.94377993, 20.31541841], [85.94355991, 20.31509944], [85.94302847, 20.31473257], [85.94280828, 20.31387478]]]]}, "geometry_name": "geom", "properties": {"id": 13442, "gridcode": 1, "from_time": "16-08-2022 00:00", "to_time": "16-08-2022 00:00"}}, {"type": "Feature", "id": "odflood50dsc16082022.13496", "geometry": {"type": "MultiPolygon", "coordinates": [[[[85.94837783, 20.30992219], [85.94757602, 20.31016361], [85.94774234, 20.31091701], [85.94841906, 20.3120013], [85.948115, 20.31235431], [85.94757602, 20.31259486], [85.94777533, 20.31359862], [85.94829467, 20.31343229], [85.948461, 20.31323929], [85.94922334, 20.3130098], [85.94896946, 20.31024555], [85.948461, 20.31001869], [85.94837783, 20.30992219]]]]}, "geometry_name": "geom", "properties": {"id": 13496, "gridcode": 1, "from_time": "16-08-2022 00:00", "to_time": "16-08-2022 00:00"}}, {"type": "Feature", "id": "odflood50dsc16082022.13632", "geometry": {"type": "MultiPolygon", "coordinates": [[[[85.89771285, 20.30363399], [85.8968977, 20.30371715], [85.89655171, 20.30391015], [85.89610097, 20.30411122], [85.89578252, 20.30468196], [85.89605483, 20.30529201], [85.89680015, 20.30562467], [85.89714052, 20.30638718], [85.89776654, 20.30643754], [85.89810113, 20.30614927], [85.89763407, 20.30574696], [85.897576, 20.3050255], [85.89771285, 20.30363399]]]]}, "geometry_name": "geom", "properties": {"id": 13632, "gridcode": 1, "from_time": "16-08-2022 00:00", "to_time": "16-08-2022 00:00"}}, {"type": "Feature", "id": "odflood50dsc16082022.16003", "geometry": {"type": "MultiPolygon", "coordinates": [[[[85.49850154, 20.23482303], [85.49913211, 20.23473496], [85.49988357, 20.23372137], [85.50125807, 20.23419176], [85.50215884, 20.23421018], [85.50254396, 20.23401174], [85.50290153, 20.23419597], [85.50326805, 20.23437388], [85.50290153, 20.23455179], [85.50255624, 20.23491111], [85.50236254, 20.23473496], [85.50201725, 20.23437563], [85.50193058, 20.23545887], [85.50281345, 20.2354408], [85.50308119, 20.2359926], [85.50343438, 20.23633192], [85.50398916, 20.23726673], [85.50434234, 20.23760606], [85.50484905, 20.23865035], [85.50505748, 20.23886721], [85.50592422, 20.23950971], [85.50613546, 20.23994519], [85.50667357, 20.24046224], [85.50708729, 20.24215974], [85.50773103, 20.24277821], [85.50811176, 20.24335878], [85.50862917, 20.24385602], [85.50883392, 20.24425359], [85.50917973, 20.24496628], [85.50954187, 20.2453142], [85.50973223, 20.24587056], [85.50993734, 20.24838584], [85.51063985, 20.24820741], [85.51130744, 20.24751262], [85.51185257, 20.24723172], [85.51209435, 20.24896431], [85.51270211, 20.24954821], [85.51314232, 20.25000632], [85.51414398, 20.25049232], [85.51439996, 20.25180295], [85.51458314, 20.2519791], [85.51502791, 20.25265722], [85.51559041, 20.25293023], [85.51619659, 20.25410699], [85.51592026, 20.2564119], [85.5152209, 20.25708388], [85.51490439, 20.25800887], [85.5152174, 20.25865436], [85.51671102, 20.25916562], [85.51889505, 20.25898947], [85.52082064, 20.25866102], [85.52176475, 20.25928002], [85.52178071, 20.26006569], [85.52175562, 20.26129456], [85.52212477, 20.26237307], [85.52213232, 20.26273713], [85.52158999, 20.26330138], [85.52079835, 20.26355842], [85.52016199, 20.2641697], [85.51981144, 20.26489238], [85.5196137, 20.26509801], [85.51925438, 20.2654433], [85.51943053, 20.26581667], [85.51978828, 20.26616055], [85.52036323, 20.26751487], [85.52176966, 20.26778945], [85.52295536, 20.26819527], [85.52428143, 20.26796911], [85.5259942, 20.26769032], [85.52626123, 20.26743363], [85.52660652, 20.26707431], [85.52895618, 20.26725046], [85.52913233, 20.26743363], [85.52990345, 20.26800543], [85.53038998, 20.26851161], [85.53110126, 20.26885673], [85.5312918, 20.26922676], [85.53149796, 20.27070354], [85.53200414, 20.27118989], [85.53218661, 20.27156588], [85.53254944, 20.27210136], [85.5327256, 20.27282353], [85.53308492, 20.27316882], [85.53290877, 20.2739015], [85.5327256, 20.27407766], [85.53241592, 20.2756641], [85.53142707, 20.27639714], [85.53075281, 20.2773916], [85.53093721, 20.27787602], [85.53307018, 20.27783251], [85.53345477, 20.27839975], [85.53380357, 20.27983038], [85.53407833, 20.28009462], [85.5345117, 20.28054553], [85.53502033, 20.28030568], [85.53541984, 20.27913823], [85.5354451, 20.2779048], [85.53523158, 20.27746476], [85.53452872, 20.27678945], [85.53434256, 20.27569813], [85.53416062, 20.26975294], [85.53374059, 20.2693494], [85.53333757, 20.26769664], [85.53275349, 20.26708869], [85.53202589, 20.26671393], [85.53049455, 20.26646461], [85.53021382, 20.26617248], [85.52963325, 20.26579175], [85.52898811, 20.2651203], [85.5273357, 20.26491835], [85.52600139, 20.26472342], [85.5241058, 20.2649387], [85.52408703, 20.26401653], [85.52481761, 20.26331454], [85.52500008, 20.26293855], [85.52518326, 20.26258273], [85.52552907, 20.26187004], [85.52589559, 20.26151791], [85.52616245, 20.26096787], [85.52680022, 20.26095489], [85.52748256, 20.26166494], [85.52841719, 20.2622199], [85.52859335, 20.26240307], [85.52899583, 20.26259835], [85.5298366, 20.2634735], [85.5307493, 20.2634921], [85.53145041, 20.26276239], [85.53198835, 20.26326542], [85.53236487, 20.26399635], [85.53258594, 20.26490326], [85.53434607, 20.2650945], [85.53452223, 20.26545734], [85.53523351, 20.26580245], [85.53542405, 20.26617248], [85.53565881, 20.26665638], [85.53631675, 20.26697553], [85.53632973, 20.26761154], [85.53630464, 20.26884041], [85.53669064, 20.26942905], [85.53721682, 20.26993453], [85.53722331, 20.27025385], [85.53704102, 20.27174555], [85.53668959, 20.27208329], [85.53667467, 20.27281265], [85.53685785, 20.27300319], [85.53704102, 20.27317934], [85.53721717, 20.27354218], [85.53740034, 20.27389799], [85.53757755, 20.27516739], [85.53793933, 20.27551496], [85.53834761, 20.27613764], [85.53919697, 20.27641328], [85.53937313, 20.27659645], [85.54044865, 20.27702069], [85.54046883, 20.27800445], [85.54009529, 20.27839308], [85.53976333, 20.27871205], [85.53926856, 20.27944211], [85.53901731, 20.2807287], [85.53865799, 20.28107399], [85.53884712, 20.28205371], [85.54000721, 20.28243024], [85.54033197, 20.28276798], [85.54223528, 20.28323205], [85.5427862, 20.28376139], [85.54280076, 20.28447601], [85.54226634, 20.28503219], [85.54153259, 20.28522028], [85.53959086, 20.28553644], [85.5392075, 20.28593542], [85.53829515, 20.28575927], [85.538119, 20.28557609], [85.53765177, 20.28534941], [85.53732507, 20.28400966], [85.53685785, 20.28378297], [85.53651256, 20.28342365], [85.53470189, 20.2835998], [85.53451626, 20.28379297], [85.53344793, 20.28431126], [85.53343319, 20.28503342], [85.53412237, 20.28548538], [85.53434256, 20.28593893], [85.53470189, 20.28663653], [85.53424852, 20.28854106], [85.53398675, 20.28881354], [85.53344776, 20.28933147], [85.53365812, 20.29000065], [85.53452223, 20.2904198], [85.53422975, 20.29192957], [85.53309054, 20.29248224], [85.53307176, 20.29340881], [85.53416641, 20.29384059], [85.5345117, 20.29419992], [85.53560371, 20.29402377], [85.53577987, 20.29384059], [85.53650203, 20.29366444], [85.53790407, 20.29330511], [85.53865799, 20.29384059], [85.53883414, 20.29402377], [85.53973105, 20.29431484], [85.53975702, 20.29558652], [85.53946822, 20.29618148], [85.53919347, 20.2967152], [85.53901731, 20.29743736], [85.53865799, 20.29778265], [85.53883414, 20.29869501], [85.53901731, 20.29887116], [85.53927891, 20.29941015], [85.54027495, 20.29905433], [85.54069446, 20.29861781], [85.54152909, 20.29833217], [85.54225125, 20.29815602], [85.5425532, 20.29784196], [85.54639157, 20.29776353], [85.5463763, 20.29850797], [85.54745762, 20.29853008], [85.54746481, 20.29817707], [85.54719373, 20.29734227], [85.54674282, 20.2969089], [85.54691898, 20.2967152], [85.54728181, 20.29653905], [85.54794151, 20.29564933], [85.54871736, 20.29563354], [85.54940794, 20.29564758], [85.55033608, 20.29528141], [85.55097947, 20.29355022], [85.55141055, 20.29313598], [85.5512344, 20.29078632], [85.55088227, 20.29044787], [85.5506919, 20.28989152], [85.5504689, 20.28761116], [85.54935162, 20.28715797], [85.54623366, 20.28722166], [85.5458524, 20.28685532], [85.54584082, 20.2862879], [85.54620383, 20.28593893], [85.54639911, 20.28553644], [85.54710215, 20.28486095], [85.54745428, 20.28449443], [85.54851349, 20.28398071], [85.54871912, 20.28378297], [85.54913862, 20.28334645], [85.55048767, 20.28288466], [85.55142073, 20.28324293], [85.55194586, 20.28432565], [85.55248853, 20.28484691], [85.55231238, 20.28539994], [85.55184059, 20.2856289], [85.55134792, 20.28658512], [85.55185427, 20.28711218], [85.55248853, 20.28772152], [85.55231238, 20.28845421], [85.55195305, 20.2887995], [85.55212921, 20.2889932], [85.55240396, 20.28925743], [85.55266819, 20.28953219], [85.55428867, 20.28970834], [85.55463659, 20.29007048], [85.55675553, 20.29027769], [85.55706819, 20.29124074], [85.5575191, 20.29167411], [85.55734294, 20.29204747], [85.55715977, 20.29222363], [85.55662429, 20.29294579], [85.55591652, 20.29328932], [85.5555428, 20.29384059], [85.55536665, 20.29420343], [85.55518348, 20.29437958], [85.5549889, 20.29676503], [85.5545529, 20.29761176], [85.55423586, 20.29826497], [85.5530591, 20.29887116], [85.55194779, 20.29852815], [85.55107281, 20.29761755], [85.54963235, 20.29758808], [85.54943426, 20.29797284], [85.54925811, 20.29833568], [85.54891773, 20.29866272], [85.54889176, 20.29994177], [85.54923021, 20.30029408], [85.5503031, 20.30084675], [85.55163864, 20.30087395], [85.55363985, 20.30053269], [85.55445904, 20.30093009], [85.55448623, 20.3022623], [85.55428867, 20.30246793], [85.55356651, 20.30300341], [85.55339036, 20.30318658], [85.55302752, 20.30336274], [85.5526717, 20.30354591], [85.55177339, 20.30376487], [85.55203341, 20.30450282], [85.55363792, 20.30491391], [85.55482766, 20.30462389], [85.55518348, 20.30444071], [85.55554631, 20.30426456], [85.55620426, 20.30357977], [85.55680395, 20.30318658], [85.55732189, 20.30264759], [85.55805335, 20.30298604], [85.55823775, 20.30336625], [85.55859708, 20.30371154], [85.55842092, 20.30444422], [85.55823775, 20.30462038], [85.55784456, 20.30522007], [85.5570824, 20.30595224], [85.55680044, 20.30677633], [85.55648428, 20.30871806], [85.55626146, 20.30893229], [85.5560853, 20.30965445], [85.55590213, 20.31001027], [85.5556086, 20.31061505], [85.554648, 20.31108105], [85.55487959, 20.31180427], [85.55757945, 20.31185936], [85.55842092, 20.31145108], [85.55876621, 20.31109176], [85.55967856, 20.31126791], [85.56001929, 20.31162232], [85.56075303, 20.31181041], [85.56308865, 20.31200095], [85.5629125, 20.31288839], [85.56097077, 20.31320455], [85.56075654, 20.31342738], [85.55678465, 20.31361265], [85.55644463, 20.31396637], [85.5560853, 20.31431166], [85.55626146, 20.31450535], [85.55644463, 20.31468151], [85.55663026, 20.31487468], [85.55734294, 20.3152205], [85.5575191, 20.31540367], [85.55780982, 20.31568299], [85.55823775, 20.3172003], [85.55842092, 20.31737645], [85.5586069, 20.31813879], [85.55931573, 20.31951487], [85.55905904, 20.32006929], [85.5584425, 20.32008193], [85.55770666, 20.31972488], [85.5575191, 20.31917659], [85.55734294, 20.3186341], [85.55715977, 20.31845794], [85.55682922, 20.31777666], [85.55644463, 20.31737645], [85.55609986, 20.3170452], [85.55552824, 20.31627391], [85.55490854, 20.3156786], [85.55446833, 20.3152205], [85.5541055, 20.31504434], [85.55392935, 20.31486117], [85.55365459, 20.31459694], [85.55339036, 20.31432218], [85.55284066, 20.3137939], [85.55225185, 20.31318122], [85.55078893, 20.31282452], [85.55015642, 20.31216623], [85.54969832, 20.31172602], [85.54925811, 20.31126791], [85.54889913, 20.31092297], [85.5488879, 20.31037135], [85.54891668, 20.30895826], [85.54871912, 20.30875263], [85.54782571, 20.3080903], [85.54776343, 20.30503918], [85.54799696, 20.30408139], [85.54818013, 20.30390523], [85.54835628, 20.30300341], [85.54858209, 20.30234371], [85.54801275, 20.30175103], [85.54621875, 20.30154733], [85.54083324, 20.30165734], [85.53991212, 20.30121029], [85.53973596, 20.30102712], [85.53577987, 20.30085096], [85.53477084, 20.30064428], [85.5325719, 20.3006892], [85.53219047, 20.30032285], [85.53217187, 20.2994119], [85.53219345, 20.29835024], [85.531662, 20.29779704], [85.53115354, 20.29778669], [85.53038998, 20.29797284], [85.53021382, 20.29815602], [85.52859335, 20.29833217], [85.52776556, 20.29854429], [85.52697971, 20.29816303], [85.52674741, 20.29768423], [85.52598332, 20.29729051], [85.52446109, 20.29707804], [85.5241158, 20.29671871], [85.52320345, 20.29689487], [85.52285816, 20.29725419], [85.52140682, 20.29707804], [85.52106153, 20.29671871], [85.52086783, 20.29725419], [85.52069168, 20.29779669], [85.52033639, 20.29813812], [85.52028323, 20.30074604], [85.52050851, 20.30121029], [85.52069168, 20.30138644], [85.52103697, 20.30174577], [85.52158999, 20.30138995], [85.52193511, 20.30067867], [85.52230514, 20.30048813], [85.52301782, 20.30014231], [85.52337259, 20.29977298], [85.5264409, 20.29994914], [85.52678619, 20.30030846], [85.52823753, 20.30013231], [85.52855738, 20.29979948], [85.53020294, 20.29976597], [85.53039348, 20.29994914], [85.53056964, 20.30013231], [85.53093616, 20.30048444], [85.53140567, 20.30145224], [85.5323603, 20.30191543], [85.53254593, 20.3021086], [85.53325722, 20.30245372], [85.53344776, 20.30282375], [85.53369462, 20.30433965], [85.53415571, 20.30478267], [85.53445012, 20.30564291], [85.53398675, 20.30588153], [85.53362391, 20.30605768], [85.53344776, 20.30624085], [85.5331444, 20.30653246], [85.53290877, 20.3074985], [85.5327256, 20.30767465], [85.5321366, 20.30857296], [85.53092896, 20.30821715], [85.53058367, 20.30785782], [85.529312, 20.30803398], [85.52895986, 20.3084005], [85.52814577, 20.30918266], [85.52783346, 20.31078261], [85.52751537, 20.31108825], [85.52717043, 20.31215114], [85.52697989, 20.3123494], [85.5264409, 20.312611], [85.52661705, 20.31288839], [85.52689181, 20.31315262], [85.52733202, 20.31361072], [85.527701, 20.31396514], [85.52698392, 20.31431323], [85.52696936, 20.31501925], [85.52724043, 20.31557772], [85.52816489, 20.31559667], [85.52895618, 20.31540367], [85.52946289, 20.31487644], [85.53110301, 20.31484292], [85.5312925, 20.31558246], [85.53092896, 20.31611881], [85.53075281, 20.31648165], [85.53056964, 20.3166578], [85.53039348, 20.31684097], [85.52967132, 20.31737645], [85.52877652, 20.31881727], [85.5284979, 20.31908501], [85.52877652, 20.31935275], [85.5294578, 20.32039178], [85.52981414, 20.32076268], [85.53038998, 20.32115289], [85.53075281, 20.32132904], [85.53092896, 20.32151221], [85.53183079, 20.32222736], [85.53229697, 20.3234092], [85.53263401, 20.32375976], [85.53308211, 20.32419049], [85.53326458, 20.32456649], [85.53353934, 20.32510021], [85.53380357, 20.32618345], [85.5341629, 20.32652874], [85.53398675, 20.32941739], [85.53362742, 20.32976268], [85.53380357, 20.33085469], [85.53426168, 20.3312949], [85.53487102, 20.33192916], [85.53542405, 20.33175301], [85.53568828, 20.33147825], [85.53596304, 20.33121402], [85.53617762, 20.32967741], [85.53668169, 20.32869874], [85.53685785, 20.3283359], [85.53722437, 20.32798377], [85.5376351, 20.32713686], [85.538119, 20.32690211], [85.53829515, 20.32653927], [85.53951191, 20.32563727], [85.53901731, 20.32438331], [85.53865799, 20.32403802], [85.53883414, 20.323485], [85.53919347, 20.32313971], [85.53901731, 20.32168837], [85.53865799, 20.32134308], [85.53884835, 20.32035721], [85.53991212, 20.31971207], [85.54027495, 20.31953592], [85.54046058, 20.31934275], [85.54170875, 20.31873726], [85.5414103, 20.31795317], [85.53937558, 20.31791176], [85.53901731, 20.31845794], [85.53883414, 20.3186341], [85.53847674, 20.31954013], [85.53821321, 20.31899693], [85.53775616, 20.31917309], [85.5375372, 20.3200714], [85.53721577, 20.31989454], [85.5375765, 20.31919414], [85.53740034, 20.31881376], [85.53704102, 20.31811616], [85.5372591, 20.3172003], [85.538119, 20.31737645], [85.53846429, 20.31773578], [85.53901731, 20.31755963], [85.53919347, 20.31701713], [85.5395563, 20.31684097], [85.53991212, 20.3166578], [85.54063428, 20.31648165], [85.54081043, 20.31629848], [85.54288182, 20.31609583], [85.54423386, 20.31563299], [85.54419929, 20.31733312], [85.54458336, 20.31791895], [85.54494268, 20.31826424], [85.54474916, 20.32420365], [85.54422403, 20.3240275], [85.54404788, 20.32384432], [85.54376926, 20.32357658], [85.54422403, 20.32313971], [85.54404788, 20.32276635], [85.5438647, 20.32259019], [85.54351977, 20.32223122], [85.54262917, 20.32221297], [85.5424274, 20.32240702], [85.54225125, 20.32259019], [85.54176595, 20.32282565], [85.54115572, 20.32423611], [85.5411766, 20.32526724], [85.54099361, 20.32564446], [85.54027513, 20.32599309], [85.54026425, 20.32652804], [85.54078885, 20.32707405], [85.54126135, 20.3270837], [85.54168769, 20.32707493], [85.54232985, 20.32728336], [85.54279918, 20.32799921], [85.54314956, 20.3283359], [85.54341292, 20.32995287], [85.54620383, 20.32977671], [85.54637999, 20.32959354], [85.54728181, 20.32941739], [85.54763763, 20.32923422], [85.548517, 20.32894876], [85.54873491, 20.32809851], [85.54853945, 20.3268986], [85.54835628, 20.32600379], [85.54818013, 20.32438331], [85.54746148, 20.32369273], [85.54763763, 20.32312567], [85.54797222, 20.32214805], [85.54752867, 20.32032809], [85.54719373, 20.31997981], [85.54674282, 20.31954645], [85.54697302, 20.31882358], [85.54796801, 20.31880323], [85.54838628, 20.31900623], [85.54898335, 20.31962751], [85.54925811, 20.31989174], [85.54979359, 20.3206139], [85.55063558, 20.32102253], [85.5509163, 20.32246071], [85.55178111, 20.32329147], [85.55176321, 20.32417189], [85.55195288, 20.3247565], [85.55232238, 20.32511144], [85.55278557, 20.32606608], [85.55340351, 20.32636592], [85.55374617, 20.32672244], [85.55466449, 20.32726757], [85.55517032, 20.3277941], [85.55554631, 20.32797657], [85.55608004, 20.32825133], [85.55662429, 20.32851556], [85.55714223, 20.32905455], [85.55752261, 20.3288784], [85.55820775, 20.32746636], [85.55859725, 20.32709212], [85.5590143, 20.32580693], [85.56056986, 20.32583869], [85.56110867, 20.32527794], [85.56172855, 20.32468246], [85.56217051, 20.32339131], [85.56165486, 20.32312567], [85.56058004, 20.32291583], [85.56056986, 20.32241737], [85.56075672, 20.32187136], [85.56074935, 20.32151046], [85.5607804, 20.31998473], [85.56039722, 20.3184897], [85.56062039, 20.31662341], [85.5610992, 20.31612513], [85.56151485, 20.31592353], [85.56235807, 20.31504592], [85.56363115, 20.31450535], [85.56381678, 20.31431218], [85.56489248, 20.31379039], [85.56525092, 20.31305138], [85.56560744, 20.31270872], [85.56630645, 20.31164268], [85.56668191, 20.31128195], [85.56516355, 20.31073243], [85.56416663, 20.31090858], [85.56311672, 20.31126791], [85.56162836, 20.31069646], [85.56111587, 20.31020397], [85.56129202, 20.30875263], [85.56182171, 20.30824364], [85.56201067, 20.30785431], [85.56222209, 20.30744358], [85.56217981, 20.30537149], [85.56243597, 20.30484373], [85.56308865, 20.30462038], [85.56470562, 20.30430474], [85.56452947, 20.30372206], [85.56417733, 20.30338361], [85.56398697, 20.30282726], [85.56379748, 20.30088974], [85.56129027, 20.30058322], [85.56075654, 20.30030846], [85.56003438, 20.30013231], [85.55985823, 20.29994914], [85.55872656, 20.29972824], [85.55842092, 20.29941015], [85.5579844, 20.29899064], [85.55744558, 20.29741649], [85.55795738, 20.29636149], [85.55874972, 20.29634535], [85.55983015, 20.2967152], [85.56076426, 20.29612919], [85.56113464, 20.295047], [85.56092936, 20.29364198], [85.56096112, 20.29208449], [85.5604888, 20.29159305], [85.5600307, 20.29115284], [85.55935591, 20.29045051], [85.55730276, 20.29022733], [85.55680395, 20.28970834], [85.55626146, 20.28935253], [85.55599722, 20.28907777], [85.55572247, 20.28881354], [85.55554, 20.28843754], [85.55482766, 20.2877531], [85.55500469, 20.28610719], [85.55536665, 20.28575927], [85.5555428, 20.28539643], [85.55572598, 20.28504061], [85.55591494, 20.28465128], [85.55661587, 20.28397772], [85.55685554, 20.28304327], [85.55659271, 20.28142875], [85.55473906, 20.2808273], [85.55438026, 20.28045394], [85.5541055, 20.28018971], [85.55339036, 20.27856923], [85.55268732, 20.27789374], [85.55232238, 20.2771414], [85.55212921, 20.27695578], [85.55166742, 20.27625151], [85.55065049, 20.2760036], [85.55033257, 20.27569813], [85.55015642, 20.27551496], [85.54963884, 20.27501756], [85.54920986, 20.27436329], [85.54835979, 20.27371833], [85.54799696, 20.27354218], [85.54773272, 20.27326742], [85.54620383, 20.2729688], [85.54637999, 20.27228103], [85.54657018, 20.27172519], [85.54654947, 20.27070985], [85.54674265, 20.27011472], [85.5472855, 20.26959327], [85.5476471, 20.26921675], [85.54835979, 20.26887094], [85.54905739, 20.26851161], [85.55015642, 20.26868777], [85.55069015, 20.26896252], [85.5512344, 20.26922676], [85.55157618, 20.2695824], [85.55248853, 20.26976925], [85.55340773, 20.26994874], [85.55425727, 20.27083284], [85.55533858, 20.27120305], [85.55570597, 20.27057423], [85.55572948, 20.2694173], [85.55537595, 20.26904937], [85.55413199, 20.26874602], [85.55392935, 20.26832844], [85.55357055, 20.26763172], [85.55355282, 20.26676165], [85.55393215, 20.26597966], [85.55438026, 20.26554893], [85.55464449, 20.26527417], [85.5554156, 20.26470237], [85.55640726, 20.26367036], [85.55737663, 20.26342192], [85.55885394, 20.26367387], [85.56012597, 20.2636479], [85.56092199, 20.26366422], [85.56159854, 20.2632205], [85.56217542, 20.26210094], [85.56237, 20.26150124], [85.56255317, 20.26132509], [85.56272933, 20.26006394], [85.5629125, 20.25898947], [85.56311865, 20.25751269], [85.56345149, 20.25719284], [85.56406066, 20.25575782], [85.56452771, 20.25574834], [85.56575482, 20.25577326], [85.56650576, 20.25521655], [85.56682561, 20.25488371], [85.56899525, 20.25458088], [85.56928475, 20.25345167], [85.56847854, 20.25306059], [85.56830239, 20.25287742], [85.56722441, 20.25252757], [85.56740057, 20.25179944], [85.56775954, 20.2514545], [85.56777445, 20.25072321], [85.56623083, 20.25047197], [85.56560744, 20.24982315], [85.56398697, 20.24964699], [85.56345149, 20.24928416], [85.56308865, 20.249108], [85.56291074, 20.2489229], [85.56264476, 20.24919959], [85.56237, 20.24946382], [85.56190382, 20.25017475], [85.56075303, 20.25036213], [85.5597119, 20.250629], [85.55517558, 20.25018528], [85.55482766, 20.24982315], [85.55398409, 20.24961752], [85.55320718, 20.249108], [85.55294664, 20.24857112], [85.55233396, 20.24855849], [85.55177918, 20.2488278], [85.5517697, 20.24928749], [85.55202779, 20.24978823], [85.55176988, 20.2505418], [85.55159373, 20.2510843], [85.55140862, 20.2512622], [85.55204797, 20.25187646], [85.55160057, 20.25234211], [85.5503617, 20.25231685], [85.54871561, 20.25251809], [85.54809907, 20.25272898], [85.54629191, 20.25269214], [85.54445861, 20.25272951], [85.54404788, 20.25251809], [85.54333519, 20.25217227], [85.54298043, 20.25180295], [85.54260706, 20.2519791], [85.54226212, 20.25233808], [85.54135644, 20.2523565], [85.54099361, 20.2519791], [85.54063428, 20.25163381], [85.54081043, 20.24946382], [85.54116976, 20.24911853], [85.54099361, 20.24874517], [85.54064954, 20.24841461], [85.5406234, 20.24712995], [85.5406541, 20.24561949], [85.54009529, 20.24533157], [85.53937822, 20.24498365], [85.53901731, 20.24443325], [85.53867325, 20.2441027], [85.53865097, 20.24300683], [85.53883414, 20.24281629], [85.53919347, 20.242471], [85.53901731, 20.24209763], [85.53883414, 20.24192148], [85.53857254, 20.24138249], [85.5364908, 20.24155917], [85.53597497, 20.24209605], [85.53470189, 20.24263662], [85.53394043, 20.24443045], [85.53238469, 20.2444622], [85.53201098, 20.24373653], [85.5319822, 20.24232502], [85.53254593, 20.24173831], [85.53308282, 20.24147776], [85.53310299, 20.24048768], [85.53262717, 20.24003028], [85.5321831, 20.23849578], [85.53219029, 20.23814522], [85.53200694, 20.23778923], [85.53183079, 20.23724673], [85.53130864, 20.23699338], [85.53128461, 20.23581118], [85.53129917, 20.23509779], [85.53110863, 20.23491462], [85.53086264, 20.23440774], [85.53021031, 20.23419597], [85.5298545, 20.2340128], [85.5294785, 20.23383033], [85.52896934, 20.23330046], [85.52844579, 20.23304658], [85.52819682, 20.23207475], [85.52849632, 20.23031865], [85.52818437, 20.229357], [85.52661705, 20.2291654], [85.52626123, 20.22898223], [85.52552977, 20.2288038], [85.52518326, 20.22844324], [85.52425968, 20.22821796], [85.52341189, 20.22740351], [85.52284764, 20.22630834], [85.52302625, 20.22519387], [85.52356278, 20.22415238], [85.52315661, 20.22327495], [85.5224562, 20.22304756], [85.52176966, 20.22269402], [85.52140682, 20.22251787], [85.52121154, 20.22211538], [85.52050851, 20.22143989], [85.52016322, 20.22108057], [85.51978986, 20.22125672], [85.51944457, 20.22161605], [85.51889715, 20.22135795], [85.51888452, 20.2207351], [85.51925438, 20.21982292], [85.51943053, 20.21694481], [85.51979705, 20.21659267], [85.52014918, 20.21622615], [85.52033235, 20.21605], [85.52050851, 20.21586683], [85.52086783, 20.21552154], [85.52069168, 20.21496851], [85.52033235, 20.21462322], [85.52050851, 20.21389053], [85.52070168, 20.21370491], [85.5210475, 20.21299222], [85.52123067, 20.2126364], [85.52143542, 20.21137876], [85.52222776, 20.21165018], [85.52265394, 20.2120939], [85.52338277, 20.21175019], [85.52338996, 20.21139315], [85.52303344, 20.210658], [85.52229584, 20.21047816], [85.52177896, 20.20994023], [85.52033762, 20.2095888], [85.51990021, 20.20873978], [85.52050851, 20.20815535], [85.52028621, 20.20745705], [85.5172579, 20.20724546], [85.51655943, 20.2058057], [85.51602974, 20.20529671], [85.51582797, 20.20488089], [85.51520669, 20.20428382], [85.51476648, 20.20382572], [85.51439996, 20.20347359], [85.51422381, 20.20329041], [85.51397747, 20.20305355], [85.51439996, 20.20223349], [85.51406239, 20.20150413], [85.51368131, 20.20113797], [85.51333602, 20.20077864], [85.51206434, 20.20095479], [85.51187872, 20.20114797], [85.51098987, 20.20157923], [85.51120059, 20.20234122], [85.51188468, 20.20257527], [85.51332199, 20.20285582], [85.51311004, 20.20359921], [85.51242718, 20.20383291], [85.51170502, 20.20400907], [85.51136236, 20.20436558], [85.51028684, 20.20488738], [85.50977031, 20.20542496], [85.50897972, 20.20594325], [85.50901551, 20.20769391], [85.50900814, 20.20805324], [85.50902025, 20.20864504], [85.50878409, 20.21002953], [85.50905516, 20.21161878], [85.50847459, 20.21191775], [85.50775243, 20.2120939], [85.5074882, 20.21236866], [85.50703729, 20.21280203], [85.50721344, 20.21299573], [85.50757628, 20.21317188], [85.50792157, 20.21353121], [85.50829493, 20.21335505], [85.50864022, 20.21299573], [85.50955257, 20.21317188], [85.50972872, 20.21335505], [85.51086443, 20.21363192], [85.51116603, 20.21425337], [85.51144465, 20.21452111], [85.51116603, 20.21478885], [85.5107853, 20.21536942], [85.51009437, 20.21603333], [85.50990856, 20.21641634], [85.50864496, 20.21702937], [85.50866285, 20.21790699], [85.50775243, 20.21820245], [85.5074596, 20.21940307], [85.50703729, 20.21980889], [85.50721344, 20.22018225], [85.50739661, 20.2203584], [85.50757277, 20.22072124], [85.50793209, 20.22141884], [85.50758329, 20.22501859], [85.50739661, 20.22521282], [85.50721344, 20.22538897], [85.5068299, 20.22578795], [85.50452236, 20.22574093], [85.50451481, 20.22610745], [85.50478974, 20.22611306], [85.50541646, 20.22610025], [85.5054233, 20.2264273], [85.50524066, 20.22754844], [85.5048801, 20.22789495], [85.50461552, 20.22898013], [85.50383037, 20.22899627], [85.5028124, 20.22864782], [85.50162739, 20.22935121], [85.50128807, 20.22970439], [85.49949354, 20.23014197], [85.49948425, 20.23059569], [85.49976076, 20.23113257], [85.49930827, 20.23114187], [85.49913211, 20.23041953], [85.49894894, 20.23024338], [85.49828292, 20.22934507], [85.49733846, 20.2295607], [85.4973318, 20.22988388], [85.49751515, 20.23041953], [85.49769305, 20.2320558], [85.49840276, 20.23273778], [85.49868559, 20.23356399], [85.49850154, 20.23482303]], [[85.55581405, 20.3230376], [85.55596108, 20.32333341], [85.55485942, 20.32345728], [85.55467572, 20.32310514], [85.55581405, 20.3230376]], [[85.55473607, 20.32034265], [85.55466414, 20.32075093], [85.55450255, 20.32044266], [85.55473607, 20.32034265]], [[85.53533246, 20.31710871], [85.53558547, 20.31757436], [85.53597778, 20.31772104], [85.53612446, 20.31801194], [85.53576513, 20.31826003], [85.53539089, 20.31880218], [85.5346089, 20.31897868], [85.53421431, 20.31840724], [85.53445485, 20.317334], [85.53533246, 20.31710871]], [[85.54431562, 20.3079459], [85.54439387, 20.30822697], [85.54476828, 20.30884772], [85.54493286, 20.31038293], [85.54513568, 20.31053943], [85.54529218, 20.31235922], [85.54561326, 20.31317595], [85.54542184, 20.31447167], [85.54477092, 20.314738], [85.54459669, 20.31431236], [85.54407209, 20.31360493], [85.54385488, 20.3134372], [85.54369838, 20.31107842], [85.54332484, 20.31012817], [85.54295656, 20.30984394], [85.54280006, 20.30868403], [85.5432608, 20.30832838], [85.54349555, 20.30802415], [85.54431562, 20.3079459]], [[85.53084089, 20.31243747], [85.53091914, 20.31253889], [85.53137514, 20.31289084], [85.5310409, 20.31374108], [85.5291676, 20.31346422], [85.52896601, 20.31334333], [85.53008346, 20.31256608], [85.53084089, 20.31243747]], [[85.53641044, 20.30291533], [85.5364708, 20.3032143], [85.53674626, 20.30356117], [85.53635219, 20.30369434], [85.53600006, 20.30299815], [85.53641044, 20.30291533]], [[85.54413595, 20.28441004], [85.54401419, 20.28464111], [85.54353503, 20.28448811], [85.54413595, 20.28441004]], [[85.54790888, 20.27740318], [85.54799362, 20.27767776], [85.54872245, 20.27784725], [85.5490716, 20.27862327], [85.54871227, 20.27928455], [85.54854279, 20.28001338], [85.54835295, 20.28036253], [85.54818346, 20.28073203], [85.54761412, 20.28124067], [85.54710548, 20.28181001], [85.54642139, 20.28242129], [85.54620717, 20.28288799], [85.54591557, 20.28314854], [85.54493935, 20.28359647], [85.54476986, 20.28378631], [85.54437229, 20.28395579], [85.54405121, 20.28359647], [85.54368171, 20.28342698], [85.54351222, 20.28305748], [85.54328203, 20.28263394], [85.54243758, 20.28187949], [85.54225458, 20.28093977], [85.54512919, 20.28073203], [85.54541342, 20.28041376], [85.54601733, 20.27946422], [85.54623208, 20.27927245], [85.54655632, 20.2785659], [85.54681423, 20.27809148], [85.54746481, 20.27767776], [85.5476343, 20.27748792], [85.54790888, 20.27740318]], [[85.54431562, 20.29608814], [85.54425526, 20.29674643], [85.54353871, 20.29686714], [85.54317869, 20.29615551], [85.54431562, 20.29608814]], [[85.54359696, 20.28710498], [85.54353538, 20.28732395], [85.543378, 20.28716657], [85.54359696, 20.28710498]], [[85.53964438, 20.27111497], [85.53964438, 20.27183362], [85.53928505, 20.27183362], [85.53928505, 20.27111497], [85.53964438, 20.27111497]], [[85.54413595, 20.26877935], [85.54421421, 20.26888076], [85.54452704, 20.26912219], [85.54493286, 20.26967398], [85.5435324, 20.27024719], [85.54333905, 20.27049773], [85.54250828, 20.27065423], [85.54226107, 20.26924834], [85.54318553, 20.26887006], [85.54413595, 20.26877935]], [[85.55761068, 20.25422664], [85.55772438, 20.25454369], [85.55767525, 20.25536989], [85.5567529, 20.2559566], [85.55638164, 20.25637207], [85.55561737, 20.25664701], [85.55536998, 20.25610802], [85.55518014, 20.25593853], [85.55501066, 20.25554096], [85.55536998, 20.25521988], [85.55593476, 20.25433174], [85.55761068, 20.25422664]], [[85.52886459, 20.25422664], [85.52897092, 20.25447965], [85.5291176, 20.25545656], [85.52843368, 20.25573729], [85.52771328, 20.25524409], [85.52831982, 20.25431244], [85.52886459, 20.25422664]], [[85.52796628, 20.25027406], [85.52804453, 20.25037547], [85.52912251, 20.25081673], [85.52896443, 20.25145976], [85.52824735, 20.25125062], [85.52732588, 20.25109412], [85.52704849, 20.25073479], [85.52660723, 20.2508913], [85.52632984, 20.25125062], [85.52591173, 20.25045214], [85.52625562, 20.25035003], [85.52691269, 20.25044705], [85.52796628, 20.25027406]], [[85.53910539, 20.24955541], [85.53935488, 20.25020458], [85.5383648, 20.25071321], [85.53812724, 20.2496777], [85.53910539, 20.24955541]], [[85.52796628, 20.24704012], [85.52789662, 20.24760929], [85.52750958, 20.24781755], [85.52736851, 20.24711329], [85.52796628, 20.24704012]], [[85.53012224, 20.24021293], [85.5300503, 20.2406212], [85.52988871, 20.24031293], [85.53012224, 20.24021293]], [[85.52724763, 20.23374506], [85.52718604, 20.23396402], [85.52702866, 20.23380664], [85.52724763, 20.23374506]], [[85.51413222, 20.22404325], [85.51439014, 20.22472962], [85.51418696, 20.22672311], [85.51308828, 20.22719964], [85.51263, 20.22775126], [85.51204118, 20.22824042], [85.51161694, 20.22875116], [85.51135569, 20.22843675], [85.51115954, 20.22827358], [85.51091636, 20.22798092], [85.51101461, 20.22701787], [85.51289879, 20.2267768], [85.51319478, 20.22413677], [85.51413222, 20.22404325]], [[85.51628818, 20.22260595], [85.51636643, 20.22270736], [85.51690788, 20.22312529], [85.51723334, 20.22466733], [85.51590727, 20.22484015], [85.51549128, 20.22430117], [85.5143154, 20.2238199], [85.51459296, 20.22360567], [85.51522529, 20.22278649], [85.51628818, 20.22260595]], [[85.51556953, 20.20967021], [85.51582744, 20.21031061], [85.51605658, 20.21069046], [85.51564778, 20.2110061], [85.51549128, 20.21120892], [85.51505001, 20.21136543], [85.51469437, 20.21090469], [85.51425872, 20.21056852], [85.51459296, 20.21031061], [85.51481736, 20.20976214], [85.51556953, 20.20967021]], [[85.51413222, 20.20697526], [85.5142789, 20.20754723], [85.51459787, 20.20776725], [85.51474455, 20.20805815], [85.51438523, 20.20830624], [85.51423855, 20.20851889], [85.51376974, 20.20884242], [85.51284932, 20.20863609], [85.51253596, 20.2081822], [85.51267123, 20.20757882], [85.5135199, 20.20726125], [85.51366657, 20.2070486], [85.51413222, 20.20697526]]]]}, "geometry_name": "geom", "properties": {"id": 16003, "gridcode": 1, "from_time": "16-08-2022 00:00", "to_time": "16-08-2022 00:00"}}]}