{"type": "FeatureCollection", "features": [{"type": "Feature", "id": "odflood50dsc18082022_1800hrs.17759", "geometry": {"type": "MultiPolygon", "coordinates": [[[[85.87440493, 20.56091688], [85.87402837, 20.56101356], [85.87433265, 20.56225243], [85.87522987, 20.56242753], [85.87531264, 20.56278685], [85.87448376, 20.56260105], [85.87433155, 20.56277405], [85.87469088, 20.56332584], [85.87486571, 20.56379307], [85.8753722, 20.56414275], [85.87584632, 20.56331216], [85.87572955, 20.56279124], [85.87595694, 20.56263439], [85.87562121, 20.56155132], [85.87537023, 20.56137815], [85.87541523, 20.56117743], [85.87529829, 20.56102321], [85.8750502, 20.56138253], [85.87456209, 20.56152921], [85.87440493, 20.56091688]]]]}, "geometry_name": "geom", "properties": {"id": 17759, "gridcode": 1, "from_time": "18-08-2022 18:00", "to_time": "18-08-2022 18:00"}}, {"type": "Feature", "id": "odflood50dsc18082022_1800hrs.17761", "geometry": {"type": "MultiPolygon", "coordinates": [[[[85.87296763, 20.56055756], [85.8723993, 20.56064721], [85.87231596, 20.56101882], [85.87257957, 20.56120077], [85.87218998, 20.56278685], [85.87321681, 20.56261649], [85.87343806, 20.56208978], [85.87339665, 20.56190503], [85.87352017, 20.56135394], [85.87304101, 20.56102321], [85.87296763, 20.56055756]]]]}, "geometry_name": "geom", "properties": {"id": 17761, "gridcode": 1, "from_time": "18-08-2022 18:00", "to_time": "18-08-2022 18:00"}}, {"type": "Feature", "id": "odflood50dsc18082022_1800hrs.17768", "geometry": {"type": "MultiPolygon", "coordinates": [[[[85.8663201, 20.56001857], [85.8663201, 20.56019823], [85.86649976, 20.56019823], [85.86649976, 20.56001857], [85.8663201, 20.56001857]]]]}, "geometry_name": "geom", "properties": {"id": 17768, "gridcode": 1, "from_time": "18-08-2022 18:00", "to_time": "18-08-2022 18:00"}}, {"type": "Feature", "id": "odflood50dsc18082022_1800hrs.17771", "geometry": {"type": "MultiPolygon", "coordinates": [[[[85.86649976, 20.56019823], [85.86658292, 20.56047439], [85.86713621, 20.56136095], [85.86710985, 20.56168922], [85.86730241, 20.56191275], [85.86749413, 20.56189731], [85.8676609, 20.56227102], [85.868074, 20.56245542], [85.86852281, 20.56297634], [85.86891284, 20.56269351], [85.8691844, 20.56179169], [85.86981015, 20.56144254], [85.87089484, 20.56095847], [85.87064574, 20.55994435], [85.87035751, 20.55992119], [85.87000986, 20.56011507], [85.86934257, 20.56031596], [85.86911154, 20.56083372], [85.86875691, 20.56113936], [85.86833802, 20.56207803], [85.86768371, 20.56173554], [85.86748027, 20.56137095], [85.86756581, 20.56030701], [85.86649976, 20.56019823]]]]}, "geometry_name": "geom", "properties": {"id": 17771, "gridcode": 1, "from_time": "18-08-2022 18:00", "to_time": "18-08-2022 18:00"}}, {"type": "Feature", "id": "odflood50dsc18082022_1800hrs.17787", "geometry": {"type": "MultiPolygon", "coordinates": [[[[85.87332695, 20.55858126], [85.87288775, 20.55870689], [85.87341029, 20.5597975], [85.87378607, 20.5600984], [85.87419378, 20.56060756], [85.87541699, 20.56088548], [85.87585939, 20.56013296], [85.87512144, 20.56004103], [85.87463254, 20.56032842], [85.87396573, 20.55937975], [85.87332695, 20.55858126]]]]}, "geometry_name": "geom", "properties": {"id": 17787, "gridcode": 1, "from_time": "18-08-2022 18:00", "to_time": "18-08-2022 18:00"}}, {"type": "Feature", "id": "odflood50dsc18082022_1800hrs.17828", "geometry": {"type": "MultiPolygon", "coordinates": [[[[85.8760219, 20.55606598], [85.87533246, 20.55649637], [85.8743977, 20.55670866], [85.87380739, 20.55666129], [85.87306825, 20.55718519], [85.87288446, 20.55762505], [85.87360312, 20.55794578], [85.87422738, 20.55829405], [85.87486076, 20.55848477], [85.87540058, 20.55934659], [85.876573, 20.5596996], [85.87700338, 20.56083372], [85.87779015, 20.56100005], [85.87844068, 20.56053528], [85.8779017, 20.56029473], [85.87684359, 20.55941958], [85.87648852, 20.55900744], [85.87592887, 20.55905235], [85.87558945, 20.55755838], [85.8762914, 20.5576147], [85.87682455, 20.55757189], [85.87700338, 20.55777945], [85.87723278, 20.55794578], [85.87756777, 20.55755697], [85.87752816, 20.55706395], [85.87768532, 20.55688113], [85.877902, 20.55760084], [85.8782397, 20.55757364], [85.87918601, 20.55792121], [85.87969833, 20.55771137], [85.87941317, 20.55688113], [85.87916811, 20.5574303], [85.87899301, 20.55722712], [85.87825484, 20.55676481], [85.87830142, 20.55618511], [85.87737437, 20.55670235], [85.87718971, 20.55668761], [85.87701005, 20.556702], [85.87619367, 20.55663638], [85.8760219, 20.55606598]], [[85.87512359, 20.55804228], [85.87506209, 20.55826124], [85.87490453, 20.55810386], [85.87512359, 20.55804228]], [[85.8745846, 20.55732362], [85.87451893, 20.55764874], [85.87400324, 20.55739696], [85.8745846, 20.55732362]]]]}, "geometry_name": "geom", "properties": {"id": 17828, "gridcode": 1, "from_time": "18-08-2022 18:00", "to_time": "18-08-2022 18:00"}}, {"type": "Feature", "id": "odflood50dsc18082022_1800hrs.17832", "geometry": {"type": "MultiPolygon", "coordinates": [[[[85.8663201, 20.56001857], [85.86650445, 20.55943624], [85.86767832, 20.55921219], [85.86765687, 20.5586711], [85.86767731, 20.55815597], [85.86731166, 20.55758961], [85.86622684, 20.55741696], [85.86572869, 20.5568792], [85.86547389, 20.55794893], [85.86472589, 20.55717098], [85.86504605, 20.55656585], [85.86315603, 20.55615564], [85.86268109, 20.55564297], [85.86246023, 20.55634056], [85.86127194, 20.55602914], [85.86101517, 20.55651444], [85.86120974, 20.55706957], [85.86119259, 20.55750329], [85.8612165, 20.55810684], [85.86102346, 20.55831528], [85.86022471, 20.55856811], [85.86066413, 20.55920658], [85.86086516, 20.56005068], [85.86189554, 20.55968942], [85.86264042, 20.55992523], [85.86318367, 20.56021279], [85.86316547, 20.55975311], [85.86362844, 20.55973469], [85.86397276, 20.56046422], [85.86497604, 20.55975258], [85.86544012, 20.55903393], [85.86569496, 20.55920693], [85.86567777, 20.559641], [85.8663201, 20.56001857]], [[85.86254717, 20.55876093], [85.86247519, 20.5591692], [85.86231364, 20.55886094], [85.86254717, 20.55876093]], [[85.86452347, 20.55804228], [85.86468887, 20.55846301], [85.86426555, 20.55824141], [85.86452347, 20.55804228]], [[85.8629065, 20.55750329], [85.862845, 20.55772225], [85.86268745, 20.55756487], [85.8629065, 20.55750329]]]]}, "geometry_name": "geom", "properties": {"id": 17832, "gridcode": 1, "from_time": "18-08-2022 18:00", "to_time": "18-08-2022 18:00"}}, {"type": "Feature", "id": "odflood50dsc18082022_1800hrs.17857", "geometry": {"type": "MultiPolygon", "coordinates": [[[[85.86021155, 20.5535507], [85.8599925, 20.55361228], [85.86015006, 20.55376966], [85.86021155, 20.5535507]]]]}, "geometry_name": "geom", "properties": {"id": 17857, "gridcode": 1, "from_time": "18-08-2022 18:00", "to_time": "18-08-2022 18:00"}}, {"type": "Feature", "id": "odflood50dsc18082022_1800hrs.17858", "geometry": {"type": "MultiPolygon", "coordinates": [[[[85.86344549, 20.5535507], [85.86296264, 20.55362106], [85.8627353, 20.55435094], [85.8630594, 20.55487677], [85.86337697, 20.55473991], [85.86344549, 20.5535507]]]]}, "geometry_name": "geom", "properties": {"id": 17858, "gridcode": 1, "from_time": "18-08-2022 18:00", "to_time": "18-08-2022 18:00"}}, {"type": "Feature", "id": "odflood50dsc18082022_1800hrs.17869", "geometry": {"type": "MultiPolygon", "coordinates": [[[[85.85661829, 20.55301171], [85.85671821, 20.55324524], [85.85702657, 20.55308365], [85.85661829, 20.55301171]]]]}, "geometry_name": "geom", "properties": {"id": 17869, "gridcode": 1, "from_time": "18-08-2022 18:00", "to_time": "18-08-2022 18:00"}}, {"type": "Feature", "id": "odflood50dsc18082022_1800hrs.17875", "geometry": {"type": "MultiPolygon", "coordinates": [[[[85.85661829, 20.55301171], [85.85651341, 20.55239447], [85.85619041, 20.55268151], [85.85661829, 20.55301171]]]]}, "geometry_name": "geom", "properties": {"id": 17875, "gridcode": 1, "from_time": "18-08-2022 18:00", "to_time": "18-08-2022 18:00"}}, {"type": "Feature", "id": "odflood50dsc18082022_1800hrs.17883", "geometry": {"type": "MultiPolygon", "coordinates": [[[[85.85320469, 20.55247272], [85.85384347, 20.55273221], [85.85400322, 20.55311154], [85.85426144, 20.5535507], [85.85384347, 20.55426181], [85.85419894, 20.55437427], [85.8550812, 20.55327103], [85.85492145, 20.55309154], [85.85418288, 20.55293188], [85.85372868, 20.5518539], [85.85328457, 20.55219323], [85.85320469, 20.55247272]]]]}, "geometry_name": "geom", "properties": {"id": 17883, "gridcode": 1, "from_time": "18-08-2022 18:00", "to_time": "18-08-2022 18:00"}}, {"type": "Feature", "id": "odflood50dsc18082022_1800hrs.17890", "geometry": {"type": "MultiPolygon", "coordinates": [[[[85.85356402, 20.5584016], [85.85289976, 20.55814632], [85.85240617, 20.55864197], [85.85294515, 20.55937975], [85.8531049, 20.55975908], [85.85330448, 20.5600984], [85.85348344, 20.56052317], [85.85387948, 20.56002875], [85.85377535, 20.55919166], [85.85401962, 20.55922202], [85.85446018, 20.55896305], [85.85512278, 20.55904551], [85.85507997, 20.55938975], [85.85510234, 20.55956941], [85.85507997, 20.55974907], [85.85511984, 20.56006963], [85.85601982, 20.55972363], [85.85596714, 20.55929992], [85.85602658, 20.55882181], [85.85652846, 20.55888427], [85.85724194, 20.55879549], [85.85777614, 20.55848143], [85.85837974, 20.55832177], [85.85817117, 20.55999839], [85.85892571, 20.56027806], [85.85921345, 20.55991874], [85.8597513, 20.55948818], [85.8599321, 20.55872847], [85.85939311, 20.55850143], [85.85923336, 20.55807052], [85.85959269, 20.55778278], [85.85986639, 20.557441], [85.85970765, 20.55616476], [85.86013168, 20.55598615], [85.86029143, 20.55532101], [85.85861656, 20.5549587], [85.85833505, 20.55562682], [85.85732321, 20.5561988], [85.85668369, 20.55611932], [85.85577831, 20.55724993], [85.85582099, 20.55759312], [85.85578748, 20.55786261], [85.85586481, 20.55848459], [85.85538885, 20.5586611], [85.85476244, 20.55787893], [85.85456212, 20.55740345], [85.85413819, 20.55688447], [85.85424486, 20.5577419], [85.85403783, 20.55794244], [85.85373451, 20.55654076], [85.8542028, 20.55616581], [85.85451918, 20.5557707], [85.85472187, 20.55509117], [85.85346423, 20.55490817], [85.85330448, 20.55462113], [85.85368605, 20.55397196], [85.85328457, 20.55365053], [85.85320469, 20.55247272], [85.85238954, 20.55203023], [85.851683, 20.55147685], [85.85146263, 20.55149457], [85.85150513, 20.55202356], [85.85147237, 20.55243131], [85.84976526, 20.55229411], [85.84952827, 20.55256922], [85.84858021, 20.55309487], [85.84825812, 20.55272099], [85.8478148, 20.5527566], [85.84752294, 20.55273327], [85.84755974, 20.55319137], [85.84752364, 20.55364053], [85.8479113, 20.55381353], [85.84811623, 20.55405144], [85.84807666, 20.55454411], [85.84846424, 20.55509082], [85.84842454, 20.55558472], [85.84938501, 20.55614915], [85.84985184, 20.55560735], [85.85008151, 20.55562577], [85.85002892, 20.55628056], [85.85078591, 20.55650847], [85.85095224, 20.55688113], [85.85117475, 20.5570729], [85.85167172, 20.5570329], [85.85198236, 20.55739345], [85.8523287, 20.55758645], [85.8525692, 20.55704746], [85.85279111, 20.55688113], [85.85274632, 20.55743837], [85.85348085, 20.55776611], [85.85356402, 20.5584016]], [[85.85356402, 20.5584016], [85.85378307, 20.55846319], [85.85362551, 20.55862057], [85.85356402, 20.5584016]], [[85.85733694, 20.55768295], [85.85748073, 20.55802526], [85.85661162, 20.55829528], [85.85636524, 20.55793227], [85.85733694, 20.55768295]], [[85.85877425, 20.55750329], [85.85871275, 20.55772225], [85.8585552, 20.55756487], [85.85877425, 20.55750329]], [[85.85859458, 20.55678463], [85.85853309, 20.5570036], [85.85837553, 20.55684622], [85.85859458, 20.55678463]], [[85.85230638, 20.55588632], [85.85245069, 20.55617669], [85.85207544, 20.556306], [85.8518867, 20.55597106], [85.85230638, 20.55588632]], [[85.85050975, 20.55373036], [85.85067129, 20.5541604], [85.85007669, 20.55441813], [85.85064897, 20.55489361], [85.85008844, 20.55506959], [85.84983535, 20.55392827], [85.85050975, 20.55373036]], [[85.85230638, 20.55444901], [85.85224488, 20.55466798], [85.85208733, 20.5545106], [85.85230638, 20.55444901]], [[85.85104874, 20.55337104], [85.85098724, 20.55359], [85.85082968, 20.55343262], [85.85104874, 20.55337104]], [[85.85230638, 20.55265238], [85.85254569, 20.55313382], [85.8522219, 20.55361105], [85.85206636, 20.55307207], [85.8517852, 20.55271818], [85.85230638, 20.55265238]]]]}, "geometry_name": "geom", "properties": {"id": 17890, "gridcode": 1, "from_time": "18-08-2022 18:00", "to_time": "18-08-2022 18:00"}}, {"type": "Feature", "id": "odflood50dsc18082022_1800hrs.17902", "geometry": {"type": "MultiPolygon", "coordinates": [[[[85.86470313, 20.55067609], [85.86398448, 20.55067609], [85.86398448, 20.55121508], [85.86470313, 20.55121508], [85.86470313, 20.55067609]]]]}, "geometry_name": "geom", "properties": {"id": 17902, "gridcode": 1, "from_time": "18-08-2022 18:00", "to_time": "18-08-2022 18:00"}}, {"type": "Feature", "id": "odflood50dsc18082022_1800hrs.17940", "geometry": {"type": "MultiPolygon", "coordinates": [[[[85.85320469, 20.54834047], [85.85223299, 20.54842697], [85.85312947, 20.54863365], [85.85320469, 20.54834047]]]]}, "geometry_name": "geom", "properties": {"id": 17940, "gridcode": 1, "from_time": "18-08-2022 18:00", "to_time": "18-08-2022 18:00"}}, {"type": "Feature", "id": "odflood50dsc18082022_1800hrs.17953", "geometry": {"type": "MultiPolygon", "coordinates": [[[[85.85158773, 20.54726249], [85.85079082, 20.54739794], [85.85104681, 20.54822379], [85.85220497, 20.54839504], [85.85204846, 20.54787973], [85.85166598, 20.54772323], [85.85158773, 20.54726249]]]]}, "geometry_name": "geom", "properties": {"id": 17953, "gridcode": 1, "from_time": "18-08-2022 18:00", "to_time": "18-08-2022 18:00"}}, {"type": "Feature", "id": "odflood50dsc18082022_1800hrs.17966", "geometry": {"type": "MultiPolygon", "coordinates": [[[[85.85050975, 20.54564552], [85.84991553, 20.54575395], [85.84986132, 20.54642874], [85.85061954, 20.54696633], [85.85050975, 20.54564552]]]]}, "geometry_name": "geom", "properties": {"id": 17966, "gridcode": 1, "from_time": "18-08-2022 18:00", "to_time": "18-08-2022 18:00"}}, {"type": "Feature", "id": "odflood50dsc18082022_1800hrs.17974", "geometry": {"type": "MultiPolygon", "coordinates": [[[[85.83451973, 20.54546586], [85.83475326, 20.54536585], [85.83459171, 20.54505758], [85.83451973, 20.54546586]]]]}, "geometry_name": "geom", "properties": {"id": 17974, "gridcode": 1, "from_time": "18-08-2022 18:00", "to_time": "18-08-2022 18:00"}}, {"type": "Feature", "id": "odflood50dsc18082022_1800hrs.17978", "geometry": {"type": "MultiPolygon", "coordinates": [[[[85.84583851, 20.5452862], [85.84625819, 20.54520145], [85.84596825, 20.54468685], [85.84562362, 20.54485388], [85.84583851, 20.5452862]]]]}, "geometry_name": "geom", "properties": {"id": 17978, "gridcode": 1, "from_time": "18-08-2022 18:00", "to_time": "18-08-2022 18:00"}}, {"type": "Feature", "id": "odflood50dsc18082022_1800hrs.17987", "geometry": {"type": "MultiPolygon", "coordinates": [[[[85.86506245, 20.54438788], [85.86452347, 20.54438788], [85.86452347, 20.54474721], [85.86506245, 20.54474721], [85.86506245, 20.54438788]]]]}, "geometry_name": "geom", "properties": {"id": 17987, "gridcode": 1, "from_time": "18-08-2022 18:00", "to_time": "18-08-2022 18:00"}}, {"type": "Feature", "id": "odflood50dsc18082022_1800hrs.17991", "geometry": {"type": "MultiPolygon", "coordinates": [[[[85.83505872, 20.54834047], [85.83465185, 20.54819783], [85.8343299, 20.5485454], [85.83406005, 20.54878612], [85.83407426, 20.54842714], [85.83367511, 20.54789482], [85.83299602, 20.54825415], [85.83221728, 20.54850066], [85.83164513, 20.54819783], [85.83107162, 20.54850136], [85.83137905, 20.54878612], [85.83155187, 20.54907088], [85.83067479, 20.54948477], [85.83137905, 20.55040309], [85.83155187, 20.55076943], [85.83184742, 20.55104314], [85.83258296, 20.5513014], [85.83214473, 20.55005113], [85.83318261, 20.55041484], [85.83316858, 20.5507689], [85.83341636, 20.55123701], [85.83390859, 20.55166073], [85.83385977, 20.55042888], [85.834074, 20.55023044], [85.83432428, 20.54996025], [85.83524944, 20.5506696], [85.83550446, 20.5498641], [85.83587063, 20.54933213], [85.83604687, 20.54859224], [85.83680421, 20.54862225], [85.83676184, 20.5496911], [85.83694861, 20.5498641], [85.83712143, 20.55005078], [85.83780745, 20.55049362], [85.83816839, 20.54972882], [85.8387384, 20.55008341], [85.83812637, 20.55065047], [85.83822581, 20.5513014], [85.83857172, 20.55092821], [85.84038295, 20.55099997], [85.8414083, 20.55178618], [85.84197233, 20.55274572], [85.84211313, 20.55291837], [85.84319795, 20.55208655], [85.84267664, 20.55184057], [85.84305715, 20.55148808], [85.84322997, 20.55076241], [85.84359614, 20.55023044], [85.84376896, 20.5498641], [85.84467622, 20.54861049], [85.84448761, 20.54825415], [85.84413513, 20.54698949], [85.84394862, 20.54663718], [85.84375365, 20.54622399], [85.84332322, 20.54582519], [85.84322997, 20.5455592], [85.84300412, 20.54484581], [85.84251474, 20.54482634], [85.84159761, 20.54486266], [85.84197233, 20.54415453], [85.84178297, 20.54411119], [85.84128008, 20.54465387], [85.84105998, 20.54446929], [85.84109511, 20.54358291], [85.84071443, 20.54375573], [85.84072179, 20.54394188], [85.84053476, 20.54411523], [85.84054213, 20.54430086], [85.84035418, 20.54483704], [85.84058569, 20.54549762], [85.84022355, 20.54588835], [85.83999582, 20.54501916], [85.84001713, 20.54448122], [85.83981637, 20.54465387], [85.83964355, 20.54484055], [85.83928423, 20.54517338], [85.83945705, 20.54537954], [85.83981637, 20.54571237], [85.83964333, 20.5459187], [85.83937064, 20.54590783], [85.83874607, 20.54593274], [85.83873761, 20.54571939], [85.83910483, 20.54537919], [85.83909759, 20.54519637], [85.83912593, 20.54448122], [85.83836495, 20.54502337], [85.83838604, 20.54555569], [85.83836508, 20.54608521], [85.83876318, 20.54645401], [85.83828582, 20.54689632], [85.83802659, 20.54717617], [85.83763919, 20.54735899], [85.8376741, 20.54823994], [85.83699431, 20.54859961], [85.83676894, 20.5478878], [85.8362925, 20.54719547], [85.83713792, 20.54699405], [85.8367621, 20.54681684], [85.83624706, 20.54654419], [85.83533247, 20.5469758], [85.83532467, 20.54717266], [85.83534515, 20.54768954], [85.83514513, 20.54806747], [85.83505872, 20.54834047]], [[85.83505872, 20.54834047], [85.83527778, 20.54840205], [85.83512022, 20.54855943], [85.83505872, 20.54834047]], [[85.84332322, 20.54582519], [85.84325125, 20.54623346], [85.8430897, 20.5459252], [85.84332322, 20.54582519]], [[85.83865198, 20.54798114], [85.83865198, 20.54852013], [85.83829266, 20.54852013], [85.83829266, 20.54798114], [85.83865198, 20.54798114]], [[85.83919097, 20.54708283], [85.8394274, 20.54765814], [85.8384321, 20.54787657], [85.83821765, 20.54737706], [85.83893631, 20.5471874], [85.83919097, 20.54708283]], [[85.84368255, 20.54744216], [85.84362597, 20.54783043], [85.84328397, 20.54750023], [85.84368255, 20.54744216]], [[85.84080794, 20.54726249], [85.84068622, 20.54749356], [85.84020697, 20.54734057], [85.84080794, 20.54726249]], [[85.84044862, 20.54636418], [85.84050897, 20.54648348], [85.8411331, 20.54660946], [85.84091378, 20.54705862], [85.84052586, 20.54675052], [85.84038826, 20.54702247], [85.84002893, 20.54703107], [85.84032374, 20.54642734], [85.84044862, 20.54636418]], [[85.84152659, 20.54762182], [85.84163673, 20.54807027], [85.84157576, 20.54834222], [85.84102423, 20.54821853], [85.84113547, 20.54772218], [85.84152659, 20.54762182]], [[85.84224525, 20.55085575], [85.84216011, 20.55101103], [85.84151615, 20.55127877], [85.8416581, 20.55093436], [85.84224525, 20.55085575]], [[85.84188592, 20.54959811], [85.84196908, 20.54969461], [85.84216629, 20.54986462], [85.8420122, 20.55022027], [85.84144343, 20.54973128], [85.84188592, 20.54959811]], [[85.84116727, 20.54923879], [85.84134206, 20.54962092], [85.84074145, 20.54984462], [85.84056143, 20.54932458], [85.84116727, 20.54923879]], [[85.84350289, 20.5486998], [85.84310207, 20.54913246], [85.84269783, 20.54885349], [85.84350289, 20.5486998]], [[85.83308243, 20.54941845], [85.83302093, 20.54963741], [85.83286338, 20.54948003], [85.83308243, 20.54941845]], [[85.83416041, 20.54887946], [85.83409891, 20.54909842], [85.83394136, 20.54894104], [85.83416041, 20.54887946]], [[85.84386221, 20.54816081], [85.84364316, 20.54809922], [85.84380072, 20.54794184], [85.84386221, 20.54816081]], [[85.84386221, 20.54816081], [85.84408127, 20.54822239], [85.84392371, 20.54837977], [85.84386221, 20.54816081]], [[85.84224525, 20.54564552], [85.8421223, 20.54607556], [85.84180605, 20.54577115], [85.84224525, 20.54564552]]]]}, "geometry_name": "geom", "properties": {"id": 17991, "gridcode": 1, "from_time": "18-08-2022 18:00", "to_time": "18-08-2022 18:00"}}, {"type": "Feature", "id": "odflood50dsc18082022_1800hrs.17992", "geometry": {"type": "MultiPolygon", "coordinates": [[[[85.84583851, 20.5452862], [85.84556397, 20.54520145], [85.84539439, 20.54483195], [85.84465166, 20.54416839], [85.84468368, 20.54363098], [85.84369426, 20.54416857], [85.84395709, 20.54465229], [85.84412666, 20.54556078], [85.84450621, 20.54625926], [85.84486019, 20.54703054], [85.84538878, 20.54750286], [85.84565884, 20.54866348], [85.84714335, 20.54857505], [85.8473606, 20.54793868], [85.84664195, 20.54771674], [85.84629271, 20.54755462], [85.84749802, 20.54735741], [85.84772335, 20.54808712], [85.84839125, 20.54804729], [85.84807872, 20.54717634], [85.84808991, 20.54698896], [85.84773892, 20.54634312], [85.84828001, 20.54609468], [85.84825769, 20.54571974], [85.84790007, 20.54574097], [85.84773001, 20.5455506], [85.84728875, 20.54538112], [85.8467034, 20.54630154], [85.84593755, 20.54602661], [85.84583851, 20.5452862]], [[85.84763514, 20.5467235], [85.8475582, 20.54731548], [85.8473935, 20.54685071], [85.84763514, 20.5467235]]]]}, "geometry_name": "geom", "properties": {"id": 17992, "gridcode": 1, "from_time": "18-08-2022 18:00", "to_time": "18-08-2022 18:00"}}, {"type": "Feature", "id": "odflood50dsc18082022_1800hrs.18005", "geometry": {"type": "MultiPolygon", "coordinates": [[[[85.84709615, 20.5418726], [85.84681345, 20.54194927], [85.84666019, 20.54226702], [85.8473899, 20.54280969], [85.84733428, 20.5431327], [85.84693057, 20.54343307], [85.84647123, 20.54335394], [85.84630087, 20.54367818], [85.8476479, 20.54392557], [85.84789143, 20.54302725], [85.84810868, 20.54267617], [85.8477884, 20.54243791], [85.84755851, 20.54212894], [85.84717278, 20.54197559], [85.84709615, 20.5418726]]]]}, "geometry_name": "geom", "properties": {"id": 18005, "gridcode": 1, "from_time": "18-08-2022 18:00", "to_time": "18-08-2022 18:00"}}, {"type": "Feature", "id": "odflood50dsc18082022_1800hrs.18015", "geometry": {"type": "MultiPolygon", "coordinates": [[[[85.86542178, 20.54115395], [85.86398097, 20.5412315], [85.86445008, 20.54140695], [85.86459939, 20.5418061], [85.86480502, 20.54175996], [85.86495617, 20.54197892], [85.86516873, 20.5421256], [85.86531989, 20.54234457], [85.86578694, 20.54223982], [85.86643918, 20.54266459], [85.86664087, 20.54227], [85.86567483, 20.5416196], [85.86542178, 20.54115395]]]]}, "geometry_name": "geom", "properties": {"id": 18015, "gridcode": 1, "from_time": "18-08-2022 18:00", "to_time": "18-08-2022 18:00"}}, {"type": "Feature", "id": "odflood50dsc18082022_1800hrs.18038", "geometry": {"type": "MultiPolygon", "coordinates": [[[[85.83451973, 20.54546586], [85.8338992, 20.54569904], [85.83406277, 20.54518637], [85.83425805, 20.54520637], [85.83446942, 20.54448596], [85.83497881, 20.54482985], [85.83491007, 20.54550393], [85.83561403, 20.54557569], [85.83608683, 20.54537059], [85.83659415, 20.54466562], [85.83697536, 20.54404768], [85.83747589, 20.54363186], [85.83731175, 20.54338991], [85.83647704, 20.54347501], [85.8369369, 20.54309287], [85.83669319, 20.54300199], [85.83588089, 20.5430848], [85.83585734, 20.54285373], [85.83605674, 20.5426881], [85.83603691, 20.54249353], [85.83669043, 20.54230176], [85.83639313, 20.54178277], [85.83675723, 20.54114711], [85.83659161, 20.54105429], [85.83604525, 20.54111008], [85.83587523, 20.5401558], [85.83443832, 20.5403023], [85.83300089, 20.53914449], [85.83320327, 20.53884079], [85.83413286, 20.53919011], [85.83456763, 20.538033], [85.83365116, 20.53793966], [85.83219627, 20.53857059], [85.83112434, 20.53946101], [85.83076313, 20.54009176], [85.83168193, 20.54125273], [85.83118211, 20.54185435], [85.83056715, 20.54220666], [85.82968125, 20.54169925], [85.82934433, 20.54247616], [85.82886864, 20.54304866], [85.82848098, 20.54321692], [85.827611, 20.54431612], [85.82777408, 20.54502495], [85.82835978, 20.54551148], [85.82868898, 20.54608644], [85.82885206, 20.54664192], [85.82922796, 20.54680509], [85.82962747, 20.54703388], [85.83046973, 20.54694791], [85.83068865, 20.54745286], [85.83180531, 20.54756655], [85.8325384, 20.54628259], [85.83296075, 20.54652612], [85.83228224, 20.54708967], [85.83267253, 20.54719371], [85.83406487, 20.54688492], [85.83424195, 20.54608644], [85.83443819, 20.54592327], [85.83451973, 20.54546586]], [[85.83577738, 20.54438788], [85.83568097, 20.54480967], [85.83517154, 20.54447368], [85.83577738, 20.54438788]], [[85.83326209, 20.54438788], [85.83316397, 20.54446947], [85.83293716, 20.54474247], [85.83301488, 20.54550481], [85.83225916, 20.54507197], [85.83229926, 20.54467878], [85.83193212, 20.54403768], [85.83281294, 20.54412751], [85.83301887, 20.54410663], [85.83296694, 20.5435973], [85.83321161, 20.54322832], [85.83358497, 20.54408926], [85.83334363, 20.54428981], [85.83326209, 20.54438788]], [[85.83326209, 20.54438788], [85.83348115, 20.54444947], [85.83332359, 20.54460685], [85.83326209, 20.54438788]], [[85.83146546, 20.54654384], [85.83139348, 20.54695212], [85.83123194, 20.54664385], [85.83146546, 20.54654384]], [[85.83038748, 20.54600485], [85.8303309, 20.54639313], [85.8299889, 20.54606293], [85.83038748, 20.54600485]], [[85.83146546, 20.54564552], [85.83124075, 20.54605556], [85.83104254, 20.54573658], [85.83146546, 20.54564552]], [[85.82912984, 20.54546586], [85.82906835, 20.54568483], [85.82891079, 20.54552745], [85.82912984, 20.54546586]], [[85.8298485, 20.54492687], [85.8298485, 20.5452862], [85.82930951, 20.5452862], [85.82930951, 20.54492687], [85.8298485, 20.54492687]], [[85.83164513, 20.54438788], [85.83145573, 20.54500126], [85.83120101, 20.54452509], [85.83164513, 20.54438788]], [[85.83020782, 20.54456755], [85.83014633, 20.54478651], [85.82998877, 20.54462913], [85.83020782, 20.54456755]], [[85.83631637, 20.54402856], [85.83621873, 20.54425664], [85.83590318, 20.54410137], [85.83631637, 20.54402856]], [[85.83451973, 20.54348957], [85.83458009, 20.54360888], [85.83517803, 20.54372959], [85.83529874, 20.54394785], [85.83446148, 20.54408891], [85.83419177, 20.54355571], [85.83451973, 20.54348957]], [[85.83577738, 20.54313024], [85.83571588, 20.54334921], [85.83555832, 20.54319183], [85.83577738, 20.54313024]], [[85.83164513, 20.54277092], [85.83158363, 20.54298988], [85.83142607, 20.5428325], [85.83164513, 20.54277092]], [[85.83326209, 20.54115395], [85.83336548, 20.54199682], [85.83298431, 20.54231351], [85.83269231, 20.54266494], [85.83241883, 20.54203437], [85.83247567, 20.54147625], [85.83326209, 20.54115395]], [[85.8346994, 20.54259125], [85.83448035, 20.54252967], [85.8346379, 20.54237229], [85.8346994, 20.54259125]], [[85.8346994, 20.54259125], [85.83491845, 20.54265284], [85.83476089, 20.54281022], [85.8346994, 20.54259125]], [[85.83362142, 20.54133361], [85.83355992, 20.54155258], [85.83340237, 20.54139519], [85.83362142, 20.54133361]], [[85.83236378, 20.54061496], [85.83226614, 20.54084305], [85.83195059, 20.54068777], [85.83236378, 20.54061496]], [[85.83290277, 20.53971664], [85.83283263, 20.54018545], [85.83229364, 20.54046547], [85.83247493, 20.53982034], [85.83290277, 20.53971664]], [[85.83146546, 20.53971664], [85.83136331, 20.54031792], [85.83102788, 20.54005439], [85.83146546, 20.53971664]], [[85.83362142, 20.53989631], [85.83355992, 20.54011527], [85.83340237, 20.53995789], [85.83362142, 20.53989631]]]]}, "geometry_name": "geom", "properties": {"id": 18038, "gridcode": 1, "from_time": "18-08-2022 18:00", "to_time": "18-08-2022 18:00"}}, {"type": "Feature", "id": "odflood50dsc18082022_1800hrs.18041", "geometry": {"type": "MultiPolygon", "coordinates": [[[[85.84871312, 20.53774035], [85.84849406, 20.53780193], [85.84865162, 20.53795931], [85.84871312, 20.53774035]]]]}, "geometry_name": "geom", "properties": {"id": 18041, "gridcode": 1, "from_time": "18-08-2022 18:00", "to_time": "18-08-2022 18:00"}}, {"type": "Feature", "id": "odflood50dsc18082022_1800hrs.18047", "geometry": {"type": "MultiPolygon", "coordinates": [[[[85.84476053, 20.53594372], [85.8444012, 20.53594372], [85.8444012, 20.53648271], [85.84476053, 20.53648271], [85.84476053, 20.53594372]]]]}, "geometry_name": "geom", "properties": {"id": 18047, "gridcode": 1, "from_time": "18-08-2022 18:00", "to_time": "18-08-2022 18:00"}}, {"type": "Feature", "id": "odflood50dsc18082022_1800hrs.18049", "geometry": {"type": "MultiPolygon", "coordinates": [[[[85.83631637, 20.53576406], [85.83672956, 20.53569124], [85.836414, 20.53553597], [85.83631637, 20.53576406]]]]}, "geometry_name": "geom", "properties": {"id": 18049, "gridcode": 1, "from_time": "18-08-2022 18:00", "to_time": "18-08-2022 18:00"}}, {"type": "Feature", "id": "odflood50dsc18082022_1800hrs.18052", "geometry": {"type": "MultiPolygon", "coordinates": [[[[85.84422154, 20.5350454], [85.84400249, 20.53510699], [85.84416004, 20.53526437], [85.84422154, 20.5350454]]]]}, "geometry_name": "geom", "properties": {"id": 18052, "gridcode": 1, "from_time": "18-08-2022 18:00", "to_time": "18-08-2022 18:00"}}, {"type": "Feature", "id": "odflood50dsc18082022_1800hrs.18054", "geometry": {"type": "MultiPolygon", "coordinates": [[[[85.78816667, 20.53468608], [85.78807341, 20.5347724], [85.78790059, 20.53495908], [85.78682354, 20.53565457], [85.78680893, 20.53602285], [85.7875017, 20.53638937], [85.78790059, 20.5358574], [85.78820908, 20.53520366], [85.78859907, 20.53603004], [85.78931987, 20.53580739], [85.78851231, 20.53505909], [85.78816667, 20.53468608]]]]}, "geometry_name": "geom", "properties": {"id": 18054, "gridcode": 1, "from_time": "18-08-2022 18:00", "to_time": "18-08-2022 18:00"}}, {"type": "Feature", "id": "odflood50dsc18082022_1800hrs.18057", "geometry": {"type": "MultiPolygon", "coordinates": [[[[85.78583105, 20.53432675], [85.78504555, 20.53440728], [85.78569112, 20.53456274], [85.78583105, 20.53432675]]]]}, "geometry_name": "geom", "properties": {"id": 18057, "gridcode": 1, "from_time": "18-08-2022 18:00", "to_time": "18-08-2022 18:00"}}, {"type": "Feature", "id": "odflood50dsc18082022_1800hrs.18062", "geometry": {"type": "MultiPolygon", "coordinates": [[[[85.83865198, 20.53432675], [85.83837091, 20.5342485], [85.83795948, 20.53400024], [85.83744711, 20.53407603], [85.83749747, 20.53441658], [85.83741645, 20.5349647], [85.83788197, 20.53532402], [85.83783021, 20.53567422], [85.83787587, 20.5359832], [85.83861931, 20.5354321], [85.83854878, 20.53495505], [85.83865198, 20.53432675]]]]}, "geometry_name": "geom", "properties": {"id": 18062, "gridcode": 1, "from_time": "18-08-2022 18:00", "to_time": "18-08-2022 18:00"}}, {"type": "Feature", "id": "odflood50dsc18082022_1800hrs.18063", "geometry": {"type": "MultiPolygon", "coordinates": [[[[85.78439374, 20.53378776], [85.78431549, 20.53388917], [85.78343397, 20.53413463], [85.78337239, 20.53455151], [85.78480496, 20.53476328], [85.78492716, 20.53393637], [85.78439374, 20.53378776]]]]}, "geometry_name": "geom", "properties": {"id": 18063, "gridcode": 1, "from_time": "18-08-2022 18:00", "to_time": "18-08-2022 18:00"}}, {"type": "Feature", "id": "odflood50dsc18082022_1800hrs.18064", "geometry": {"type": "MultiPolygon", "coordinates": [[[[85.83865198, 20.53432675], [85.8390961, 20.53418955], [85.83884139, 20.53371337], [85.83865198, 20.53432675]]]]}, "geometry_name": "geom", "properties": {"id": 18064, "gridcode": 1, "from_time": "18-08-2022 18:00", "to_time": "18-08-2022 18:00"}}, {"type": "Feature", "id": "odflood50dsc18082022_1800hrs.18065", "geometry": {"type": "MultiPolygon", "coordinates": [[[[85.84476053, 20.53378776], [85.84422154, 20.53378776], [85.84422154, 20.53486574], [85.84476053, 20.53486574], [85.84476053, 20.53378776]]]]}, "geometry_name": "geom", "properties": {"id": 18065, "gridcode": 1, "from_time": "18-08-2022 18:00", "to_time": "18-08-2022 18:00"}}, {"type": "Feature", "id": "odflood50dsc18082022_1800hrs.18068", "geometry": {"type": "MultiPolygon", "coordinates": [[[[85.78439374, 20.53378776], [85.78429724, 20.53317543], [85.78360675, 20.53336001], [85.78439374, 20.53378776]]]]}, "geometry_name": "geom", "properties": {"id": 18068, "gridcode": 1, "from_time": "18-08-2022 18:00", "to_time": "18-08-2022 18:00"}}, {"type": "Feature", "id": "odflood50dsc18082022_1800hrs.18069", "geometry": {"type": "MultiPolygon", "coordinates": [[[[85.7865497, 20.53342844], [85.78624911, 20.53336966], [85.78607786, 20.53301718], [85.78598737, 20.53420587], [85.78647544, 20.53380847], [85.7865497, 20.53342844]]]]}, "geometry_name": "geom", "properties": {"id": 18069, "gridcode": 1, "from_time": "18-08-2022 18:00", "to_time": "18-08-2022 18:00"}}, {"type": "Feature", "id": "odflood50dsc18082022_1800hrs.18070", "geometry": {"type": "MultiPolygon", "coordinates": [[[[85.7865497, 20.53342844], [85.78726835, 20.53342844], [85.78726835, 20.53306911], [85.7865497, 20.53306911], [85.7865497, 20.53342844]]]]}, "geometry_name": "geom", "properties": {"id": 18070, "gridcode": 1, "from_time": "18-08-2022 18:00", "to_time": "18-08-2022 18:00"}}, {"type": "Feature", "id": "odflood50dsc18082022_1800hrs.18072", "geometry": {"type": "MultiPolygon", "coordinates": [[[[85.83631637, 20.53576406], [85.83608358, 20.53558439], [85.83656064, 20.53521612], [85.83662928, 20.53475152], [85.83502359, 20.53512366], [85.83529344, 20.53426868], [85.83594292, 20.53466046], [85.83693361, 20.53438448], [85.83674767, 20.53398199], [85.83633347, 20.53366231], [85.83659744, 20.53299086], [85.83667569, 20.53253012], [85.83626882, 20.53267276], [85.83588313, 20.53225642], [85.83545397, 20.53227343], [85.83479265, 20.53262346], [85.83439376, 20.53279611], [85.83389412, 20.53225694], [85.83367357, 20.53226571], [85.83317568, 20.53280312], [85.83278605, 20.532987], [85.83245703, 20.53334211], [85.83183198, 20.53353985], [85.83110614, 20.53351107], [85.83081901, 20.53352248], [85.83084594, 20.53420183], [85.83081366, 20.53441307], [85.83048074, 20.53405375], [85.82994934, 20.53380303], [85.82976209, 20.53472468], [85.83048074, 20.53495206], [85.83065356, 20.53513874], [85.83131857, 20.53534929], [85.83245361, 20.5353042], [85.83368261, 20.53535297], [85.83393254, 20.53508313], [85.83424682, 20.5351912], [85.83370603, 20.53621321], [85.83399912, 20.53676712], [85.83344176, 20.53674501], [85.83316173, 20.53675624], [85.83317682, 20.53713627], [85.83407058, 20.53710083], [85.83460957, 20.53712223], [85.83500846, 20.53710644], [85.8353248, 20.53672922], [85.8347655, 20.53621093], [85.83482537, 20.53567773], [85.83550446, 20.53603706], [85.83605424, 20.53629638], [85.83603867, 20.53668922], [85.83658244, 20.53652324], [85.83631637, 20.53576406]], [[85.83290277, 20.53396743], [85.83284241, 20.53408673], [85.83243769, 20.53429149], [85.83230342, 20.53404305], [85.83290277, 20.53396743]], [[85.83218411, 20.53450641], [85.83234952, 20.53492715], [85.8319262, 20.53470555], [85.83218411, 20.53450641]], [[85.83380108, 20.53306911], [85.83394539, 20.53335948], [85.83357014, 20.53348879], [85.8333814, 20.53315385], [85.83380108, 20.53306911]]]]}, "geometry_name": "geom", "properties": {"id": 18072, "gridcode": 1, "from_time": "18-08-2022 18:00", "to_time": "18-08-2022 18:00"}}, {"type": "Feature", "id": "odflood50dsc18082022_1800hrs.18073", "geometry": {"type": "MultiPolygon", "coordinates": [[[[85.83667569, 20.53253012], [85.83709862, 20.53229835], [85.83676193, 20.53212921], [85.83667569, 20.53253012]]]]}, "geometry_name": "geom", "properties": {"id": 18073, "gridcode": 1, "from_time": "18-08-2022 18:00", "to_time": "18-08-2022 18:00"}}, {"type": "Feature", "id": "odflood50dsc18082022_1800hrs.18074", "geometry": {"type": "MultiPolygon", "coordinates": [[[[85.78349543, 20.53109282], [85.78339402, 20.53117107], [85.78323751, 20.53137389], [85.782614, 20.53154741], [85.78315553, 20.53224905], [85.78342003, 20.5319092], [85.78339222, 20.53172111], [85.78349543, 20.53109282]]]]}, "geometry_name": "geom", "properties": {"id": 18074, "gridcode": 1, "from_time": "18-08-2022 18:00", "to_time": "18-08-2022 18:00"}}, {"type": "Feature", "id": "odflood50dsc18082022_1800hrs.18075", "geometry": {"type": "MultiPolygon", "coordinates": [[[[85.78241745, 20.53091315], [85.78162756, 20.53100737], [85.78127021, 20.53158478], [85.78178863, 20.53149566], [85.78201601, 20.5320678], [85.78234503, 20.53191253], [85.78225555, 20.53139284], [85.78252864, 20.53118984], [85.78241745, 20.53091315]]]]}, "geometry_name": "geom", "properties": {"id": 18075, "gridcode": 1, "from_time": "18-08-2022 18:00", "to_time": "18-08-2022 18:00"}}, {"type": "Feature", "id": "odflood50dsc18082022_1800hrs.18076", "geometry": {"type": "MultiPolygon", "coordinates": [[[[85.78834633, 20.53091315], [85.78772909, 20.53101807], [85.78791301, 20.53206938], [85.78819224, 20.53182024], [85.78834633, 20.53091315]]]]}, "geometry_name": "geom", "properties": {"id": 18076, "gridcode": 1, "from_time": "18-08-2022 18:00", "to_time": "18-08-2022 18:00"}}, {"type": "Feature", "id": "odflood50dsc18082022_1800hrs.18077", "geometry": {"type": "MultiPolygon", "coordinates": [[[[85.78726835, 20.53037416], [85.7870493, 20.53043575], [85.78720685, 20.53059313], [85.78726835, 20.53037416]]]]}, "geometry_name": "geom", "properties": {"id": 18077, "gridcode": 1, "from_time": "18-08-2022 18:00", "to_time": "18-08-2022 18:00"}}, {"type": "Feature", "id": "odflood50dsc18082022_1800hrs.18078", "geometry": {"type": "MultiPolygon", "coordinates": [[[[85.78978363, 20.53037416], [85.78898182, 20.53047909], [85.78965213, 20.53081087], [85.78978363, 20.53037416]]]]}, "geometry_name": "geom", "properties": {"id": 18078, "gridcode": 1, "from_time": "18-08-2022 18:00", "to_time": "18-08-2022 18:00"}}, {"type": "Feature", "id": "odflood50dsc18082022_1800hrs.18079", "geometry": {"type": "MultiPolygon", "coordinates": [[[[85.84260457, 20.5301945], [85.84192755, 20.53038311], [85.84158989, 20.53064366], [85.84181074, 20.5308142], [85.84178139, 20.53101264], [85.84268256, 20.53155162], [85.84275928, 20.53207079], [85.84216699, 20.53231309], [85.84240048, 20.53278804], [85.84321668, 20.53237537], [85.84304044, 20.53118265], [85.84306851, 20.53099281], [85.84268282, 20.5308349], [85.84260457, 20.5301945]]]]}, "geometry_name": "geom", "properties": {"id": 18079, "gridcode": 1, "from_time": "18-08-2022 18:00", "to_time": "18-08-2022 18:00"}}, {"type": "Feature", "id": "odflood50dsc18082022_1800hrs.18080", "geometry": {"type": "MultiPolygon", "coordinates": [[[[85.78277677, 20.53001484], [85.78254325, 20.53011485], [85.7827048, 20.53042312], [85.78277677, 20.53001484]]]]}, "geometry_name": "geom", "properties": {"id": 18080, "gridcode": 1, "from_time": "18-08-2022 18:00", "to_time": "18-08-2022 18:00"}}, {"type": "Feature", "id": "odflood50dsc18082022_1800hrs.18082", "geometry": {"type": "MultiPolygon", "coordinates": [[[[85.78098014, 20.52983518], [85.78089373, 20.52992852], [85.78035474, 20.53042785], [85.78123946, 20.5306305], [85.7812674, 20.52992606], [85.78098014, 20.52983518]]]]}, "geometry_name": "geom", "properties": {"id": 18082, "gridcode": 1, "from_time": "18-08-2022 18:00", "to_time": "18-08-2022 18:00"}}, {"type": "Feature", "id": "odflood50dsc18082022_1800hrs.18084", "geometry": {"type": "MultiPolygon", "coordinates": [[[[85.78098014, 20.52983518], [85.78091865, 20.52961621], [85.78076109, 20.52977359], [85.78098014, 20.52983518]]]]}, "geometry_name": "geom", "properties": {"id": 18084, "gridcode": 1, "from_time": "18-08-2022 18:00", "to_time": "18-08-2022 18:00"}}, {"type": "Feature", "id": "odflood50dsc18082022_1800hrs.18086", "geometry": {"type": "MultiPolygon", "coordinates": [[[[85.78960397, 20.52947585], [85.78937044, 20.52957586], [85.78953199, 20.52988413], [85.78960397, 20.52947585]]]]}, "geometry_name": "geom", "properties": {"id": 18086, "gridcode": 1, "from_time": "18-08-2022 18:00", "to_time": "18-08-2022 18:00"}}, {"type": "Feature", "id": "odflood50dsc18082022_1800hrs.18089", "geometry": {"type": "MultiPolygon", "coordinates": [[[[85.84350289, 20.52893686], [85.84313896, 20.52902266], [85.84296592, 20.52957814], [85.84375106, 20.52982272], [85.84361404, 20.52918495], [85.84350289, 20.52893686]]]]}, "geometry_name": "geom", "properties": {"id": 18089, "gridcode": 1, "from_time": "18-08-2022 18:00", "to_time": "18-08-2022 18:00"}}, {"type": "Feature", "id": "odflood50dsc18082022_1800hrs.18091", "geometry": {"type": "MultiPolygon", "coordinates": [[[[85.84943177, 20.5287572], [85.84921272, 20.52881878], [85.84937027, 20.52897616], [85.84943177, 20.5287572]]]]}, "geometry_name": "geom", "properties": {"id": 18091, "gridcode": 1, "from_time": "18-08-2022 18:00", "to_time": "18-08-2022 18:00"}}, {"type": "Feature", "id": "odflood50dsc18082022_1800hrs.18094", "geometry": {"type": "MultiPolygon", "coordinates": [[[[85.86398448, 20.52929619], [85.86390622, 20.52975692], [85.8635712, 20.5306091], [85.86403523, 20.5306777], [85.86426827, 20.53029135], [85.86421125, 20.52990536], [85.86464089, 20.52996887], [85.86501048, 20.52949006], [85.86651213, 20.52889984], [85.86701717, 20.5295541], [85.86837464, 20.52930163], [85.86796114, 20.52872825], [85.86716621, 20.52841577], [85.8663201, 20.52854086], [85.86571961, 20.52845209], [85.86526826, 20.52872439], [85.86426463, 20.52857595], [85.86408589, 20.52921793], [85.86398448, 20.52929619]]]]}, "geometry_name": "geom", "properties": {"id": 18094, "gridcode": 1, "from_time": "18-08-2022 18:00", "to_time": "18-08-2022 18:00"}}, {"type": "Feature", "id": "odflood50dsc18082022_1800hrs.18096", "geometry": {"type": "MultiPolygon", "coordinates": [[[[85.86398448, 20.52929619], [85.86386732, 20.52814785], [85.86282333, 20.52806399], [85.86320924, 20.52906283], [85.86398448, 20.52929619]]]]}, "geometry_name": "geom", "properties": {"id": 18096, "gridcode": 1, "from_time": "18-08-2022 18:00", "to_time": "18-08-2022 18:00"}}, {"type": "Feature", "id": "odflood50dsc18082022_1800hrs.18097", "geometry": {"type": "MultiPolygon", "coordinates": [[[[85.77936318, 20.52767922], [85.77914412, 20.5277408], [85.77930168, 20.52789818], [85.77936318, 20.52767922]]]]}, "geometry_name": "geom", "properties": {"id": 18097, "gridcode": 1, "from_time": "18-08-2022 18:00", "to_time": "18-08-2022 18:00"}}, {"type": "Feature", "id": "odflood50dsc18082022_1800hrs.18098", "geometry": {"type": "MultiPolygon", "coordinates": [[[[85.84476053, 20.52767922], [85.84454148, 20.5277408], [85.84469903, 20.52789818], [85.84476053, 20.52767922]]]]}, "geometry_name": "geom", "properties": {"id": 18098, "gridcode": 1, "from_time": "18-08-2022 18:00", "to_time": "18-08-2022 18:00"}}, {"type": "Feature", "id": "odflood50dsc18082022_1800hrs.18099", "geometry": {"type": "MultiPolygon", "coordinates": [[[[85.78852599, 20.52803854], [85.78843616, 20.52753447], [85.78773273, 20.5283812], [85.78730129, 20.52786186], [85.78699057, 20.52812013], [85.78681919, 20.52832629], [85.7865497, 20.52800188], [85.78617533, 20.52845261], [85.7855405, 20.52851735], [85.7850816, 20.52796485], [85.78478632, 20.52864561], [85.78418965, 20.52870649], [85.78393629, 20.52849595], [85.7837025, 20.52795696], [85.78303798, 20.52812013], [85.78282709, 20.52883878], [85.78264418, 20.52863789], [85.7826969, 20.52812048], [85.78213966, 20.52795696], [85.78190587, 20.52741797], [85.7817788, 20.52758307], [85.78183161, 20.52810083], [85.78121986, 20.52833067], [85.7812621, 20.52791625], [85.77944301, 20.52812031], [85.77946218, 20.52830804], [85.77933484, 20.52955743], [85.78010665, 20.52915986], [85.7806581, 20.52849595], [85.78197658, 20.52865912], [85.78214124, 20.52976447], [85.78286919, 20.52924057], [85.78419052, 20.5297371], [85.78413254, 20.52955743], [85.78377321, 20.52925881], [85.78438365, 20.52918776], [85.78504563, 20.52938198], [85.78467153, 20.52969288], [85.78492339, 20.5311744], [85.78681077, 20.53099597], [85.78682911, 20.53081578], [85.78628849, 20.5305812], [85.78671528, 20.52975359], [85.7877258, 20.52991676], [85.78795959, 20.53045575], [85.78831852, 20.53026398], [85.788234, 20.52943462], [85.7893161, 20.52911705], [85.78936193, 20.52866737], [85.78932531, 20.52830804], [85.78935891, 20.52797872], [85.78882904, 20.52792468], [85.78852599, 20.52803854]], [[85.78852599, 20.52803854], [85.78868903, 20.52823488], [85.78910893, 20.52858367], [85.78808512, 20.52840471], [85.78852599, 20.52803854]], [[85.78601071, 20.52965551], [85.78594921, 20.52987448], [85.78579166, 20.5297171], [85.78601071, 20.52965551]], [[85.78601071, 20.52929619], [85.78594921, 20.52951515], [85.78579166, 20.52935777], [85.78601071, 20.52929619]], [[85.78277677, 20.52893686], [85.78271528, 20.52915582], [85.78255772, 20.52899844], [85.78277677, 20.52893686]], [[85.78008183, 20.52857753], [85.77998419, 20.52880562], [85.77966864, 20.52865035], [85.78008183, 20.52857753]]]]}, "geometry_name": "geom", "properties": {"id": 18099, "gridcode": 1, "from_time": "18-08-2022 18:00", "to_time": "18-08-2022 18:00"}}, {"type": "Feature", "id": "odflood50dsc18082022_1800hrs.18100", "geometry": {"type": "MultiPolygon", "coordinates": [[[[85.8030787, 20.52696057], [85.80285965, 20.52702215], [85.8030172, 20.52717953], [85.8030787, 20.52696057]]]]}, "geometry_name": "geom", "properties": {"id": 18100, "gridcode": 1, "from_time": "18-08-2022 18:00", "to_time": "18-08-2022 18:00"}}, {"type": "Feature", "id": "odflood50dsc18082022_1800hrs.18101", "geometry": {"type": "MultiPolygon", "coordinates": [[[[85.80469567, 20.52696057], [85.80333429, 20.52704408], [85.80365633, 20.52762132], [85.8030787, 20.527575], [85.80270692, 20.52760483], [85.80245655, 20.52704373], [85.8019784, 20.5268774], [85.80173789, 20.52741639], [85.80143941, 20.52758272], [85.8011989, 20.52704373], [85.80096669, 20.5268774], [85.80120798, 20.52798345], [85.80191089, 20.52792713], [85.80241935, 20.52796784], [85.80320726, 20.52852665], [85.80424344, 20.5283005], [85.80470019, 20.52833734], [85.80434674, 20.52897072], [85.80559455, 20.53004572], [85.80715669, 20.53027767], [85.80708616, 20.5294004], [85.80585681, 20.52921302], [85.80569048, 20.5286607], [85.80531782, 20.52849437], [85.80506837, 20.52820487], [85.80452614, 20.52773764], [85.80469567, 20.52696057]], [[85.80559398, 20.5287572], [85.80547226, 20.52898827], [85.80499301, 20.52883527], [85.80559398, 20.5287572]]]]}, "geometry_name": "geom", "properties": {"id": 18101, "gridcode": 1, "from_time": "18-08-2022 18:00", "to_time": "18-08-2022 18:00"}}, {"type": "Feature", "id": "odflood50dsc18082022_1800hrs.18106", "geometry": {"type": "MultiPolygon", "coordinates": [[[[85.81026522, 20.52642158], [85.80911224, 20.52650772], [85.80938033, 20.52686179], [85.80983089, 20.52703566], [85.8099856, 20.52836331], [85.81062455, 20.52823698], [85.8113432, 20.5283791], [85.81193715, 20.52826172], [85.81255281, 20.52865263], [85.81302092, 20.52844121], [85.81281709, 20.52740972], [85.81292065, 20.52688547], [85.81267585, 20.52703566], [85.81252584, 20.52742446], [85.81213686, 20.52757465], [85.81192899, 20.52811364], [85.81105888, 20.52796345], [85.81090676, 20.52756903], [85.81062078, 20.52762571], [85.81034023, 20.52742446], [85.81026522, 20.52642158]]]]}, "geometry_name": "geom", "properties": {"id": 18106, "gridcode": 1, "from_time": "18-08-2022 18:00", "to_time": "18-08-2022 18:00"}}, {"type": "Feature", "id": "odflood50dsc18082022_1800hrs.18107", "geometry": {"type": "MultiPolygon", "coordinates": [[[[85.81421781, 20.52642158], [85.81305329, 20.52652509], [85.81358855, 20.52703934], [85.8138098, 20.52794696], [85.81395011, 20.5277708], [85.81430825, 20.52722462], [85.8147568, 20.52723375], [85.81502629, 20.52722831], [85.81538369, 20.5272355], [85.81538751, 20.52704864], [85.81430584, 20.52687249], [85.81421781, 20.52642158]]]]}, "geometry_name": "geom", "properties": {"id": 18107, "gridcode": 1, "from_time": "18-08-2022 18:00", "to_time": "18-08-2022 18:00"}}, {"type": "Feature", "id": "odflood50dsc18082022_1800hrs.18110", "geometry": {"type": "MultiPolygon", "coordinates": [[[[85.77810553, 20.52606225], [85.77770695, 20.52612033], [85.77804895, 20.52645053], [85.77810553, 20.52606225]]]]}, "geometry_name": "geom", "properties": {"id": 18110, "gridcode": 1, "from_time": "18-08-2022 18:00", "to_time": "18-08-2022 18:00"}}, {"type": "Feature", "id": "odflood50dsc18082022_1800hrs.18111", "geometry": {"type": "MultiPolygon", "coordinates": [[[[85.84224525, 20.52606225], [85.84194628, 20.52612261], [85.84134693, 20.52642052], [85.8409876, 20.52624191], [85.84088308, 20.52768817], [85.83981808, 20.52740288], [85.83946551, 20.52759448], [85.83891644, 20.52776396], [85.83874686, 20.52798187], [85.83911185, 20.52830804], [85.83891644, 20.52848261], [85.83844675, 20.52900827], [85.83874743, 20.52956165], [85.83871633, 20.53008326], [85.83935818, 20.53091157], [85.83981475, 20.53077928], [85.8390961, 20.52975043], [85.83899298, 20.52939111], [85.84000205, 20.52975306], [85.8401936, 20.52953884], [85.84017166, 20.52917091], [85.83981475, 20.52885212], [85.83964518, 20.52851788], [85.84095997, 20.52887001], [85.84176666, 20.52882194], [85.84258527, 20.52825014], [85.84232955, 20.52705321], [85.84234824, 20.5267395], [85.84224525, 20.52606225]], [[85.84152659, 20.5267809], [85.84130188, 20.52719094], [85.84110367, 20.52687196], [85.84152659, 20.5267809]]]]}, "geometry_name": "geom", "properties": {"id": 18111, "gridcode": 1, "from_time": "18-08-2022 18:00", "to_time": "18-08-2022 18:00"}}, {"type": "Feature", "id": "odflood50dsc18082022_1800hrs.18113", "geometry": {"type": "MultiPolygon", "coordinates": [[[[85.80128207, 20.52570293], [85.80118395, 20.52578451], [85.80102086, 20.52598067], [85.80066154, 20.52627929], [85.80118342, 20.52647404], [85.80128207, 20.52570293]]]]}, "geometry_name": "geom", "properties": {"id": 18113, "gridcode": 1, "from_time": "18-08-2022 18:00", "to_time": "18-08-2022 18:00"}}, {"type": "Feature", "id": "odflood50dsc18082022_1800hrs.18119", "geometry": {"type": "MultiPolygon", "coordinates": [[[[85.80128207, 20.52426562], [85.80085914, 20.52449739], [85.80119583, 20.52466653], [85.80128207, 20.52426562]]]]}, "geometry_name": "geom", "properties": {"id": 18119, "gridcode": 1, "from_time": "18-08-2022 18:00", "to_time": "18-08-2022 18:00"}}, {"type": "Feature", "id": "odflood50dsc18082022_1800hrs.18124", "geometry": {"type": "MultiPolygon", "coordinates": [[[[85.85895391, 20.52390629], [85.85833992, 20.52424334], [85.85858888, 20.52534851], [85.85905431, 20.52564397], [85.85929556, 20.52472952], [85.85977722, 20.5248797], [85.86016352, 20.52541869], [85.86045622, 20.52478654], [85.8600883, 20.52427334], [85.85910217, 20.52446809], [85.85895391, 20.52390629]]]]}, "geometry_name": "geom", "properties": {"id": 18124, "gridcode": 1, "from_time": "18-08-2022 18:00", "to_time": "18-08-2022 18:00"}}, {"type": "Feature", "id": "odflood50dsc18082022_1800hrs.18126", "geometry": {"type": "MultiPolygon", "coordinates": [[[[85.86452347, 20.52372663], [85.86425901, 20.52382155], [85.86300857, 20.5240549], [85.86354036, 20.52453003], [85.86378775, 20.52506902], [85.86434398, 20.524869], [85.86498631, 20.52451985], [85.86568434, 20.52456143], [85.86571764, 20.52400297], [85.86533195, 20.52397998], [85.86481985, 20.52401051], [85.86460825, 20.52382155], [85.86452347, 20.52372663]]]]}, "geometry_name": "geom", "properties": {"id": 18126, "gridcode": 1, "from_time": "18-08-2022 18:00", "to_time": "18-08-2022 18:00"}}, {"type": "Feature", "id": "odflood50dsc18082022_1800hrs.18127", "geometry": {"type": "MultiPolygon", "coordinates": [[[[85.81637377, 20.52354697], [85.8155537, 20.52362522], [85.8153972, 20.52400771], [85.81485821, 20.52422825], [85.81509239, 20.52524219], [85.81555616, 20.5250041], [85.81573407, 20.52416088], [85.81625634, 20.52423807], [85.81637377, 20.52354697]]]]}, "geometry_name": "geom", "properties": {"id": 18127, "gridcode": 1, "from_time": "18-08-2022 18:00", "to_time": "18-08-2022 18:00"}}, {"type": "Feature", "id": "odflood50dsc18082022_1800hrs.18128", "geometry": {"type": "MultiPolygon", "coordinates": [[[[85.85625896, 20.52354697], [85.8556401, 20.52400613], [85.85497667, 20.52419579], [85.85427188, 20.52461003], [85.85359499, 20.52411561], [85.85290484, 20.52438089], [85.85295257, 20.52476443], [85.85366381, 20.5250641], [85.85403809, 20.52528412], [85.85464906, 20.52520815], [85.8555872, 20.52556888], [85.85579985, 20.5250641], [85.85643007, 20.52399209], [85.85625896, 20.52354697]]]]}, "geometry_name": "geom", "properties": {"id": 18128, "gridcode": 1, "from_time": "18-08-2022 18:00", "to_time": "18-08-2022 18:00"}}, {"type": "Feature", "id": "odflood50dsc18082022_1800hrs.18135", "geometry": {"type": "MultiPolygon", "coordinates": [[[[85.8161941, 20.52121135], [85.81597505, 20.52127293], [85.81613261, 20.52143031], [85.8161941, 20.52121135]]]]}, "geometry_name": "geom", "properties": {"id": 18135, "gridcode": 1, "from_time": "18-08-2022 18:00", "to_time": "18-08-2022 18:00"}}, {"type": "Feature", "id": "odflood50dsc18082022_1800hrs.18136", "geometry": {"type": "MultiPolygon", "coordinates": [[[[85.84386221, 20.52103169], [85.84287587, 20.52116942], [85.84379554, 20.52201615], [85.84461653, 20.52159313], [85.8451974, 20.52219774], [85.84592391, 20.5219665], [85.84593189, 20.52157611], [85.84485216, 20.52129943], [85.84395025, 20.52112327], [85.84386221, 20.52103169]]]]}, "geometry_name": "geom", "properties": {"id": 18136, "gridcode": 1, "from_time": "18-08-2022 18:00", "to_time": "18-08-2022 18:00"}}, {"type": "Feature", "id": "odflood50dsc18082022_1800hrs.18140", "geometry": {"type": "MultiPolygon", "coordinates": [[[[85.8409876, 20.52624191], [85.8409876, 20.52570293], [85.84224525, 20.52570293], [85.84224525, 20.52606225], [85.84252141, 20.52614542], [85.84298579, 20.5266844], [85.84448419, 20.52646825], [85.84377905, 20.52586066], [85.84412864, 20.52578521], [85.84481049, 20.52584013], [85.84487058, 20.52509165], [85.8444977, 20.52442335], [85.84506661, 20.52453424], [85.84552594, 20.52506744], [85.84582162, 20.52485303], [85.84670897, 20.52382313], [85.84701298, 20.52398946], [85.84732257, 20.52434879], [85.84737301, 20.52399806], [85.8473395, 20.52358066], [85.84779247, 20.52256549], [85.84822339, 20.52280551], [85.84845941, 20.5233345], [85.84966363, 20.5240063], [85.85002374, 20.52397735], [85.85031219, 20.5252471], [85.8510822, 20.52497673], [85.85133086, 20.52453108], [85.85095224, 20.52436212], [85.85069279, 20.52350047], [85.8500326, 20.523258], [85.84917346, 20.52332713], [85.84914061, 20.52291815], [85.84920982, 20.52205685], [85.84858596, 20.52170876], [85.84737231, 20.52238583], [85.84679073, 20.52256093], [85.84687626, 20.52362557], [85.84648391, 20.52365715], [85.84628012, 20.52310202], [85.84630451, 20.52279814], [85.84573104, 20.52311799], [85.84512367, 20.52306921], [85.84382467, 20.52335257], [85.84355934, 20.52304465], [85.84231306, 20.52206861], [85.84055871, 20.52192754], [85.84110459, 20.52279919], [85.84160976, 20.52323449], [85.84107235, 20.52328519], [85.84031058, 20.52274515], [85.84017245, 20.52291148], [85.83985177, 20.52363013], [85.83921317, 20.5231436], [85.83977326, 20.52266111], [85.83934178, 20.52228933], [85.83982936, 20.52186929], [85.8397851, 20.52131855], [85.84017245, 20.52098484], [85.83968579, 20.52091501], [85.83868615, 20.52177613], [85.83874905, 20.52255882], [85.8387212, 20.52290516], [85.83910877, 20.52345187], [85.83907228, 20.52390629], [85.83910838, 20.52435545], [85.83907202, 20.52480759], [85.83958666, 20.52596084], [85.83990963, 20.52598681], [85.84068903, 20.52592417], [85.84089111, 20.52615875], [85.8409876, 20.52624191]], [[85.83990963, 20.52426562], [85.840076, 20.52527833], [85.83960693, 20.52520903], [85.83966667, 20.52480461], [85.83959978, 20.52435194], [85.83990963, 20.52426562]], [[85.8409876, 20.52516394], [85.84092611, 20.5253829], [85.84076855, 20.52522552], [85.8409876, 20.52516394]], [[85.84152659, 20.52444528], [85.84140365, 20.52487532], [85.84108739, 20.52457091], [85.84152659, 20.52444528]], [[85.84314356, 20.52462495], [85.84304592, 20.52485303], [85.84273037, 20.52469776], [85.84314356, 20.52462495]], [[85.84422154, 20.52426562], [85.8441239, 20.52449371], [85.84380835, 20.52433843], [85.84422154, 20.52426562]], [[85.84332322, 20.52372663], [85.84353118, 20.52414491], [85.84326497, 20.52432598], [85.84299526, 20.52379278], [85.84332322, 20.52372663]]]]}, "geometry_name": "geom", "properties": {"id": 18140, "gridcode": 1, "from_time": "18-08-2022 18:00", "to_time": "18-08-2022 18:00"}}, {"type": "Feature", "id": "odflood50dsc18082022_1800hrs.18153", "geometry": {"type": "MultiPolygon", "coordinates": [[[[85.81942804, 20.51995371], [85.81883812, 20.52040901], [85.81870675, 20.5212982], [85.81933939, 20.52167981], [85.82015652, 20.52107397], [85.82099548, 20.52140382], [85.82155333, 20.5210673], [85.82297428, 20.52073798], [85.82336435, 20.52124328], [85.82417753, 20.52156295], [85.82388702, 20.52005512], [85.82166225, 20.52021162], [85.82144166, 20.52075061], [85.81950629, 20.52059411], [85.81942804, 20.51995371]], [[85.8196077, 20.52085202], [85.8195462, 20.52107099], [85.81938865, 20.52091361], [85.8196077, 20.52085202]], [[85.82230265, 20.52031303], [85.82224115, 20.520532], [85.82208359, 20.52037462], [85.82230265, 20.52031303]]]]}, "geometry_name": "geom", "properties": {"id": 18153, "gridcode": 1, "from_time": "18-08-2022 18:00", "to_time": "18-08-2022 18:00"}}, {"type": "Feature", "id": "odflood50dsc18082022_1800hrs.18164", "geometry": {"type": "MultiPolygon", "coordinates": [[[[85.81601444, 20.51941472], [85.8156609, 20.5194956], [85.81541891, 20.52020022], [85.81593097, 20.52000406], [85.81601444, 20.51941472]]]]}, "geometry_name": "geom", "properties": {"id": 18164, "gridcode": 1, "from_time": "18-08-2022 18:00", "to_time": "18-08-2022 18:00"}}, {"type": "Feature", "id": "odflood50dsc18082022_1800hrs.18167", "geometry": {"type": "MultiPolygon", "coordinates": [[[[85.76696643, 20.51923506], [85.76601333, 20.51935419], [85.76689339, 20.52040111], [85.76658995, 20.52091729], [85.76713775, 20.52098554], [85.76812428, 20.52038637], [85.76764253, 20.51986458], [85.7670463, 20.51969421], [85.76696643, 20.51923506]]]]}, "geometry_name": "geom", "properties": {"id": 18167, "gridcode": 1, "from_time": "18-08-2022 18:00", "to_time": "18-08-2022 18:00"}}, {"type": "Feature", "id": "odflood50dsc18082022_1800hrs.18182", "geometry": {"type": "MultiPolygon", "coordinates": [[[[85.7831361, 20.51869607], [85.78290599, 20.5187859], [85.7831361, 20.51887573], [85.7831361, 20.51869607]]]]}, "geometry_name": "geom", "properties": {"id": 18182, "gridcode": 1, "from_time": "18-08-2022 18:00", "to_time": "18-08-2022 18:00"}}, {"type": "Feature", "id": "odflood50dsc18082022_1800hrs.18185", "geometry": {"type": "MultiPolygon", "coordinates": [[[[85.81529579, 20.51869607], [85.81529579, 20.51887573], [85.81552589, 20.5187859], [85.81529579, 20.51869607]]]]}, "geometry_name": "geom", "properties": {"id": 18185, "gridcode": 1, "from_time": "18-08-2022 18:00", "to_time": "18-08-2022 18:00"}}, {"type": "Feature", "id": "odflood50dsc18082022_1800hrs.18212", "geometry": {"type": "MultiPolygon", "coordinates": [[[[85.8677574, 20.51725876], [85.86734421, 20.51733157], [85.86765976, 20.51748685], [85.8677574, 20.51725876]]]]}, "geometry_name": "geom", "properties": {"id": 18212, "gridcode": 1, "from_time": "18-08-2022 18:00", "to_time": "18-08-2022 18:00"}}, {"type": "Feature", "id": "odflood50dsc18082022_1800hrs.18215", "geometry": {"type": "MultiPolygon", "coordinates": [[[[85.77882419, 20.5170791], [85.77888323, 20.51748404], [85.77958188, 20.51738017], [85.77931747, 20.51712472], [85.77882419, 20.5170791]]]]}, "geometry_name": "geom", "properties": {"id": 18215, "gridcode": 1, "from_time": "18-08-2022 18:00", "to_time": "18-08-2022 18:00"}}, {"type": "Feature", "id": "odflood50dsc18082022_1800hrs.18220", "geometry": {"type": "MultiPolygon", "coordinates": [[[[85.7948142, 20.51761809], [85.79472639, 20.51693189], [85.79437333, 20.51735684], [85.79381776, 20.51769967], [85.79352489, 20.51805216], [85.7931074, 20.51809479], [85.79259837, 20.51804286], [85.79248779, 20.51912785], [85.79275386, 20.51915505], [85.7931939, 20.51890292], [85.79345844, 20.5195128], [85.79397703, 20.51973773], [85.79484091, 20.52077781], [85.7950915, 20.52075219], [85.79530288, 20.5214726], [85.79638064, 20.5205999], [85.79581064, 20.52012653], [85.79623032, 20.5198916], [85.79654205, 20.52026689], [85.79705999, 20.52021408], [85.79756718, 20.52026566], [85.7976796, 20.51916259], [85.7972186, 20.51911557], [85.79682343, 20.5195914], [85.79651271, 20.51933313], [85.79634134, 20.51912698], [85.79591038, 20.51964579], [85.79419367, 20.51982071], [85.79435675, 20.51931664], [85.79512931, 20.51914522], [85.79543473, 20.51877765], [85.79603057, 20.51860273], [85.79648595, 20.51805444], [85.79686848, 20.51809356], [85.79691919, 20.51759633], [85.79586656, 20.51748895], [85.7948142, 20.51761809]], [[85.7948142, 20.51761809], [85.79474248, 20.51831726], [85.79420836, 20.5182541], [85.79439373, 20.51771424], [85.7948142, 20.51761809]]]]}, "geometry_name": "geom", "properties": {"id": 18220, "gridcode": 1, "from_time": "18-08-2022 18:00", "to_time": "18-08-2022 18:00"}}, {"type": "Feature", "id": "odflood50dsc18082022_1800hrs.18233", "geometry": {"type": "MultiPolygon", "coordinates": [[[[85.82158399, 20.51743842], [85.82206886, 20.51736193], [85.82226602, 20.51648239], [85.82194994, 20.5164115], [85.8216161, 20.51664205], [85.82172133, 20.51711138], [85.82158399, 20.51743842]]]]}, "geometry_name": "geom", "properties": {"id": 18233, "gridcode": 1, "from_time": "18-08-2022 18:00", "to_time": "18-08-2022 18:00"}}, {"type": "Feature", "id": "odflood50dsc18082022_1800hrs.18249", "geometry": {"type": "MultiPolygon", "coordinates": [[[[85.77109868, 20.51564179], [85.77087962, 20.51570338], [85.77103718, 20.51586076], [85.77109868, 20.51564179]]]]}, "geometry_name": "geom", "properties": {"id": 18249, "gridcode": 1, "from_time": "18-08-2022 18:00", "to_time": "18-08-2022 18:00"}}, {"type": "Feature", "id": "odflood50dsc18082022_1800hrs.18258", "geometry": {"type": "MultiPolygon", "coordinates": [[[[85.82014669, 20.51528247], [85.82014669, 20.51546213], [85.81996703, 20.51546213], [85.81990667, 20.51630009], [85.81936768, 20.51657274], [85.81951625, 20.51712156], [85.81978736, 20.51725876], [85.81971394, 20.51799408], [85.81918315, 20.51829674], [85.81950489, 20.51912066], [85.82009436, 20.51843622], [85.81996453, 20.51809181], [85.82044079, 20.51822234], [85.82064563, 20.51858167], [85.82097978, 20.51845113], [85.82111023, 20.51804268], [85.82151877, 20.51791215], [85.82158399, 20.51743842], [85.82119892, 20.51761089], [85.82097649, 20.5169833], [85.82144876, 20.51631079], [85.82075419, 20.51593269], [85.82048018, 20.51548792], [85.82014669, 20.51528247]], [[85.81978736, 20.51725876], [85.819979, 20.51687996], [85.82038671, 20.51718314], [85.81978736, 20.51725876]]]]}, "geometry_name": "geom", "properties": {"id": 18258, "gridcode": 1, "from_time": "18-08-2022 18:00", "to_time": "18-08-2022 18:00"}}, {"type": "Feature", "id": "odflood50dsc18082022_1800hrs.18263", "geometry": {"type": "MultiPolygon", "coordinates": [[[[85.77199699, 20.51492314], [85.77191383, 20.51527615], [85.77116719, 20.51553056], [85.77109868, 20.51564179], [85.77120009, 20.51572005], [85.77141247, 20.51599533], [85.77239922, 20.51523369], [85.77199699, 20.51492314]]]]}, "geometry_name": "geom", "properties": {"id": 18263, "gridcode": 1, "from_time": "18-08-2022 18:00", "to_time": "18-08-2022 18:00"}}, {"type": "Feature", "id": "odflood50dsc18082022_1800hrs.18275", "geometry": {"type": "MultiPolygon", "coordinates": [[[[85.77559025, 20.51438415], [85.77508236, 20.51452557], [85.77515438, 20.51501297], [85.77510035, 20.51537862], [85.77619442, 20.51580865], [85.77634724, 20.51477453], [85.7757246, 20.51486665], [85.77559025, 20.51438415]]]]}, "geometry_name": "geom", "properties": {"id": 18275, "gridcode": 1, "from_time": "18-08-2022 18:00", "to_time": "18-08-2022 18:00"}}, {"type": "Feature", "id": "odflood50dsc18082022_1800hrs.18277", "geometry": {"type": "MultiPolygon", "coordinates": [[[[85.84134693, 20.51474348], [85.84151896, 20.5143059], [85.84109467, 20.51454873], [85.84134693, 20.51474348]]]]}, "geometry_name": "geom", "properties": {"id": 18277, "gridcode": 1, "from_time": "18-08-2022 18:00", "to_time": "18-08-2022 18:00"}}, {"type": "Feature", "id": "odflood50dsc18082022_1800hrs.18278", "geometry": {"type": "MultiPolygon", "coordinates": [[[[85.84583851, 20.5170791], [85.84501357, 20.51700576], [85.84433006, 20.51656064], [85.8440185, 20.51572794], [85.84368255, 20.51564179], [85.84356943, 20.51545827], [85.84285275, 20.51521404], [85.84229468, 20.5147619], [85.84175995, 20.51492858], [85.84134693, 20.51474348], [85.84150966, 20.51529808], [85.84199711, 20.51557723], [85.84234289, 20.51554196], [85.84250645, 20.5160992], [85.8433373, 20.51661169], [85.84396034, 20.51769967], [85.84412342, 20.51807549], [85.84441625, 20.51831884], [85.84473522, 20.51887573], [85.84432501, 20.51959192], [85.84485865, 20.52003529], [85.84508503, 20.52030777], [85.84661194, 20.5204634], [85.84695377, 20.52005179], [85.84737393, 20.52021496], [85.84782599, 20.52047375], [85.84925211, 20.5206192], [85.84988093, 20.52055498], [85.85077964, 20.52064674], [85.85114953, 20.51932366], [85.85095061, 20.51879414], [85.85063427, 20.51771617], [85.85041005, 20.51788039], [85.85049869, 20.51875046], [85.84995444, 20.5188059], [85.84950419, 20.51861062], [85.84993997, 20.51800514], [85.84952893, 20.51733877], [85.84915828, 20.51737649], [85.8489909, 20.51662169], [85.84879466, 20.51627886], [85.84859083, 20.51558442], [85.84789634, 20.51538055], [85.84768501, 20.51489331], [85.84700632, 20.51482419], [85.84651707, 20.51487402], [85.84556072, 20.51466189], [85.84467899, 20.51441538], [85.84493133, 20.515353], [85.84529952, 20.51539055], [85.84574539, 20.5153451], [85.84610677, 20.51593111], [85.84641478, 20.51556021], [85.84675095, 20.51629044], [85.84599826, 20.51621359], [85.84592005, 20.51698102], [85.84583851, 20.5170791]], [[85.84583851, 20.5170791], [85.84628398, 20.51737351], [85.84655716, 20.51725876], [85.84646667, 20.51786372], [85.84594154, 20.51750404], [85.84583851, 20.5170791]], [[85.84655716, 20.51725876], [85.8466548, 20.51703067], [85.84697035, 20.51718595], [85.84655716, 20.51725876]], [[85.84368255, 20.51564179], [85.8435596, 20.51607183], [85.84324335, 20.51576742], [85.84368255, 20.51564179]], [[85.85033008, 20.51923506], [85.85054089, 20.51970562], [85.85026561, 20.5202018], [85.84996541, 20.51932103], [85.85033008, 20.51923506]], [[85.84601817, 20.51941472], [85.84592053, 20.51964281], [85.84560498, 20.51948753], [85.84601817, 20.51941472]], [[85.84889278, 20.5185164], [85.84904933, 20.51871923], [85.84950967, 20.51907452], [85.84915306, 20.51967263], [85.84863486, 20.51871554], [85.84889278, 20.5185164]], [[85.84565884, 20.51869607], [85.84543413, 20.5191061], [85.84523592, 20.51878713], [85.84565884, 20.51869607]], [[85.8463775, 20.5185164], [85.84627986, 20.51874449], [85.84596431, 20.51858922], [85.8463775, 20.5185164]], [[85.84511986, 20.51761809], [85.8452014, 20.51771617], [85.84562757, 20.51807023], [85.84497169, 20.51859799], [85.84449932, 20.51780021], [85.84511986, 20.51761809]], [[85.84745547, 20.51743842], [85.8473835, 20.5178467], [85.84722195, 20.51753843], [85.84745547, 20.51743842]], [[85.84835379, 20.51725876], [85.84824111, 20.51787635], [85.84773164, 20.51737228], [85.84835379, 20.51725876]], [[85.84404188, 20.51654011], [85.84398038, 20.51675907], [85.84382282, 20.51660169], [85.84404188, 20.51654011]], [[85.8463775, 20.51636045], [85.846316, 20.51657941], [85.84615844, 20.51642203], [85.8463775, 20.51636045]]]]}, "geometry_name": "geom", "properties": {"id": 18278, "gridcode": 1, "from_time": "18-08-2022 18:00", "to_time": "18-08-2022 18:00"}}, {"type": "Feature", "id": "odflood50dsc18082022_1800hrs.18281", "geometry": {"type": "MultiPolygon", "coordinates": [[[[85.77576992, 20.51420449], [85.77559025, 20.51420449], [85.77559025, 20.51438415], [85.77576992, 20.51438415], [85.77576992, 20.51420449]]]]}, "geometry_name": "geom", "properties": {"id": 18281, "gridcode": 1, "from_time": "18-08-2022 18:00", "to_time": "18-08-2022 18:00"}}, {"type": "Feature", "id": "odflood50dsc18082022_1800hrs.18283", "geometry": {"type": "MultiPolygon", "coordinates": [[[[85.81996703, 20.51546213], [85.81996703, 20.51528247], [85.82014669, 20.51528247], [85.82038671, 20.51480383], [85.82062532, 20.51468312], [85.82068568, 20.51438415], [85.81986562, 20.5144624], [85.81951669, 20.51467295], [85.81897572, 20.51427186], [85.81873698, 20.51458119], [85.81899998, 20.51501718], [85.81878764, 20.51518106], [85.81863113, 20.51546353], [85.81933882, 20.51535897], [85.81996703, 20.51546213]]]]}, "geometry_name": "geom", "properties": {"id": 18283, "gridcode": 1, "from_time": "18-08-2022 18:00", "to_time": "18-08-2022 18:00"}}, {"type": "Feature", "id": "odflood50dsc18082022_1800hrs.18284", "geometry": {"type": "MultiPolygon", "coordinates": [[[[85.82068568, 20.51438415], [85.82109887, 20.51431134], [85.82078332, 20.51415606], [85.82068568, 20.51438415]]]]}, "geometry_name": "geom", "properties": {"id": 18284, "gridcode": 1, "from_time": "18-08-2022 18:00", "to_time": "18-08-2022 18:00"}}, {"type": "Feature", "id": "odflood50dsc18082022_1800hrs.18292", "geometry": {"type": "MultiPolygon", "coordinates": [[[[85.83685535, 20.51384516], [85.83628132, 20.51403149], [85.83673859, 20.51497385], [85.83721108, 20.51546564], [85.83748597, 20.51572987], [85.83781723, 20.51607463], [85.83856395, 20.51662819], [85.83891968, 20.51717068], [85.83997902, 20.5175144], [85.84000134, 20.51860781], [85.83964193, 20.51930559], [85.84027816, 20.51966474], [85.84058779, 20.51839464], [85.84161463, 20.51789653], [85.84122574, 20.51768844], [85.84000126, 20.51771336], [85.84017732, 20.5175265], [85.84079211, 20.51732701], [85.84044862, 20.51661889], [85.83981427, 20.51663187], [85.8398233, 20.51618798], [85.83926879, 20.51590234], [85.83849197, 20.51591831], [85.8375687, 20.515313], [85.83695295, 20.51440451], [85.83694339, 20.51393675], [85.83685535, 20.51384516]]]]}, "geometry_name": "geom", "properties": {"id": 18292, "gridcode": 1, "from_time": "18-08-2022 18:00", "to_time": "18-08-2022 18:00"}}, {"type": "Feature", "id": "odflood50dsc18082022_1800hrs.18294", "geometry": {"type": "MultiPolygon", "coordinates": [[[[85.74163393, 20.51887573], [85.74148962, 20.51808444], [85.74117855, 20.51805953], [85.74099375, 20.51847359], [85.74047709, 20.51891871], [85.74045889, 20.51914522], [85.74048591, 20.51948139], [85.73993604, 20.51952543], [85.7399199, 20.51932489], [85.73994586, 20.5190017], [85.73950469, 20.51848973], [85.73867616, 20.51777582], [85.73884249, 20.51752159], [85.73956114, 20.51707138], [85.739144, 20.51674767], [85.73866283, 20.51716226], [85.73824915, 20.51782266], [85.73759818, 20.51838359], [85.73786053, 20.51874537], [85.73871858, 20.51948472], [85.73795751, 20.51996143], [85.73867818, 20.52057586], [85.7390508, 20.52022706], [85.73900772, 20.51969088], [85.73921515, 20.51985721], [85.73966058, 20.52056832], [85.74034743, 20.52062358], [85.74117811, 20.5203962], [85.74208976, 20.52022987], [85.7425505, 20.51997283], [85.74353246, 20.52005179], [85.74442538, 20.51897223], [85.74460118, 20.51857834], [85.74479927, 20.51966421], [85.74517425, 20.51969439], [85.74512596, 20.51909294], [85.74602256, 20.51832042], [85.74607704, 20.51764248], [85.74583737, 20.51710542], [85.74460504, 20.51720455], [85.7448219, 20.51668082], [85.7453387, 20.51645028], [85.74528233, 20.515749], [85.74550336, 20.51555863], [85.74566969, 20.51518597], [85.74638834, 20.51486524], [85.74601243, 20.51384727], [85.74342798, 20.51363971], [85.7431669, 20.51394271], [85.74279271, 20.51391254], [85.74285179, 20.51464786], [85.74242123, 20.51501876], [85.74245005, 20.51537721], [85.74213972, 20.51593357], [85.74262875, 20.51662327], [85.74279508, 20.51699593], [85.74298807, 20.51716226], [85.7434382, 20.51788092], [85.74406605, 20.51771459], [85.74437564, 20.51735526], [85.74451657, 20.51782635], [85.74417988, 20.51858079], [85.74388556, 20.51823919], [85.74361659, 20.51826077], [85.74279508, 20.51789425], [85.74233013, 20.51763493], [85.74206954, 20.51850044], [85.74163393, 20.51887573]], [[85.74163393, 20.51887573], [85.74140922, 20.51928576], [85.74121101, 20.51896679], [85.74163393, 20.51887573]], [[85.74343056, 20.5170791], [85.74336907, 20.51729806], [85.74321151, 20.51714068], [85.74343056, 20.5170791]], [[85.74432888, 20.51618078], [85.7442555, 20.51646677], [85.74355531, 20.51695014], [85.74335718, 20.51647151], [85.74407583, 20.51628711], [85.74432888, 20.51618078]], [[85.7418136, 20.51959438], [85.7417521, 20.51981335], [85.74159455, 20.51965596], [85.7418136, 20.51959438]], [[85.74289158, 20.51887573], [85.74301865, 20.51915347], [85.74252795, 20.51966123], [85.74228574, 20.51896153], [85.74289158, 20.51887573]], [[85.74109495, 20.51923506], [85.74103345, 20.51945402], [85.74087589, 20.51929664], [85.74109495, 20.51923506]], [[85.74486787, 20.51600112], [85.74480637, 20.51622008], [85.74464882, 20.5160627], [85.74486787, 20.51600112]], [[85.74486787, 20.51528247], [85.74474615, 20.51551354], [85.7442669, 20.51536054], [85.74486787, 20.51528247]], [[85.74504753, 20.51492314], [85.74498604, 20.51514211], [85.74482848, 20.51498473], [85.74504753, 20.51492314]], [[85.74361023, 20.51402483], [85.74352399, 20.51442573], [85.7431873, 20.5142566], [85.74361023, 20.51402483]]]]}, "geometry_name": "geom", "properties": {"id": 18294, "gridcode": 1, "from_time": "18-08-2022 18:00", "to_time": "18-08-2022 18:00"}}, {"type": "Feature", "id": "odflood50dsc18082022_1800hrs.18295", "geometry": {"type": "MultiPolygon", "coordinates": [[[[85.76966137, 20.51402483], [85.76953202, 20.51358392], [85.7680805, 20.51385692], [85.76817915, 20.51482506], [85.76794628, 20.51448223], [85.7677775, 20.51409325], [85.76760354, 20.51430257], [85.76703318, 20.51446995], [85.76757867, 20.51492314], [85.76653911, 20.51578672], [85.76645279, 20.51663345], [85.76669855, 20.51720016], [85.7668683, 20.51662169], [85.76706455, 20.51627886], [85.76735461, 20.51561021], [85.76801519, 20.51513474], [85.76868081, 20.51520264], [85.7688446, 20.51482506], [85.76904084, 20.51448223], [85.7692984, 20.5138885], [85.76966137, 20.51402483]]]]}, "geometry_name": "geom", "properties": {"id": 18295, "gridcode": 1, "from_time": "18-08-2022 18:00", "to_time": "18-08-2022 18:00"}}, {"type": "Feature", "id": "odflood50dsc18082022_1800hrs.18299", "geometry": {"type": "MultiPolygon", "coordinates": [[[[85.77882419, 20.5170791], [85.77871751, 20.51670609], [85.77742509, 20.51654537], [85.77710743, 20.5167996], [85.77691316, 20.51704225], [85.77576992, 20.51689944], [85.77570956, 20.51678013], [85.77493196, 20.51665942], [85.77469194, 20.51654011], [85.7746039, 20.51626886], [85.77424076, 20.51591989], [85.77424467, 20.51572987], [85.77403965, 20.51553301], [85.77406856, 20.51411659], [85.773356, 20.51410203], [85.77297615, 20.51466242], [85.77298698, 20.51519264], [85.77297965, 20.51555196], [85.77352233, 20.51581532], [85.77314489, 20.51630027], [85.77280368, 20.51662819], [85.77258581, 20.51729964], [85.77226469, 20.51699102], [85.77208853, 20.51680767], [85.77190716, 20.51681136], [85.77137387, 20.51680048], [85.77136269, 20.51734859], [85.77138098, 20.51824515], [85.77118671, 20.518069], [85.77011575, 20.51662433], [85.76957347, 20.51663538], [85.7695697, 20.51645028], [85.76957724, 20.51608165], [85.76868524, 20.5160999], [85.76797392, 20.51573338], [85.76793247, 20.51678294], [85.76813244, 20.51699102], [85.76858677, 20.51742755], [85.76813963, 20.51789302], [85.76739668, 20.5182534], [85.76813603, 20.51896381], [85.76831741, 20.51915259], [85.7688367, 20.51861202], [85.76921221, 20.51860448], [85.76939188, 20.51860799], [85.7702698, 20.51859009], [85.77136637, 20.51964368], [85.77103249, 20.52006459], [85.77006355, 20.51932945], [85.76885512, 20.51930471], [85.76884398, 20.51985177], [85.76921042, 20.52056323], [85.76900772, 20.52058744], [85.76813603, 20.52056972], [85.76867147, 20.52148277], [85.76885289, 20.52147909], [85.76903426, 20.52148277], [85.76921221, 20.5212975], [85.76947991, 20.52157611], [85.77080278, 20.52112327], [85.77065132, 20.52166226], [85.76921401, 20.52186298], [85.77010873, 20.52220125], [85.77082738, 20.52243443], [85.77047148, 20.52256075], [85.76993639, 20.5225497], [85.76969765, 20.52324712], [85.7701157, 20.52346258], [85.77082716, 20.52344801], [85.7708348, 20.52382208], [85.77029019, 20.52381102], [85.77011233, 20.52417754], [85.76957334, 20.52469548], [85.77014382, 20.52501743], [85.77083098, 20.52435721], [85.77100705, 20.52417403], [85.77136997, 20.52399788], [85.77173754, 20.52380857], [85.77226469, 20.52435721], [85.77280368, 20.52487514], [85.77212183, 20.52525991], [85.77155301, 20.52524833], [85.77119031, 20.52543519], [85.76993938, 20.52563889], [85.77056328, 20.52623841], [85.77098191, 20.52667405], [85.77280368, 20.52671125], [85.77262761, 20.52650965], [85.77208862, 20.52624806], [85.77280933, 20.52578732], [85.77333525, 20.52579802], [85.77361756, 20.52552677], [85.77405053, 20.52507621], [85.77442806, 20.52506849], [85.77441143, 20.52588259], [85.77496323, 20.52615033], [85.77517491, 20.52680266], [85.77569508, 20.52705496], [85.77612564, 20.52750306], [85.77640053, 20.5277673], [85.7767492, 20.52848595], [85.77729885, 20.52813013], [85.7778295, 20.52757781], [85.77889467, 20.52812662], [85.7789231, 20.52764834], [85.77819357, 20.52741148], [85.7780175, 20.52704864], [85.77757975, 20.52683617], [85.77721801, 20.52572152], [85.77659858, 20.52507674], [85.77572618, 20.52486409], [85.77559025, 20.52444528], [85.77628561, 20.52423597], [85.77676473, 20.52382313], [85.77700628, 20.52302096], [85.77906697, 20.52285534], [85.77910289, 20.52330239], [85.77805553, 20.52376962], [85.77798439, 20.52465512], [85.77855816, 20.52545431], [85.77872769, 20.52470811], [85.77928001, 20.52454178], [85.77944634, 20.52416912], [85.779819, 20.52400279], [85.77998533, 20.52363013], [85.78035799, 20.5234638], [85.78052432, 20.52309114], [85.78089698, 20.52292481], [85.78106331, 20.52147418], [85.78143597, 20.52130785], [85.78165235, 20.5205892], [85.78251395, 20.52075552], [85.78273032, 20.52147418], [85.7836218, 20.52130206], [85.78406411, 20.52078868], [85.78483667, 20.52072657], [85.78509007, 20.52129451], [85.78538856, 20.52094852], [85.78555488, 20.52057586], [85.78574788, 20.52022987], [85.78593224, 20.51981685], [85.78628687, 20.51951122], [85.7864532, 20.51931822], [85.78680823, 20.51901241], [85.78682643, 20.51878555], [85.78661672, 20.51645747], [85.78689437, 20.51621833], [85.78681253, 20.5151993], [85.78672936, 20.5151028], [85.78588022, 20.51520895], [85.78557151, 20.51482331], [85.78547172, 20.51474348], [85.78539185, 20.51502297], [85.78462275, 20.51534703], [85.78431387, 20.51612323], [85.78480127, 20.51606253], [85.7844716, 20.51662345], [85.78453318, 20.5171184], [85.78518108, 20.51763721], [85.78537193, 20.51800987], [85.78470657, 20.51829024], [85.78448357, 20.51881941], [85.7840342, 20.51876344], [85.7831361, 20.51887573], [85.7827834, 20.51946981], [85.7816988, 20.51891117], [85.7808897, 20.51932787], [85.78061042, 20.51903715], [85.78161098, 20.51807584], [85.78160695, 20.51787846], [85.78214966, 20.51788951], [85.78232582, 20.51770616], [85.78268668, 20.51735947], [85.78286481, 20.51657906], [85.78149224, 20.51624447], [85.78286832, 20.51627254], [85.78304447, 20.5160892], [85.78323506, 20.51591304], [85.78320514, 20.51737912], [85.78286481, 20.51770616], [85.78268874, 20.51789986], [85.78304816, 20.51824515], [85.78304438, 20.51842815], [85.7831361, 20.51869607], [85.78380006, 20.51856939], [85.78395511, 20.51465768], [85.78340888, 20.51463593], [85.78322935, 20.51501648], [85.78286292, 20.5151893], [85.78288384, 20.51571724], [85.7821841, 20.51608744], [85.78196215, 20.51573075], [85.78268352, 20.51506228], [85.78242938, 20.51339951], [85.78071841, 20.51364936], [85.7806942, 20.51426011], [85.78106655, 20.51483682], [85.78142588, 20.51516965], [85.78107103, 20.51519632], [85.78036299, 20.51516825], [85.78034764, 20.51555512], [85.78054156, 20.51573478], [85.7805273, 20.51609411], [85.78071407, 20.51626711], [85.78089031, 20.51664064], [85.78160554, 20.51661222], [85.78116665, 20.51708594], [85.78087974, 20.51735175], [85.780894, 20.5177109], [85.78070723, 20.51806374], [85.78053344, 20.51843201], [85.77999542, 20.5182434], [85.77883221, 20.51802145], [85.77819879, 20.51710085], [85.77855482, 20.51698471], [85.77882419, 20.5170791]], [[85.77576992, 20.51689944], [85.77570842, 20.5171184], [85.77555086, 20.51696102], [85.77576992, 20.51689944]], [[85.77469194, 20.51654011], [85.77469194, 20.51671977], [85.77451227, 20.51671977], [85.77451227, 20.51654011], [85.77469194, 20.51654011]], [[85.77451227, 20.51671977], [85.77451227, 20.5170791], [85.77307497, 20.5170791], [85.77307497, 20.51671977], [85.77451227, 20.51671977]], [[85.77451227, 20.5170791], [85.77492055, 20.51715103], [85.77461219, 20.51731263], [85.77451227, 20.5170791]], [[85.77559025, 20.52444528], [85.77505126, 20.52444528], [85.77505126, 20.52408596], [85.77559025, 20.52408596], [85.77559025, 20.52444528]], [[85.78187846, 20.51438415], [85.78212642, 20.51494964], [85.78163857, 20.51535265], [85.78138956, 20.51464452], [85.78187846, 20.51438415]], [[85.78205812, 20.51671977], [85.78196048, 20.51694786], [85.78164493, 20.51679258], [85.78205812, 20.51671977]], [[85.78637004, 20.51618078], [85.78630968, 20.51665942], [85.78580368, 20.51678013], [85.78606642, 20.51624202], [85.78637004, 20.51618078]], [[85.77505126, 20.51995371], [85.77498977, 20.52017267], [85.77483221, 20.52001529], [85.77505126, 20.51995371]], [[85.78385475, 20.51977404], [85.78375834, 20.52019583], [85.78324892, 20.51985984], [85.78385475, 20.51977404]], [[85.7700207, 20.51959438], [85.76992306, 20.51982247], [85.76960751, 20.51966719], [85.7700207, 20.51959438]], [[85.77289531, 20.5204927], [85.77277359, 20.52072377], [85.77229434, 20.52057077], [85.77289531, 20.5204927]], [[85.7763089, 20.5204927], [85.77624741, 20.52071166], [85.77608985, 20.52055428], [85.7763089, 20.5204927]], [[85.78529206, 20.52067236], [85.78523056, 20.52089132], [85.78507301, 20.52073394], [85.78529206, 20.52067236]], [[85.77882419, 20.52408596], [85.77872778, 20.52450774], [85.77821835, 20.52417175], [85.77882419, 20.52408596]], [[85.77648857, 20.52606225], [85.77642707, 20.52628122], [85.77626952, 20.52612383], [85.77648857, 20.52606225]], [[85.771458, 20.52570293], [85.77137177, 20.52610383], [85.77103507, 20.5259347], [85.771458, 20.52570293]], [[85.77415295, 20.52444528], [85.77409145, 20.52466425], [85.7739339, 20.52450687], [85.77415295, 20.52444528]], [[85.77325463, 20.52300798], [85.7729411, 20.52363645], [85.77311589, 20.52399437], [85.77262349, 20.52414631], [85.77247562, 20.52348872], [85.77283495, 20.52330695], [85.77295566, 20.52306833], [85.77325463, 20.52300798]], [[85.77433261, 20.52336731], [85.77423861, 20.52396384], [85.77354058, 20.52357048], [85.77433261, 20.52336731]], [[85.77469194, 20.52067236], [85.7745818, 20.52112082], [85.77462426, 20.5213103], [85.77418935, 20.5218714], [85.77429599, 20.52234705], [85.77373993, 20.5224718], [85.77354058, 20.522183], [85.77332802, 20.52203632], [85.77310787, 20.52171735], [85.77264226, 20.52139592], [85.77298904, 20.52108695], [85.77324968, 20.52146435], [85.77372024, 20.52131767], [85.77413439, 20.5207178], [85.77442744, 20.52078342], [85.77469194, 20.52067236]], [[85.77199699, 20.52139101], [85.77208016, 20.52148751], [85.77243838, 20.52179613], [85.77202506, 20.52237249], [85.77137484, 20.52150453], [85.77199699, 20.52139101]], [[85.77612924, 20.52210966], [85.77619074, 20.5218907], [85.77634829, 20.52204808], [85.77612924, 20.52210966]], [[85.77612924, 20.52210966], [85.77606775, 20.52232863], [85.77591019, 20.52217125], [85.77612924, 20.52210966]], [[85.77918351, 20.52121135], [85.77940125, 20.52172981], [85.7784292, 20.52236267], [85.77749733, 20.52218949], [85.7771827, 20.5217063], [85.77774621, 20.52157997], [85.77854079, 20.52175806], [85.77871791, 20.52128469], [85.77918351, 20.52121135]], [[85.77810553, 20.52085202], [85.77803356, 20.5212603], [85.77787201, 20.52095203], [85.77810553, 20.52085202]], [[85.77055969, 20.52067236], [85.77048771, 20.52108064], [85.77032616, 20.52077237], [85.77055969, 20.52067236]], [[85.77199699, 20.5204927], [85.77182746, 20.52110152], [85.77137975, 20.52059762], [85.77199699, 20.5204927]], [[85.78080048, 20.52085202], [85.78070284, 20.52108011], [85.78038729, 20.52092484], [85.78080048, 20.52085202]], [[85.77325463, 20.51815708], [85.77339587, 20.5185164], [85.77309208, 20.51928927], [85.77335604, 20.51949297], [85.77351255, 20.52054761], [85.77255142, 20.5198351], [85.77225258, 20.51987914], [85.77173908, 20.51935699], [85.77257752, 20.51912347], [85.77284293, 20.51847482], [85.77325463, 20.51815708]], [[85.78133947, 20.51959438], [85.78159252, 20.52019688], [85.78081693, 20.52044848], [85.78036777, 20.52013828], [85.78088027, 20.51966175], [85.78107498, 20.51970544], [85.78133947, 20.51959438]], [[85.77541059, 20.51995371], [85.77533861, 20.52036198], [85.77517706, 20.52005372], [85.77541059, 20.51995371]], [[85.7763089, 20.51959438], [85.7761438, 20.52018723], [85.77574522, 20.52039129], [85.775512, 20.51991528], [85.7763089, 20.51959438]], [[85.77936318, 20.51959438], [85.77986843, 20.52027128], [85.77913171, 20.5201625], [85.7789256, 20.51971632], [85.77936318, 20.51959438]], [[85.77936318, 20.51905539], [85.77930168, 20.51927436], [85.77914412, 20.51911698], [85.77936318, 20.51905539]], [[85.78421408, 20.51905539], [85.78415258, 20.51927436], [85.78399503, 20.51911698], [85.78421408, 20.51905539]], [[85.78529206, 20.51905539], [85.78519442, 20.51928348], [85.78487887, 20.5191282], [85.78529206, 20.51905539]], [[85.77163766, 20.51869607], [85.77157617, 20.51891503], [85.77141861, 20.51875765], [85.77163766, 20.51869607]], [[85.7748716, 20.51761809], [85.77497753, 20.51788758], [85.77462171, 20.51879274], [85.77434915, 20.51895398], [85.7740747, 20.51775354], [85.7748716, 20.51761809]], [[85.78547172, 20.51869607], [85.78541022, 20.51891503], [85.78525267, 20.51875765], [85.78547172, 20.51869607]], [[85.77864452, 20.51797741], [85.77864452, 20.5185164], [85.7782852, 20.5185164], [85.7782852, 20.51797741], [85.77864452, 20.51797741]], [[85.77038002, 20.51761809], [85.77030804, 20.51802636], [85.7701465, 20.5177181], [85.77038002, 20.51761809]], [[85.77648857, 20.51761809], [85.77636685, 20.51784916], [85.7758876, 20.51769616], [85.77648857, 20.51761809]], [[85.77307497, 20.51743842], [85.77301347, 20.51765739], [85.77285592, 20.51750001], [85.77307497, 20.51743842]]]]}, "geometry_name": "geom", "properties": {"id": 18299, "gridcode": 1, "from_time": "18-08-2022 18:00", "to_time": "18-08-2022 18:00"}}, {"type": "Feature", "id": "odflood50dsc18082022_1800hrs.18313", "geometry": {"type": "MultiPolygon", "coordinates": [[[[85.87548291, 20.51312651], [85.87449805, 20.51340162], [85.87423088, 20.51338565], [85.87378116, 20.51368252], [85.87432765, 20.51393342], [85.87343525, 20.51473067], [85.87378484, 20.51537405], [85.87359141, 20.51554687], [85.87342183, 20.51592708], [85.87385454, 20.51590129], [85.87418829, 20.51482033], [85.87467605, 20.51484945], [85.87484905, 20.51428923], [85.87525092, 20.51410483], [85.87566687, 20.51363918], [85.87548291, 20.51312651]]]]}, "geometry_name": "geom", "properties": {"id": 18313, "gridcode": 1, "from_time": "18-08-2022 18:00", "to_time": "18-08-2022 18:00"}}, {"type": "Feature", "id": "odflood50dsc18082022_1800hrs.18332", "geometry": {"type": "MultiPolygon", "coordinates": [[[[85.78601071, 20.5122282], [85.78622976, 20.51216661], [85.78607221, 20.51200923], [85.78601071, 20.5122282]]]]}, "geometry_name": "geom", "properties": {"id": 18332, "gridcode": 1, "from_time": "18-08-2022 18:00", "to_time": "18-08-2022 18:00"}}, {"type": "Feature", "id": "odflood50dsc18082022_1800hrs.18342", "geometry": {"type": "MultiPolygon", "coordinates": [[[[85.86075054, 20.51150954], [85.8603363, 20.51163429], [85.86012839, 20.51232469], [85.85993539, 20.51267069], [85.8596208, 20.51337565], [85.85929986, 20.51365217], [85.85882491, 20.51420344], [85.85830746, 20.51391482], [85.8572736, 20.51399781], [85.85706109, 20.51470365], [85.85608746, 20.5146254], [85.85617637, 20.51573163], [85.85616023, 20.51593217], [85.85580397, 20.51590357], [85.85561141, 20.51612709], [85.85567967, 20.51697681], [85.8551423, 20.51721665], [85.85437377, 20.5166717], [85.85419604, 20.51588936], [85.85364481, 20.51593375], [85.85370127, 20.51523141], [85.85175519, 20.51538774], [85.85204952, 20.51591532], [85.85167089, 20.51608428], [85.8513249, 20.51640694], [85.85204355, 20.51662327], [85.85220988, 20.51683066], [85.85156505, 20.5167789], [85.8513249, 20.51744141], [85.85168422, 20.5184199], [85.85188832, 20.51931822], [85.85228449, 20.51985721], [85.8532904, 20.51929594], [85.8543682, 20.51969176], [85.85462568, 20.51967105], [85.85522845, 20.51897135], [85.85573708, 20.51879256], [85.85534824, 20.51948946], [85.85694516, 20.5198523], [85.85742011, 20.51925804], [85.85615374, 20.51834867], [85.8561908, 20.51788758], [85.85615093, 20.51739158], [85.85620111, 20.5171756], [85.85652223, 20.5178953], [85.85709214, 20.51784951], [85.85705973, 20.51825287], [85.85761416, 20.51860027], [85.85758622, 20.51894802], [85.85800721, 20.51970246], [85.85865082, 20.51965088], [85.85903707, 20.51990686], [85.85867775, 20.52021653], [85.85811771, 20.52086659], [85.85816021, 20.52139557], [85.85984793, 20.52185491], [85.86015067, 20.5218307], [85.86048447, 20.52072184], [85.86085077, 20.52040637], [85.8606497, 20.51985879], [85.86160267, 20.51949718], [85.86198064, 20.51905855], [85.86159157, 20.5183613], [85.86195454, 20.51804847], [85.86258581, 20.51809918], [85.8622457, 20.51748966], [85.86299374, 20.51754966], [85.86340904, 20.51688663], [85.86312099, 20.51637027], [85.86247756, 20.51672925], [85.86210468, 20.51656204], [85.8626717, 20.51607358], [85.86256972, 20.51480419], [85.86336737, 20.51411694], [85.86314059, 20.51371059], [85.86245067, 20.51340267], [85.8620781, 20.51319476], [85.86211244, 20.51276719], [85.86206393, 20.51216328], [85.86113114, 20.51195133], [85.86075054, 20.51150954]], [[85.86272683, 20.51402483], [85.86250778, 20.51396324], [85.86266534, 20.51380586], [85.86272683, 20.51402483]], [[85.86272683, 20.51402483], [85.86294589, 20.51408641], [85.86278833, 20.51424379], [85.86272683, 20.51402483]], [[85.85751661, 20.51456382], [85.85745511, 20.51478278], [85.85729755, 20.5146254], [85.85751661, 20.51456382]], [[85.86200818, 20.51456382], [85.86194669, 20.51478278], [85.86178913, 20.5146254], [85.86200818, 20.51456382]], [[85.8594929, 20.5151028], [85.85941066, 20.51563828], [85.85888987, 20.51607288], [85.85911024, 20.51519825], [85.8594929, 20.5151028]], [[85.86057088, 20.51582146], [85.86050938, 20.51604042], [85.86035183, 20.51588304], [85.86057088, 20.51582146]], [[85.85787593, 20.51528247], [85.85781444, 20.51550143], [85.85765688, 20.51534405], [85.85787593, 20.51528247]], [[85.85338436, 20.51636045], [85.853522, 20.51663731], [85.85325461, 20.51695979], [85.85296467, 20.51644519], [85.85338436, 20.51636045]], [[85.86039121, 20.51797741], [85.86023897, 20.51859729], [85.86032152, 20.51896556], [85.86025559, 20.51925962], [85.85971498, 20.51890749], [85.85978433, 20.51859816], [85.85943544, 20.51806251], [85.86039121, 20.51797741]], [[85.86110987, 20.51779775], [85.86136072, 20.51839499], [85.86077405, 20.51858974], [85.8604975, 20.51789425], [85.86110987, 20.51779775]], [[85.85895391, 20.51725876], [85.85862362, 20.51768669], [85.85833667, 20.51736368], [85.85895391, 20.51725876]], [[85.85284537, 20.5185164], [85.85274773, 20.51874449], [85.85243218, 20.51858922], [85.85284537, 20.5185164]], [[85.85194705, 20.51797741], [85.85188556, 20.51819638], [85.851728, 20.518039], [85.85194705, 20.51797741]], [[85.85841492, 20.51689944], [85.85835343, 20.5171184], [85.85819587, 20.51696102], [85.85841492, 20.51689944]], [[85.85733694, 20.51600112], [85.85725255, 20.51659696], [85.85691077, 20.5160985], [85.85733694, 20.51600112]], [[85.86003189, 20.51420449], [85.85996337, 20.51467505], [85.85948575, 20.51496929], [85.85924472, 20.51428748], [85.86003189, 20.51420449]], [[85.8609302, 20.51240786], [85.86085682, 20.51359216], [85.86076642, 20.51373884], [85.86032634, 20.51256278], [85.8609302, 20.51240786]]]]}, "geometry_name": "geom", "properties": {"id": 18342, "gridcode": 1, "from_time": "18-08-2022 18:00", "to_time": "18-08-2022 18:00"}}, {"type": "Feature", "id": "odflood50dsc18082022_1800hrs.18346", "geometry": {"type": "MultiPolygon", "coordinates": [[[[85.76427148, 20.51115022], [85.76400703, 20.51138655], [85.76468603, 20.51153972], [85.76435627, 20.51124514], [85.76427148, 20.51115022]]]]}, "geometry_name": "geom", "properties": {"id": 18346, "gridcode": 1, "from_time": "18-08-2022 18:00", "to_time": "18-08-2022 18:00"}}, {"type": "Feature", "id": "odflood50dsc18082022_1800hrs.18352", "geometry": {"type": "MultiPolygon", "coordinates": [[[[85.78493273, 20.51294685], [85.78481307, 20.51227522], [85.78410539, 20.5123475], [85.78447528, 20.51102459], [85.78377812, 20.51106021], [85.78330682, 20.51188308], [85.78357697, 20.51250594], [85.78392708, 20.51311739], [85.78270063, 20.51299229], [85.78266019, 20.51338899], [85.7828749, 20.51356742], [85.78310869, 20.51410641], [85.78426571, 20.51392219], [85.78451603, 20.51306914], [85.78493273, 20.51294685]]]]}, "geometry_name": "geom", "properties": {"id": 18352, "gridcode": 1, "from_time": "18-08-2022 18:00", "to_time": "18-08-2022 18:00"}}, {"type": "Feature", "id": "odflood50dsc18082022_1800hrs.18356", "geometry": {"type": "MultiPolygon", "coordinates": [[[[85.76103754, 20.51061123], [85.76022077, 20.51087248], [85.75987802, 20.51096371], [85.76036341, 20.51181115], [85.7609056, 20.51175588], [85.76111909, 20.51257928], [85.76013923, 20.51247944], [85.75969007, 20.51252524], [85.75888773, 20.5124433], [85.75951493, 20.51296439], [85.75956147, 20.51374709], [85.75844019, 20.51310476], [85.75826106, 20.51425484], [85.75901998, 20.51447749], [85.75932246, 20.51484156], [85.75987802, 20.51500473], [85.76081209, 20.51559319], [85.76131283, 20.51554214], [85.76168773, 20.51575689], [85.76237519, 20.51568689], [85.76255639, 20.51605147], [85.76183774, 20.51626237], [85.76149499, 20.51642238], [85.76286014, 20.51672521], [85.76317688, 20.51634378], [85.76350874, 20.51606814], [85.76436131, 20.51615499], [85.76587187, 20.51600112], [85.7657837, 20.51513597], [85.76444579, 20.51551003], [85.76418994, 20.51515334], [85.76514256, 20.51474015], [85.76489201, 20.51430257], [85.76469379, 20.51340881], [85.76396843, 20.51240102], [85.76338738, 20.51273367], [85.76263973, 20.51265753], [85.76300849, 20.51201362], [85.762274, 20.51140357], [85.7620199, 20.51142954], [85.76155859, 20.51116531], [85.76131533, 20.51087248], [85.76111909, 20.51070931], [85.76103754, 20.51061123]], [[85.76373249, 20.51330617], [85.76373249, 20.5136655], [85.76283418, 20.5136655], [85.76283418, 20.51330617], [85.76373249, 20.51330617]], [[85.76373249, 20.51420449], [85.7638507, 20.51448591], [85.76329882, 20.51469242], [85.76309472, 20.51548757], [85.76158316, 20.51509982], [85.76102377, 20.51437801], [85.76162838, 20.51424239], [85.76213574, 20.51457276], [85.76308722, 20.51427783], [85.76373249, 20.51420449]], [[85.76031889, 20.51276719], [85.76024691, 20.51317546], [85.76008537, 20.51286719], [85.76031889, 20.51276719]], [[85.76193586, 20.51276719], [85.76181291, 20.51319722], [85.76149666, 20.51289281], [85.76193586, 20.51276719]], [[85.76229519, 20.51204853], [85.76220895, 20.51244944], [85.76187226, 20.51228031], [85.76229519, 20.51204853]]]]}, "geometry_name": "geom", "properties": {"id": 18356, "gridcode": 1, "from_time": "18-08-2022 18:00", "to_time": "18-08-2022 18:00"}}, {"type": "Feature", "id": "odflood50dsc18082022_1800hrs.18361", "geometry": {"type": "MultiPolygon", "coordinates": [[[[85.81026522, 20.51061123], [85.81004617, 20.51067281], [85.81020373, 20.51083019], [85.81026522, 20.51061123]]]]}, "geometry_name": "geom", "properties": {"id": 18361, "gridcode": 1, "from_time": "18-08-2022 18:00", "to_time": "18-08-2022 18:00"}}, {"type": "Feature", "id": "odflood50dsc18082022_1800hrs.18363", "geometry": {"type": "MultiPolygon", "coordinates": [[[[85.77055969, 20.51061123], [85.77049819, 20.51039226], [85.77034063, 20.51054964], [85.77055969, 20.51061123]]]]}, "geometry_name": "geom", "properties": {"id": 18363, "gridcode": 1, "from_time": "18-08-2022 18:00", "to_time": "18-08-2022 18:00"}}, {"type": "Feature", "id": "odflood50dsc18082022_1800hrs.18370", "geometry": {"type": "MultiPolygon", "coordinates": [[[[85.75115608, 20.51007224], [85.75074289, 20.51014505], [85.75105844, 20.51030033], [85.75115608, 20.51007224]]]]}, "geometry_name": "geom", "properties": {"id": 18370, "gridcode": 1, "from_time": "18-08-2022 18:00", "to_time": "18-08-2022 18:00"}}, {"type": "Feature", "id": "odflood50dsc18082022_1800hrs.18371", "geometry": {"type": "MultiPolygon", "coordinates": [[[[85.80056342, 20.51761809], [85.80011351, 20.51733736], [85.79958194, 20.5177509], [85.79994126, 20.51806058], [85.8001694, 20.51832534], [85.80004632, 20.51859957], [85.79927191, 20.51816743], [85.79900803, 20.51847377], [85.79922445, 20.51986896], [85.79902961, 20.52003687], [85.79886329, 20.52042392], [85.7992627, 20.52039181], [85.79956944, 20.52003582], [85.79977586, 20.52005249], [85.79972844, 20.52064271], [85.79929867, 20.52101291], [85.79994227, 20.52183473], [85.79992696, 20.52202475], [85.80024326, 20.52259181], [85.79983985, 20.52369031], [85.80015733, 20.52416912], [85.80058789, 20.52366943], [85.80119575, 20.52400841], [85.80136523, 20.52370435], [85.80082624, 20.5234638], [85.80060447, 20.52128995], [85.80182106, 20.52139101], [85.80193164, 20.52201159], [85.80353615, 20.52184842], [85.80369923, 20.5214726], [85.80407514, 20.52130943], [85.80428603, 20.52059077], [85.80590756, 20.52077886], [85.80583685, 20.5214726], [85.80748873, 20.52130943], [85.80765182, 20.52075394], [85.80802772, 20.52059077], [85.80826151, 20.52005179], [85.80856671, 20.52021496], [85.80877805, 20.52093501], [85.8091014, 20.52132434], [85.80926879, 20.52075394], [85.80946503, 20.52059077], [85.80972623, 20.52027636], [85.81011635, 20.52074605], [85.81034676, 20.52021496], [85.81150304, 20.52004266], [85.81214339, 20.51967597], [85.81359728, 20.5195128], [85.81383107, 20.51897381], [85.81485492, 20.51913698], [85.81508871, 20.51967597], [85.81521425, 20.5195128], [85.81529579, 20.51887573], [85.81450586, 20.5187859], [85.81529579, 20.51869607], [85.81538057, 20.51860115], [85.81623029, 20.51833885], [85.81628929, 20.51734859], [85.81627832, 20.51716489], [85.81655119, 20.51666275], [85.81594474, 20.51638448], [85.81681424, 20.51560758], [85.81682858, 20.51536739], [85.81599882, 20.51511123], [85.81653637, 20.51394008], [85.81665787, 20.51431906], [85.81662822, 20.51481629], [85.81701904, 20.51483963], [85.81698732, 20.51430801], [85.81735687, 20.51362795], [85.81681371, 20.51353882], [85.81565511, 20.51360778], [85.81502142, 20.51357005], [85.81484825, 20.5141308], [85.81413302, 20.51408816], [85.8143026, 20.51447907], [85.81449235, 20.51464856], [85.81457714, 20.51492314], [85.81430141, 20.51501754], [85.81395011, 20.51465189], [85.81358469, 20.51447451], [85.81377054, 20.51429608], [85.81375948, 20.51375586], [85.81430944, 20.51357742], [85.81448551, 20.51339057], [85.81338239, 20.51341302], [85.8129603, 20.51385236], [85.81323335, 20.51411466], [85.81291582, 20.51441977], [85.81233315, 20.51410238], [85.81275892, 20.51369322], [85.81214989, 20.51339776], [85.81180736, 20.51304124], [85.81143123, 20.51285877], [85.81116713, 20.51258401], [85.81076008, 20.51219293], [85.80909561, 20.51196046], [85.80888433, 20.51109372], [85.80800842, 20.5108802], [85.80766191, 20.51051964], [85.80727319, 20.5101461], [85.80639703, 20.510164], [85.80640795, 20.51070106], [85.80640014, 20.51108548], [85.80457518, 20.51197098], [85.80388718, 20.51195695], [85.80309695, 20.51197291], [85.802811, 20.51286614], [85.80348281, 20.51285245], [85.80388539, 20.51287632], [85.80318099, 20.51355321], [85.802811, 20.51462101], [85.80388898, 20.51483156], [85.80424677, 20.51501578], [85.80486283, 20.5145982], [85.80545152, 20.51490156], [85.80494849, 20.51538476], [85.80415668, 20.51536861], [85.80325029, 20.51538721], [85.80298843, 20.51646133], [85.80262033, 20.51681487], [85.80226851, 20.51680767], [85.80209235, 20.51699102], [85.80190909, 20.51716718], [85.80173162, 20.51735193], [85.80067049, 20.51663257], [85.80056342, 20.51761809]], [[85.80056342, 20.51761809], [85.80078247, 20.51767967], [85.80062491, 20.51783705], [85.80056342, 20.51761809]], [[85.80182106, 20.52139101], [85.80194177, 20.5211524], [85.80235794, 20.52094185], [85.80206108, 20.52079167], [85.80200072, 20.52067236], [85.80301773, 20.52079956], [85.80296904, 20.52119117], [85.80182106, 20.52139101]], [[85.80200072, 20.52067236], [85.80159244, 20.52060042], [85.8019008, 20.52043883], [85.80200072, 20.52067236]], [[85.81457714, 20.51492314], [85.81518284, 20.51477436], [85.81536917, 20.51497455], [85.81465855, 20.51524036], [85.81457714, 20.51492314]], [[85.81367882, 20.51528247], [85.81361732, 20.51550143], [85.81345977, 20.51534405], [85.81367882, 20.51528247]], [[85.80882792, 20.51546213], [85.80889805, 20.51575128], [85.80917566, 20.51615675], [85.80883546, 20.5169326], [85.8076798, 20.51681504], [85.80821879, 20.51646993], [85.80835907, 20.51589164], [85.80857812, 20.51575128], [85.80871839, 20.51553231], [85.80882792, 20.51546213]], [[85.81170253, 20.51671977], [85.81164103, 20.51693874], [85.81148347, 20.51678136], [85.81170253, 20.51671977]], [[85.81080421, 20.51689944], [85.81071982, 20.51749527], [85.81037804, 20.51699681], [85.81080421, 20.51689944]], [[85.81511612, 20.51689944], [85.81519438, 20.51700085], [85.81554519, 20.51727157], [85.81513556, 20.51751668], [85.81473996, 20.51700418], [85.81511612, 20.51689944]], [[85.81367882, 20.51779775], [85.81358144, 20.51859465], [85.81267909, 20.51843815], [85.81252259, 20.51823533], [85.8119836, 20.51801479], [85.8121691, 20.51785039], [85.81279537, 20.51794285], [85.81367882, 20.51779775]], [[85.80613297, 20.51779775], [85.80629553, 20.51812479], [85.80589506, 20.5183971], [85.80562434, 20.51786197], [85.80613297, 20.51779775]], [[85.80523466, 20.52013337], [85.80517316, 20.52035233], [85.8050156, 20.52019495], [85.80523466, 20.52013337]], [[85.80757028, 20.51977404], [85.80743755, 20.5202039], [85.8069465, 20.51996669], [85.80757028, 20.51977404]], [[85.80200072, 20.51977404], [85.80206222, 20.51955508], [85.80221977, 20.51971246], [85.80200072, 20.51977404]], [[85.80200072, 20.51977404], [85.80193923, 20.51999301], [85.80178167, 20.51983563], [85.80200072, 20.51977404]], [[85.80343803, 20.51941472], [85.80336605, 20.519823], [85.8032045, 20.51951473], [85.80343803, 20.51941472]], [[85.80972623, 20.51905539], [85.80962408, 20.51965667], [85.80928866, 20.51939314], [85.80972623, 20.51905539]], [[85.8113432, 20.51887573], [85.81149462, 20.51926085], [85.81122205, 20.51967263], [85.8105463, 20.51901118], [85.8113432, 20.51887573]], [[85.804516, 20.51923506], [85.80471317, 20.51891503], [85.80540454, 20.51913031], [85.80493213, 20.51942139], [85.804516, 20.51923506]], [[85.804516, 20.51923506], [85.80438288, 20.51967719], [85.80415668, 20.51941472], [85.804516, 20.51923506]], [[85.80415668, 20.51941472], [85.80393763, 20.51935313], [85.80409518, 20.51919575], [85.80415668, 20.51941472]], [[85.81206185, 20.5185164], [85.81214826, 20.51860974], [85.81268221, 20.51886169], [85.81230836, 20.51950104], [85.81197544, 20.51914171], [85.81178867, 20.51896872], [85.81179688, 20.51876186], [85.81206185, 20.5185164]], [[85.81331949, 20.51905539], [85.81324751, 20.51946367], [85.81308597, 20.5191554], [85.81331949, 20.51905539]], [[85.80289904, 20.51887573], [85.8028014, 20.51910382], [85.80248585, 20.51894854], [85.80289904, 20.51887573]], [[85.80397702, 20.51833674], [85.80380823, 20.51894293], [85.80341412, 20.51843236], [85.80397702, 20.51833674]], [[85.80810927, 20.5185164], [85.80801163, 20.51874449], [85.80769608, 20.51858922], [85.80810927, 20.5185164]], [[85.80864825, 20.51833674], [85.80857628, 20.51874502], [85.80841473, 20.51843675], [85.80864825, 20.51833674]], [[85.80918724, 20.51725876], [85.80918724, 20.51779775], [85.80882792, 20.51779775], [85.80882792, 20.51725876], [85.80918724, 20.51725876]], [[85.80631263, 20.51671977], [85.80631263, 20.51725876], [85.80577365, 20.51725876], [85.80577365, 20.51671977], [85.80631263, 20.51671977]], [[85.8099059, 20.5170791], [85.8098444, 20.51729806], [85.80968684, 20.51714068], [85.8099059, 20.5170791]], [[85.81260084, 20.51689944], [85.81251461, 20.51730034], [85.81217791, 20.51713121], [85.81260084, 20.51689944]], [[85.80487533, 20.51564179], [85.8051357, 20.51633465], [85.80434375, 20.51662169], [85.80389547, 20.51592936], [85.80487533, 20.51564179]], [[85.8064923, 20.51600112], [85.80642492, 20.51655204], [85.80589458, 20.51646133], [85.80609744, 20.51607832], [85.8064923, 20.51600112]], [[85.81529579, 20.51618078], [85.81487501, 20.51634623], [85.81509669, 20.51592287], [85.81529579, 20.51618078]], [[85.81529579, 20.51618078], [85.81551484, 20.51624237], [85.81535728, 20.51639975], [85.81529579, 20.51618078]], [[85.81098387, 20.51528247], [85.81065359, 20.5157104], [85.81036663, 20.51538739], [85.81098387, 20.51528247]], [[85.80972623, 20.5151028], [85.80962859, 20.51533089], [85.80931304, 20.51517562], [85.80972623, 20.5151028]], [[85.80667196, 20.51456382], [85.80659998, 20.51497209], [85.80643843, 20.51466382], [85.80667196, 20.51456382]], [[85.80757028, 20.51420449], [85.80773568, 20.51462522], [85.80731236, 20.51440363], [85.80757028, 20.51420449]], [[85.81098387, 20.5136655], [85.81118942, 20.51392219], [85.81202132, 20.51427274], [85.81169204, 20.51453645], [85.81065648, 20.51392763], [85.81098387, 20.5136655]], [[85.80469567, 20.51384516], [85.80463417, 20.51406413], [85.80447662, 20.51390675], [85.80469567, 20.51384516]], [[85.80757028, 20.51312651], [85.80746378, 20.51355339], [85.80680337, 20.51373726], [85.8071395, 20.51323406], [85.80757028, 20.51312651]], [[85.81008556, 20.51348584], [85.81002406, 20.5137048], [85.80986651, 20.51354742], [85.81008556, 20.51348584]], [[85.80505499, 20.51312651], [85.8049935, 20.51334548], [85.80483594, 20.51318809], [85.80505499, 20.51312651]], [[85.80613297, 20.51330617], [85.80591392, 20.51324459], [85.80607148, 20.51308721], [85.80613297, 20.51330617]], [[85.80613297, 20.51330617], [85.80635202, 20.51336776], [85.80619447, 20.51352514], [85.80613297, 20.51330617]], [[85.80972623, 20.51276719], [85.80978773, 20.51254822], [85.80994528, 20.5127056], [85.80972623, 20.51276719]], [[85.80972623, 20.51276719], [85.80962859, 20.51299527], [85.80931304, 20.51284], [85.80972623, 20.51276719]], [[85.80595331, 20.51186887], [85.80619311, 20.51235119], [85.80568702, 20.51264788], [85.80553363, 20.51208117], [85.80595331, 20.51186887]]]]}, "geometry_name": "geom", "properties": {"id": 18371, "gridcode": 1, "from_time": "18-08-2022 18:00", "to_time": "18-08-2022 18:00"}}, {"type": "Feature", "id": "odflood50dsc18082022_1800hrs.18372", "geometry": {"type": "MultiPolygon", "coordinates": [[[[85.80972623, 20.51007224], [85.8091204, 20.51015804], [85.80962982, 20.51049403], [85.80972623, 20.51007224]]]]}, "geometry_name": "geom", "properties": {"id": 18372, "gridcode": 1, "from_time": "18-08-2022 18:00", "to_time": "18-08-2022 18:00"}}, {"type": "Feature", "id": "odflood50dsc18082022_1800hrs.18373", "geometry": {"type": "MultiPolygon", "coordinates": [[[[85.87188965, 20.51007224], [85.87178499, 20.51014733], [85.87153054, 20.51050227], [85.87112297, 20.51068632], [85.87073667, 20.51014733], [85.86984638, 20.50999715], [85.87004324, 20.51099354], [85.87068359, 20.51058702], [85.87142567, 20.51197344], [85.87188706, 20.51248295], [85.87214432, 20.51169201], [85.87163897, 20.51132988], [85.87220911, 20.51092125], [85.87196466, 20.51053613], [85.87188965, 20.51007224]]]]}, "geometry_name": "geom", "properties": {"id": 18373, "gridcode": 1, "from_time": "18-08-2022 18:00", "to_time": "18-08-2022 18:00"}}, {"type": "Feature", "id": "odflood50dsc18082022_1800hrs.18375", "geometry": {"type": "MultiPolygon", "coordinates": [[[[85.76247485, 20.50953325], [85.76204214, 20.50983205], [85.76231778, 20.5101454], [85.76247485, 20.50953325]]]]}, "geometry_name": "geom", "properties": {"id": 18375, "gridcode": 1, "from_time": "18-08-2022 18:00", "to_time": "18-08-2022 18:00"}}, {"type": "Feature", "id": "odflood50dsc18082022_1800hrs.18376", "geometry": {"type": "MultiPolygon", "coordinates": [[[[85.87512359, 20.50953325], [85.87484251, 20.5096115], [85.87459486, 20.51021664], [85.87382809, 20.51010329], [85.8732487, 20.51053298], [85.87286622, 20.51068948], [85.87270971, 20.51214994], [85.87249549, 20.51250506], [85.87352526, 20.51288088], [85.8742029, 20.51278069], [85.87484251, 20.51230645], [85.87531417, 20.51211345], [85.87557801, 20.5121524], [85.87647764, 20.51179869], [85.8768188, 20.51145182], [85.87557209, 20.5111046], [85.87540466, 20.51060351], [85.87612643, 20.51017172], [85.87608335, 20.50988012], [85.87520184, 20.50963466], [85.87512359, 20.50953325]], [[85.87404561, 20.51132988], [85.87356829, 20.51215784], [85.87303768, 20.5121152], [85.87307733, 20.51162148], [85.87404561, 20.51132988]]]]}, "geometry_name": "geom", "properties": {"id": 18376, "gridcode": 1, "from_time": "18-08-2022 18:00", "to_time": "18-08-2022 18:00"}}, {"type": "Feature", "id": "odflood50dsc18082022_1800hrs.18378", "geometry": {"type": "MultiPolygon", "coordinates": [[[[85.78601071, 20.51240786], [85.78601071, 20.5122282], [85.78529206, 20.5122282], [85.78529206, 20.51294685], [85.78493273, 20.51294685], [85.7847989, 20.51321617], [85.78493063, 20.51348584], [85.78474127, 20.51387359], [85.78505204, 20.51426485], [85.78517275, 20.51468312], [85.78547172, 20.51474348], [85.7855451, 20.51463715], [85.7865722, 20.51449048], [85.78672936, 20.5151028], [85.78737428, 20.51518351], [85.78718848, 20.51646028], [85.78682915, 20.51674802], [85.7869889, 20.51825691], [85.78737046, 20.51841762], [85.78732656, 20.51877081], [85.78766193, 20.51881257], [85.78827676, 20.51832007], [85.78822228, 20.51788179], [85.78928009, 20.51769774], [85.78970376, 20.51735859], [85.78994408, 20.5170584], [85.79094149, 20.51626061], [85.7918398, 20.51600375], [85.79168005, 20.51572162], [85.78988342, 20.51554635], [85.79004317, 20.51410466], [85.79114106, 20.513945], [85.7914288, 20.51358567], [85.79168005, 20.51410466], [85.79184564, 20.51505631], [85.79223821, 20.51412466], [85.79340181, 20.51439047], [85.79365635, 20.51482331], [85.79386939, 20.51532896], [85.794375, 20.51554196], [85.79456914, 20.51578444], [85.7952552, 20.51569917], [85.79559286, 20.51612078], [85.79635129, 20.51644028], [85.79651104, 20.5168196], [85.7972093, 20.51724367], [85.79770907, 20.51786776], [85.7982932, 20.51794039], [85.79856725, 20.51759826], [85.79890943, 20.51732421], [85.79880381, 20.51647467], [85.79920599, 20.51615254], [85.79886657, 20.51572162], [85.79816775, 20.51552196], [85.79810143, 20.51498859], [85.79866415, 20.51453802], [85.79884666, 20.51410466], [85.7996651, 20.51402483], [85.80000758, 20.51461891], [85.80088748, 20.51524282], [85.80082567, 20.51447398], [85.80084054, 20.51428941], [85.8006204, 20.51389482], [85.80072571, 20.51258384], [85.80008601, 20.51168149], [85.80017593, 20.5105621], [85.79983139, 20.51026524], [85.79928389, 20.50962975], [85.79867029, 20.50979608], [85.79754296, 20.51049964], [85.79710306, 20.50998907], [85.7960425, 20.51057702], [85.79595262, 20.51169552], [85.79738172, 20.51158078], [85.79742835, 20.51216082], [85.79688032, 20.51211678], [85.79634717, 20.51215959], [85.79615957, 20.51194186], [85.79593828, 20.51243769], [85.79489736, 20.51178571], [85.79432942, 20.51112653], [85.79343194, 20.5117629], [85.79349028, 20.51103688], [85.7923612, 20.51112758], [85.79130305, 20.51088721], [85.79136077, 20.51016874], [85.79058159, 20.51048017], [85.79059979, 20.51070685], [85.79039802, 20.51088072], [85.79067997, 20.51112372], [85.79027586, 20.51159271], [85.78950747, 20.51142638], [85.78901511, 20.51115162], [85.78842949, 20.51141304], [85.78811991, 20.51177237], [85.78806929, 20.51160324], [85.7880985, 20.51124005], [85.7880624, 20.51079089], [85.78811096, 20.51018646], [85.78762768, 20.51014768], [85.7873527, 20.51016979], [85.78639754, 20.50937973], [85.78575258, 20.50993539], [85.78556366, 20.51035858], [85.78524898, 20.50999346], [85.78431058, 20.50991802], [85.78452375, 20.51046981], [85.78486312, 20.51107793], [85.78482198, 20.51159043], [85.78502883, 20.5116071], [85.7853793, 20.51068369], [85.78597264, 20.51137234], [85.78646759, 20.51159323], [85.78644965, 20.51181659], [85.78699219, 20.51278912], [85.7868213, 20.51305036], [85.78601071, 20.51240786]], [[85.78601071, 20.51240786], [85.78594921, 20.51262682], [85.78579166, 20.51246944], [85.78601071, 20.51240786]], [[85.7996651, 20.51402483], [85.79955505, 20.51359585], [85.79866827, 20.51336828], [85.79851374, 20.51359216], [85.79794185, 20.51373884], [85.79779509, 20.51413115], [85.7972561, 20.51421396], [85.79751191, 20.51307282], [85.7972168, 20.51286912], [85.79729593, 20.51251611], [85.79850023, 20.51306194], [85.79894645, 20.5127714], [85.79958549, 20.51318757], [85.79991815, 20.51385008], [85.7996651, 20.51402483]], [[85.79768881, 20.51582146], [85.7975967, 20.51645186], [85.7981209, 20.51670609], [85.7977593, 20.51734684], [85.79721474, 20.51677995], [85.79688212, 20.51608323], [85.79768881, 20.51582146]], [[85.7982278, 20.51582146], [85.79861862, 20.51643572], [85.7977886, 20.51617324], [85.7982278, 20.51582146]], [[85.79643117, 20.51564179], [85.79630353, 20.51537423], [85.79637836, 20.51519264], [85.79624159, 20.51486086], [85.79678255, 20.51508368], [85.79658798, 20.51555582], [85.79643117, 20.51564179]], [[85.79643117, 20.51564179], [85.7963655, 20.51596691], [85.79584981, 20.51571513], [85.79643117, 20.51564179]], [[85.79499386, 20.51492314], [85.79517098, 20.51534493], [85.79486324, 20.51553547], [85.79438149, 20.51508035], [85.79499386, 20.51492314]], [[85.79661083, 20.51456382], [85.79654933, 20.51478278], [85.79639178, 20.5146254], [85.79661083, 20.51456382]], [[85.7962515, 20.51402483], [85.79619001, 20.51424379], [85.79603245, 20.51408641], [85.7962515, 20.51402483]], [[85.7948142, 20.51384516], [85.7947527, 20.51406413], [85.79459515, 20.51390675], [85.7948142, 20.51384516]], [[85.78942431, 20.51654011], [85.78935233, 20.51694839], [85.78919078, 20.51664012], [85.78942431, 20.51654011]], [[85.79068195, 20.51600112], [85.79056023, 20.51623219], [85.79008098, 20.5160792], [85.79068195, 20.51600112]], [[85.78978363, 20.51582146], [85.78972214, 20.51604042], [85.78956458, 20.51588304], [85.78978363, 20.51582146]], [[85.78906498, 20.51474348], [85.78900349, 20.51496244], [85.78884593, 20.51480506], [85.78906498, 20.51474348]], [[85.78960397, 20.51384516], [85.78954247, 20.51406413], [85.78938492, 20.51390675], [85.78960397, 20.51384516]], [[85.78726835, 20.51330617], [85.78717194, 20.51372796], [85.78666251, 20.51339197], [85.78726835, 20.51330617]], [[85.79283791, 20.51330617], [85.7926132, 20.51371621], [85.79241498, 20.51339723], [85.79283791, 20.51330617]], [[85.79697016, 20.51330617], [85.79697016, 20.5136655], [85.79643117, 20.5136655], [85.79643117, 20.51330617], [85.79697016, 20.51330617]], [[85.78906498, 20.51330617], [85.78900349, 20.51352514], [85.78884593, 20.51336776], [85.78906498, 20.51330617]], [[85.78565138, 20.51330617], [85.78592061, 20.5131723], [85.7861895, 20.51330372], [85.78595544, 20.51378288], [85.78562401, 20.51390552], [85.78578521, 20.51357549], [85.78565138, 20.51330617]], [[85.78565138, 20.51330617], [85.78543233, 20.51324459], [85.78558989, 20.51308721], [85.78565138, 20.51330617]], [[85.79158026, 20.51276719], [85.79142828, 20.51335934], [85.79096789, 20.51292439], [85.79158026, 20.51276719]], [[85.79517353, 20.51276719], [85.79535977, 20.51321073], [85.79474981, 20.51337951], [85.79420183, 20.5130165], [85.79517353, 20.51276719]], [[85.78924464, 20.51204853], [85.78935478, 20.51249699], [85.7892389, 20.51301387], [85.78891843, 20.51319985], [85.78903555, 20.51267735], [85.78891365, 20.51213345], [85.78924464, 20.51204853]], [[85.78780734, 20.51276719], [85.78774584, 20.51298615], [85.78758829, 20.51282877], [85.78780734, 20.51276719]], [[85.79032262, 20.51258752], [85.79025064, 20.5129958], [85.7900891, 20.51268753], [85.79032262, 20.51258752]], [[85.79211925, 20.51186887], [85.79220566, 20.51196221], [85.7927325, 20.51245032], [85.79186827, 20.51272385], [85.79149385, 20.51198835], [85.79211925, 20.51186887]], [[85.78852599, 20.51186887], [85.7886914, 20.5122896], [85.78826808, 20.51206801], [85.78852599, 20.51186887]], [[85.79930578, 20.51186887], [85.79947719, 20.51225153], [85.79887794, 20.5121324], [85.79930578, 20.51186887]], [[85.79086161, 20.51168921], [85.79102702, 20.51210994], [85.7906037, 20.51188834], [85.79086161, 20.51168921]], [[85.79158026, 20.51115022], [85.79151877, 20.51136918], [85.79136121, 20.5112118], [85.79158026, 20.51115022]], [[85.79804813, 20.51132988], [85.79782908, 20.5112683], [85.79798664, 20.51111092], [85.79804813, 20.51132988]], [[85.79804813, 20.51132988], [85.79827627, 20.51142743], [85.79812095, 20.51174307], [85.79804813, 20.51132988]], [[85.7865497, 20.51061123], [85.78649312, 20.5109995], [85.78615111, 20.5106693], [85.7865497, 20.51061123]], [[85.79768881, 20.51061123], [85.79762731, 20.51083019], [85.79746976, 20.51067281], [85.79768881, 20.51061123]], [[85.79858712, 20.5102519], [85.79895399, 20.51085107], [85.79814139, 20.51066492], [85.79858712, 20.5102519]], [[85.7996651, 20.51043157], [85.79960361, 20.51065053], [85.79944605, 20.51049315], [85.7996651, 20.51043157]]]]}, "geometry_name": "geom", "properties": {"id": 18378, "gridcode": 1, "from_time": "18-08-2022 18:00", "to_time": "18-08-2022 18:00"}}, {"type": "Feature", "id": "odflood50dsc18082022_1800hrs.18387", "geometry": {"type": "MultiPolygon", "coordinates": [[[[85.74576618, 20.50809595], [85.74557968, 20.50826877], [85.74532045, 20.50854861], [85.74504069, 20.50880776], [85.74446613, 20.5094278], [85.74424072, 20.50871582], [85.74404943, 20.50892233], [85.74406518, 20.5093199], [85.74452907, 20.51064351], [85.74478392, 20.51087949], [85.74459469, 20.51123707], [85.7446364, 20.51228943], [85.74432204, 20.51258068], [85.74397008, 20.51296053], [85.74428642, 20.51325371], [85.74531975, 20.51321266], [85.74585259, 20.51339951], [85.74641711, 20.51357813], [85.74683732, 20.51403167], [85.74711708, 20.51429081], [85.74735126, 20.51454364], [85.74827322, 20.51405571], [85.74854754, 20.51373866], [85.74782889, 20.51339951], [85.74765607, 20.51302615], [85.7485493, 20.51306159], [85.7487272, 20.51231452], [85.74891397, 20.51178185], [85.74890577, 20.51157534], [85.74842455, 20.51112951], [85.74699948, 20.51008435], [85.74674591, 20.51035788], [85.74639843, 20.50926025], [85.74621192, 20.5090876], [85.74588896, 20.50873898], [85.74576618, 20.50809595]], [[85.74738315, 20.51258752], [85.74731117, 20.5129958], [85.74714963, 20.51268753], [85.74738315, 20.51258752]], [[85.74630517, 20.5122282], [85.74623319, 20.51263647], [85.74607165, 20.5123282], [85.74630517, 20.5122282]], [[85.7466645, 20.51186887], [85.74656686, 20.51209696], [85.74625131, 20.51194168], [85.7466645, 20.51186887]], [[85.74558652, 20.51150954], [85.74551454, 20.51191782], [85.74535299, 20.51160955], [85.74558652, 20.51150954]], [[85.74612551, 20.50971291], [85.74612551, 20.5102519], [85.74576618, 20.5102519], [85.74576618, 20.50971291], [85.74612551, 20.50971291]]]]}, "geometry_name": "geom", "properties": {"id": 18387, "gridcode": 1, "from_time": "18-08-2022 18:00", "to_time": "18-08-2022 18:00"}}, {"type": "Feature", "id": "odflood50dsc18082022_1800hrs.18388", "geometry": {"type": "MultiPolygon", "coordinates": [[[[85.74846113, 20.50845527], [85.74817356, 20.50838351], [85.74736776, 20.5080377], [85.74749904, 20.50855861], [85.74836735, 20.50906602], [85.74846113, 20.50845527]]]]}, "geometry_name": "geom", "properties": {"id": 18388, "gridcode": 1, "from_time": "18-08-2022 18:00", "to_time": "18-08-2022 18:00"}}, {"type": "Feature", "id": "odflood50dsc18082022_1800hrs.18392", "geometry": {"type": "MultiPolygon", "coordinates": [[[[85.77055969, 20.51061123], [85.77068663, 20.51094143], [85.77058789, 20.51140971], [85.77017448, 20.51089353], [85.76973015, 20.51070632], [85.77012049, 20.51017207], [85.77028023, 20.509475], [85.76938433, 20.50981941], [85.76821679, 20.51080107], [85.76796453, 20.5114813], [85.76853957, 20.51194186], [85.76940183, 20.51212836], [85.77028357, 20.51264682], [85.77059315, 20.51303335], [85.77091901, 20.51312651], [85.77078519, 20.51339583], [85.77088388, 20.51359778], [85.77044038, 20.51372586], [85.77031967, 20.51396447], [85.76966137, 20.51402483], [85.76904575, 20.515323], [85.76964159, 20.51543494], [85.77028493, 20.51517632], [85.77122912, 20.51533879], [85.77114605, 20.51485612], [85.77137839, 20.51481612], [85.77153858, 20.5150314], [85.77199699, 20.51492314], [85.77206384, 20.51427134], [85.77228947, 20.51413764], [85.7725569, 20.51368638], [85.77320836, 20.51330021], [85.77395723, 20.51364287], [85.77460211, 20.51342145], [85.77477554, 20.51441293], [85.77565491, 20.51401044], [85.77576992, 20.51420449], [85.77645979, 20.51429678], [85.77675591, 20.51556951], [85.77941401, 20.51606569], [85.77963772, 20.51626553], [85.77988194, 20.51679767], [85.78034628, 20.51682539], [85.78001612, 20.51573531], [85.77962763, 20.51555705], [85.77945805, 20.51536721], [85.77909873, 20.51504613], [85.77945152, 20.51500753], [85.77998507, 20.51503929], [85.77999766, 20.5148284], [85.77937941, 20.51463751], [85.77962763, 20.51357058], [85.77981738, 20.51340109], [85.78028141, 20.51288176], [85.78087636, 20.51260858], [85.78035637, 20.51165166], [85.78080956, 20.51149831], [85.78121428, 20.51195116], [85.7823188, 20.51201713], [85.78239692, 20.51070615], [85.78214234, 20.51087599], [85.78216304, 20.51122408], [85.78174042, 20.51145375], [85.78094703, 20.51120864], [85.78135995, 20.5107465], [85.78180231, 20.51050613], [85.78231244, 20.51053649], [85.78197333, 20.50979766], [85.78178358, 20.50962817], [85.78146251, 20.50926884], [85.78139838, 20.50955308], [85.78144378, 20.51031489], [85.78125468, 20.51052648], [85.78016039, 20.51132058], [85.78018657, 20.51176009], [85.77954323, 20.51220942], [85.77909873, 20.5118122], [85.7792683, 20.51123496], [85.78016662, 20.51066369], [85.77999704, 20.51033665], [85.77944796, 20.50962817], [85.77923233, 20.50915831], [85.77852623, 20.5096515], [85.77856035, 20.50907936], [85.77806715, 20.50885302], [85.77777025, 20.50820613], [85.77693268, 20.5080112], [85.77675561, 20.50781294], [85.77658344, 20.50837053], [85.77586988, 20.50882425], [85.7758544, 20.50908409], [85.77587957, 20.50950693], [85.7750167, 20.50997574], [85.77409198, 20.51019084], [85.77376638, 20.51159025], [85.7735193, 20.51160499], [85.77309199, 20.5104935], [85.77263037, 20.50997679], [85.77191672, 20.51001925], [85.77165473, 20.50944851], [85.7713522, 20.50962431], [85.77139396, 20.51032559], [85.77083423, 20.51052648], [85.77055969, 20.51061123]], [[85.77091901, 20.51312651], [85.77104073, 20.51289544], [85.77151998, 20.51304843], [85.77091901, 20.51312651]], [[85.77181733, 20.51061123], [85.77214148, 20.5112611], [85.77175908, 20.51139024], [85.7714069, 20.51069404], [85.77181733, 20.51061123]], [[85.77774621, 20.51043157], [85.7778077, 20.5102126], [85.77796526, 20.51036998], [85.77774621, 20.51043157]], [[85.77774621, 20.51043157], [85.77766796, 20.51053298], [85.77702756, 20.51079089], [85.77684789, 20.51042946], [85.77729889, 20.51020927], [85.77774621, 20.51043157]], [[85.77702756, 20.51079089], [85.77695558, 20.51119917], [85.77679403, 20.5108909], [85.77702756, 20.51079089]], [[85.77523093, 20.51061123], [85.77516943, 20.51083019], [85.77501187, 20.51067281], [85.77523093, 20.51061123]], [[85.77900385, 20.5102519], [85.77905934, 20.51037612], [85.77941393, 20.51053456], [85.77875396, 20.51066667], [85.77858904, 20.5103277], [85.77900385, 20.5102519]], [[85.77792587, 20.50917392], [85.77804636, 20.50969396], [85.77729705, 20.50958325], [85.77658998, 20.50968782], [85.7767567, 20.50922375], [85.77721257, 20.50929113], [85.77792587, 20.50917392]], [[85.77900385, 20.51474348], [85.77894235, 20.51496244], [85.7787848, 20.51480506], [85.77900385, 20.51474348]], [[85.77684789, 20.5136655], [85.7767864, 20.51388446], [85.77662884, 20.51372708], [85.77684789, 20.5136655]], [[85.77720722, 20.51348584], [85.77714572, 20.5137048], [85.77698817, 20.51354742], [85.77720722, 20.51348584]], [[85.77882419, 20.51312651], [85.7790707, 20.5137134], [85.77839148, 20.51323757], [85.77882419, 20.51312651]], [[85.77109868, 20.51456382], [85.77103718, 20.51478278], [85.77087962, 20.5146254], [85.77109868, 20.51456382]], [[85.77055969, 20.51420449], [85.77046205, 20.51443258], [85.7701465, 20.5142773], [85.77055969, 20.51420449]], [[85.77361396, 20.51186887], [85.77387122, 20.51255348], [85.77351584, 20.51284877], [85.77334534, 20.51305405], [85.77281376, 20.51253348], [85.77361396, 20.51186887]], [[85.77433261, 20.51276719], [85.77426063, 20.51317546], [85.77409908, 20.51286719], [85.77433261, 20.51276719]], [[85.77505126, 20.51240786], [85.77526159, 20.51283087], [85.77497275, 20.5130072], [85.77481124, 20.51252927], [85.77505126, 20.51240786]], [[85.77810553, 20.51204853], [85.77788082, 20.51245856], [85.77768261, 20.51213959], [85.77810553, 20.51204853]], [[85.77469194, 20.51115022], [85.7750667, 20.51171728], [85.77481102, 20.51194221], [85.77409386, 20.51147533], [85.77469194, 20.51115022]]]]}, "geometry_name": "geom", "properties": {"id": 18392, "gridcode": 1, "from_time": "18-08-2022 18:00", "to_time": "18-08-2022 18:00"}}, {"type": "Feature", "id": "odflood50dsc18082022_1800hrs.18393", "geometry": {"type": "MultiPolygon", "coordinates": [[[[85.80757028, 20.50773662], [85.80694812, 20.50785014], [85.8078206, 20.5087181], [85.80817988, 20.50842737], [85.80765344, 20.50819244], [85.80757028, 20.50773662]]]]}, "geometry_name": "geom", "properties": {"id": 18393, "gridcode": 1, "from_time": "18-08-2022 18:00", "to_time": "18-08-2022 18:00"}}, {"type": "Feature", "id": "odflood50dsc18082022_1800hrs.18402", "geometry": {"type": "MultiPolygon", "coordinates": [[[[85.74199326, 20.50845527], [85.74119609, 20.50856651], [85.7415459, 20.50890267], [85.74172197, 20.50926551], [85.74243913, 20.50995451], [85.74268972, 20.51123829], [85.7435186, 20.51074089], [85.74333959, 20.51051596], [85.74288416, 20.51052526], [85.74317462, 20.50996135], [85.74296303, 20.5077982], [85.74226433, 20.50712692], [85.74217292, 20.50665864], [85.74138777, 20.50607263], [85.74118833, 20.50678883], [85.740655, 20.50671005], [85.74035519, 20.50709832], [85.74119636, 20.50727588], [85.74212792, 20.50787417], [85.74199326, 20.50845527]], [[85.74199326, 20.50845527], [85.74238158, 20.50851194], [85.74205134, 20.5088539], [85.74199326, 20.50845527]]]]}, "geometry_name": "geom", "properties": {"id": 18402, "gridcode": 1, "from_time": "18-08-2022 18:00", "to_time": "18-08-2022 18:00"}}, {"type": "Feature", "id": "odflood50dsc18082022_1800hrs.18408", "geometry": {"type": "MultiPolygon", "coordinates": [[[[85.74217292, 20.50665864], [85.7433474, 20.50639581], [85.74361093, 20.50609], [85.74405272, 20.50584349], [85.74459171, 20.50560295], [85.744263, 20.50536819], [85.74245075, 20.50617685], [85.74217292, 20.50665864]]]]}, "geometry_name": "geom", "properties": {"id": 18408, "gridcode": 1, "from_time": "18-08-2022 18:00", "to_time": "18-08-2022 18:00"}}, {"type": "Feature", "id": "odflood50dsc18082022_1800hrs.18416", "geometry": {"type": "MultiPolygon", "coordinates": [[[[85.76247485, 20.50953325], [85.76293567, 20.50964642], [85.76317289, 20.50930288], [85.76300467, 20.50855265], [85.76254823, 20.50838193], [85.76240147, 20.50804857], [85.76310367, 20.50820595], [85.76342501, 20.50813384], [85.76386974, 20.50842351], [85.76374885, 20.50896268], [85.76340865, 20.50948518], [85.76397036, 20.5103477], [85.76446509, 20.5106893], [85.76427148, 20.51115022], [85.76612145, 20.51086441], [85.76616329, 20.51016207], [85.76615097, 20.50995521], [85.76711622, 20.51001276], [85.76780754, 20.50979924], [85.76768508, 20.50899426], [85.76831263, 20.50889302], [85.76860129, 20.50892899], [85.76884394, 20.50835316], [85.76954105, 20.50843983], [85.77021317, 20.50815665], [85.76966896, 20.50747713], [85.76920226, 20.50781645], [85.76894232, 20.50814121], [85.76832899, 20.50821736], [85.76823569, 20.50746712], [85.76834329, 20.50660179], [85.76791628, 20.5063509], [85.76800703, 20.50708043], [85.76740957, 20.50672917], [85.76710284, 20.50745712], [85.76686664, 20.50693814], [85.76666118, 20.50621948], [85.76614798, 20.50655881], [85.76583932, 20.50694445], [85.7654642, 20.50689778], [85.76484687, 20.50726062], [85.76401194, 20.50736449], [85.76435135, 20.5070978], [85.76568194, 20.50655723], [85.76597012, 20.50619738], [85.76632765, 20.50624177], [85.76611645, 20.50594841], [85.76396321, 20.50625159], [85.76403089, 20.50570769], [85.76360195, 20.50565418], [85.76303187, 20.50636616], [85.76268193, 20.50577085], [85.76294063, 20.50544767], [85.76417169, 20.50509571], [85.76399505, 20.5045283], [85.76291405, 20.50476218], [85.76239497, 20.50496184], [85.76175071, 20.50514589], [85.76114725, 20.50613948], [85.76041868, 20.50644652], [85.76073941, 20.50779382], [85.76137529, 20.50816753], [85.76192827, 20.50747713], [85.7623623, 20.50771872], [85.76167632, 20.50826806], [85.76183607, 20.50873477], [85.76247485, 20.50953325]], [[85.76768508, 20.50899426], [85.76727513, 20.50876951], [85.76759411, 20.50857125], [85.76768508, 20.50899426]], [[85.76445114, 20.50899426], [85.76451474, 20.5092899], [85.7648599, 20.50947921], [85.7646623, 20.5097766], [85.76384855, 20.50907497], [85.76445114, 20.50899426]], [[85.76534946, 20.50845527], [85.76543425, 20.50855019], [85.76578261, 20.50886144], [85.76506422, 20.509079], [85.76508742, 20.50868932], [85.76534946, 20.50845527]], [[85.76624777, 20.50719763], [85.76667487, 20.50785628], [85.76643845, 20.50871161], [85.76609947, 20.50825596], [85.76618887, 20.50773662], [85.76611329, 20.50729764], [85.76624777, 20.50719763]], [[85.76499013, 20.50773662], [85.76475011, 20.50821525], [85.76436763, 20.50833596], [85.76421112, 20.50780803], [85.76499013, 20.50773662]], [[85.76283418, 20.50647898], [85.76292958, 20.50674479], [85.76291773, 20.50694375], [85.76256468, 20.5069227], [85.76224391, 20.50694182], [85.76185107, 20.50661039], [85.76283418, 20.50647898]], [[85.76247485, 20.505401], [85.76237721, 20.50562909], [85.76206166, 20.50547381], [85.76247485, 20.505401]]]]}, "geometry_name": "geom", "properties": {"id": 18416, "gridcode": 1, "from_time": "18-08-2022 18:00", "to_time": "18-08-2022 18:00"}}, {"type": "Feature", "id": "odflood50dsc18082022_1800hrs.18420", "geometry": {"type": "MultiPolygon", "coordinates": [[[[85.77199699, 20.5039637], [85.77212428, 20.50420529], [85.77258897, 20.50404054], [85.77199699, 20.5039637]]]]}, "geometry_name": "geom", "properties": {"id": 18420, "gridcode": 1, "from_time": "18-08-2022 18:00", "to_time": "18-08-2022 18:00"}}, {"type": "Feature", "id": "odflood50dsc18082022_1800hrs.18422", "geometry": {"type": "MultiPolygon", "coordinates": [[[[85.77199699, 20.5039637], [85.77193549, 20.50374473], [85.77177794, 20.50390211], [85.77199699, 20.5039637]]]]}, "geometry_name": "geom", "properties": {"id": 18422, "gridcode": 1, "from_time": "18-08-2022 18:00", "to_time": "18-08-2022 18:00"}}, {"type": "Feature", "id": "odflood50dsc18082022_1800hrs.18424", "geometry": {"type": "MultiPolygon", "coordinates": [[[[85.73947798, 20.50342471], [85.73937819, 20.50350454], [85.73921844, 20.5037042], [85.73898575, 20.50389053], [85.73867945, 20.50496184], [85.73845281, 20.50555136], [85.73909562, 20.50547136], [85.73975743, 20.50566049], [85.73993021, 20.5058763], [85.74009684, 20.50548083], [85.74116447, 20.50462603], [85.74009838, 20.50421617], [85.7399142, 20.50506747], [85.73940797, 20.504662], [85.73935156, 20.5042088], [85.73947798, 20.50342471]]]]}, "geometry_name": "geom", "properties": {"id": 18424, "gridcode": 1, "from_time": "18-08-2022 18:00", "to_time": "18-08-2022 18:00"}}, {"type": "Feature", "id": "odflood50dsc18082022_1800hrs.18426", "geometry": {"type": "MultiPolygon", "coordinates": [[[[85.74361023, 20.50306538], [85.74262875, 20.50324434], [85.74279508, 20.50406019], [85.7429918, 20.50422968], [85.74277867, 20.50481008], [85.74334073, 20.50476499], [85.74379283, 20.5048013], [85.74491028, 20.50430267], [85.74526992, 20.50388527], [85.74584935, 20.50362665], [85.74502442, 20.5033433], [85.74471053, 20.50404686], [85.74436419, 20.50385386], [85.74406605, 20.50350787], [85.74369339, 20.50334154], [85.74361023, 20.50306538]]]]}, "geometry_name": "geom", "properties": {"id": 18426, "gridcode": 1, "from_time": "18-08-2022 18:00", "to_time": "18-08-2022 18:00"}}, {"type": "Feature", "id": "odflood50dsc18082022_1800hrs.18427", "geometry": {"type": "MultiPolygon", "coordinates": [[[[85.75403069, 20.50378403], [85.7538855, 20.50333663], [85.75232209, 20.50351278], [85.75160677, 20.50369613], [85.75142399, 20.50369227], [85.75088816, 20.50387579], [85.75043567, 20.50386649], [85.75000805, 20.50474797], [85.74965811, 20.50511221], [85.74941892, 20.50388702], [85.74900012, 20.50432302], [85.7484721, 20.50440619], [85.74820808, 20.50478867], [85.7478838, 20.50501255], [85.7474164, 20.50470814], [85.74695044, 20.50486692], [85.74730977, 20.50511501], [85.74745654, 20.50540591], [85.74708243, 20.50566418], [85.74734521, 20.50606789], [85.74723375, 20.50656495], [85.74637856, 20.50673198], [85.74605213, 20.50700218], [85.74677078, 20.50727097], [85.74697641, 20.50782049], [85.74788902, 20.50798962], [85.74777459, 20.50747923], [85.74818001, 20.50719921], [85.74835739, 20.50672514], [85.74864255, 20.50678918], [85.74849056, 20.50746712], [85.74857381, 20.50783856], [85.74834792, 20.50799436], [85.74846113, 20.50845527], [85.74890033, 20.50873477], [85.74932436, 20.50891338], [85.74923571, 20.50962624], [85.7499777, 20.50983836], [85.75041953, 20.50928656], [85.75077688, 20.50973274], [85.7510762, 20.50997241], [85.75115608, 20.51007224], [85.75186696, 20.51032735], [85.75214984, 20.50980678], [85.7521072, 20.50909164], [85.75285533, 20.50904707], [85.7529163, 20.51007013], [85.75250859, 20.51052648], [85.75159773, 20.51087669], [85.75178994, 20.51159429], [85.75198461, 20.51263717], [85.75321431, 20.51289983], [85.75322891, 20.51265472], [85.75268826, 20.51217152], [85.75320944, 20.51184641], [85.75406814, 20.51231294], [85.75497444, 20.51194431], [85.75519345, 20.51123496], [85.75585705, 20.51093038], [85.75614067, 20.50879723], [85.75556287, 20.50800103], [85.75520595, 20.50768223], [85.75517253, 20.50712148], [85.75551834, 20.50681251], [85.75509919, 20.50604105], [85.75555782, 20.50601368], [85.75607483, 20.50604456], [85.75665291, 20.50583717], [85.75715207, 20.50639581], [85.75752784, 20.50637353], [85.75756061, 20.5069234], [85.75700017, 20.50718061], [85.75778764, 20.50783803], [85.7583426, 20.50780505], [85.75913744, 20.50785242], [85.7593257, 20.5076417], [85.75965059, 20.5073515], [85.75932333, 20.50674917], [85.75976986, 20.50567558], [85.75896638, 20.50602473], [85.75846524, 20.50629703], [85.75825781, 20.50584507], [85.75789849, 20.50518379], [85.75825781, 20.50530608], [85.75891128, 20.5056612], [85.76005444, 20.50513659], [85.76022402, 20.50458743], [85.76057444, 20.50394264], [85.76001189, 20.50368438], [85.75969349, 20.50332803], [85.75924091, 20.50342471], [85.75906901, 20.50280747], [85.75819825, 20.50316118], [85.75742117, 20.50376087], [85.75697648, 20.50433706], [85.75640302, 20.50389439], [85.75697736, 20.50345102], [85.75620822, 20.50298713], [85.75551045, 20.50315205], [85.75609234, 20.50339032], [85.75626489, 20.5046041], [85.75680388, 20.50482464], [85.75630244, 20.50529959], [85.75543821, 20.50495868], [85.75520876, 20.50439811], [85.75500962, 20.50442742], [85.75484838, 20.50421863], [85.75461678, 20.50425284], [85.75469657, 20.50371297], [85.754344, 20.50366086], [85.75403069, 20.50378403]], [[85.75403069, 20.50378403], [85.75393305, 20.50401212], [85.7536175, 20.50385684], [85.75403069, 20.50378403]], [[85.74900012, 20.50432302], [85.74921917, 20.50438461], [85.74906162, 20.50454199], [85.74900012, 20.50432302]], [[85.75924091, 20.50342471], [85.75916753, 20.50371069], [85.75888102, 20.50439285], [85.75851507, 20.50457602], [85.75875605, 20.5035012], [85.75924091, 20.50342471]], [[85.75259338, 20.51097055], [85.75265488, 20.51075159], [85.75281243, 20.51090897], [85.75259338, 20.51097055]], [[85.75259338, 20.51097055], [85.75276287, 20.51133321], [85.75228687, 20.51229346], [85.75198917, 20.51174132], [85.75225103, 20.51104653], [85.75259338, 20.51097055]], [[85.75421035, 20.51115022], [85.75427184, 20.51093125], [85.7544294, 20.51108863], [85.75421035, 20.51115022]], [[85.75421035, 20.51115022], [85.75414885, 20.51136918], [85.7539913, 20.5112118], [85.75421035, 20.51115022]], [[85.754929, 20.51079089], [85.7548675, 20.51100986], [85.75470995, 20.51085248], [85.754929, 20.51079089]], [[85.75385102, 20.51043157], [85.75363197, 20.51036998], [85.75378953, 20.5102126], [85.75385102, 20.51043157]], [[85.75385102, 20.51043157], [85.75407915, 20.51052912], [85.75392383, 20.51084476], [85.75385102, 20.51043157]], [[85.75510866, 20.50935359], [85.75523038, 20.50912252], [85.75570963, 20.50927551], [85.75510866, 20.50935359]], [[85.75510866, 20.50935359], [85.75524468, 20.50962712], [85.75503015, 20.50995293], [85.75486864, 20.509475], [85.75510866, 20.50935359]], [[85.75474934, 20.50863493], [85.7548686, 20.50894531], [85.75457257, 20.50943342], [85.75395081, 20.50873477], [85.75474934, 20.50863493]], [[85.75079675, 20.50827561], [85.75073525, 20.50849457], [85.7505777, 20.50833719], [85.75079675, 20.50827561]], [[85.75205439, 20.50773662], [85.75212291, 20.50802752], [85.75277857, 20.50818192], [85.75186907, 20.50849177], [85.75162655, 20.50783733], [85.75205439, 20.50773662]], [[85.75456967, 20.50773662], [85.75463652, 20.50784944], [85.75499287, 20.50806068], [85.75458547, 20.50852212], [85.75432316, 20.50788277], [85.75456967, 20.50773662]], [[85.74989843, 20.50737729], [85.74963289, 20.50803664], [85.7492933, 20.50835386], [85.7487422, 20.50795243], [85.74946406, 20.50765696], [85.74943436, 20.50745607], [85.74989843, 20.50737729]], [[85.75367136, 20.50701797], [85.753611, 20.5074966], [85.75304833, 20.50778118], [85.75256737, 20.50754643], [85.75293336, 20.50708569], [85.75367136, 20.50701797]], [[85.75079675, 20.50719763], [85.75071052, 20.50759854], [85.75037382, 20.5074294], [85.75079675, 20.50719763]], [[85.75205439, 20.50647898], [85.75262382, 20.50725623], [85.75188341, 20.50731571], [85.75071359, 20.50687164], [85.75096584, 20.50640213], [85.75160563, 20.50675918], [85.75205439, 20.50647898]], [[85.74935945, 20.50701797], [85.74893156, 20.50668777], [85.74925457, 20.50640073], [85.74935945, 20.50701797]], [[85.74935945, 20.50701797], [85.7495785, 20.50707955], [85.74942094, 20.50723693], [85.74935945, 20.50701797]], [[85.74900012, 20.50593999], [85.7487015, 20.50637248], [85.74838775, 20.50609719], [85.74900012, 20.50593999]], [[85.7515154, 20.505401], [85.75185565, 20.50612965], [85.75126512, 20.50637265], [85.75090303, 20.50582384], [85.7515154, 20.505401]], [[85.75367136, 20.50593999], [85.75354841, 20.50637002], [85.75323216, 20.50606561], [85.75367136, 20.50593999]], [[85.75241372, 20.50593999], [85.75247521, 20.50572102], [85.75263277, 20.50587841], [85.75241372, 20.50593999]], [[85.75241372, 20.50593999], [85.75235222, 20.50615895], [85.75219467, 20.50600157], [85.75241372, 20.50593999]], [[85.7500781, 20.50558066], [85.74998046, 20.50580875], [85.74966491, 20.50565348], [85.7500781, 20.50558066]], [[85.74917978, 20.505401], [85.74905806, 20.50563207], [85.74857882, 20.50547908], [85.74917978, 20.505401]], [[85.7563663, 20.505401], [85.75626867, 20.50562909], [85.75595312, 20.50547381], [85.7563663, 20.505401]], [[85.74900012, 20.50504167], [85.74890248, 20.50526976], [85.74858693, 20.50511449], [85.74900012, 20.50504167]], [[85.75421035, 20.50468235], [85.75421035, 20.50522134], [85.75385102, 20.50522134], [85.75385102, 20.50468235], [85.75421035, 20.50468235]], [[85.75277304, 20.50450268], [85.75255399, 20.5044411], [85.75271155, 20.50428372], [85.75277304, 20.50450268]], [[85.75277304, 20.50450268], [85.7529921, 20.50456427], [85.75283454, 20.50472165], [85.75277304, 20.50450268]], [[85.75241372, 20.50414336], [85.75235222, 20.50436232], [85.75219467, 20.50420494], [85.75241372, 20.50414336]]]]}, "geometry_name": "geom", "properties": {"id": 18427, "gridcode": 1, "from_time": "18-08-2022 18:00", "to_time": "18-08-2022 18:00"}}, {"type": "Feature", "id": "odflood50dsc18082022_1800hrs.18434", "geometry": {"type": "MultiPolygon", "coordinates": [[[[85.75600698, 20.50108909], [85.75585657, 20.50170141], [85.75626002, 20.50147087], [85.75611326, 20.50116243], [85.75600698, 20.50108909]]]]}, "geometry_name": "geom", "properties": {"id": 18434, "gridcode": 1, "from_time": "18-08-2022 18:00", "to_time": "18-08-2022 18:00"}}, {"type": "Feature", "id": "odflood50dsc18082022_1800hrs.18435", "geometry": {"type": "MultiPolygon", "coordinates": [[[[85.70300638, 20.50090942], [85.70186804, 20.50097697], [85.70198875, 20.50156772], [85.70240703, 20.50168843], [85.70267969, 20.50222742], [85.70294602, 20.50210671], [85.70300638, 20.50090942]]]]}, "geometry_name": "geom", "properties": {"id": 18435, "gridcode": 1, "from_time": "18-08-2022 18:00", "to_time": "18-08-2022 18:00"}}, {"type": "Feature", "id": "odflood50dsc18082022_1800hrs.18436", "geometry": {"type": "MultiPolygon", "coordinates": [[[[85.72941685, 20.50090942], [85.72901703, 20.5010268], [85.72875965, 20.50247112], [85.72809424, 20.50278764], [85.72827408, 20.50102312], [85.72735901, 20.50136683], [85.7261826, 20.50162772], [85.72592171, 20.50280413], [85.72572546, 20.5029673], [85.72551496, 20.50322066], [85.72558155, 20.50387386], [85.72552878, 20.50439145], [85.72576095, 20.50479692], [85.7261737, 20.50475481], [85.72606286, 20.50366701], [85.72669532, 20.50280413], [85.72660733, 20.50366753], [85.72780488, 20.50388106], [85.72824075, 20.50414336], [85.72780677, 20.50440461], [85.72717935, 20.50404528], [85.72678511, 20.50388211], [85.7268209, 20.50423319], [85.72680178, 20.50442092], [85.72870973, 20.50470516], [85.72900681, 20.50434741], [85.72894979, 20.50378824], [85.72977639, 20.50409879], [85.72949361, 20.50459252], [85.72976613, 20.50506834], [85.73090723, 20.50463954], [85.73055935, 20.50403212], [85.73064804, 20.50316223], [85.73003295, 20.50265131], [85.73006549, 20.50233199], [85.73057637, 20.50262447], [85.7309889, 20.50278764], [85.7309256, 20.50216654], [85.73003738, 20.50190582], [85.72964296, 20.50168001], [85.72941685, 20.50090942]], [[85.72941685, 20.50234673], [85.72935535, 20.50256569], [85.72919779, 20.50240831], [85.72941685, 20.50234673]], [[85.72708123, 20.5019874], [85.72701973, 20.50220637], [85.72686217, 20.50204899], [85.72708123, 20.5019874]], [[85.7301355, 20.50342471], [85.73007514, 20.50354401], [85.72967042, 20.50374877], [85.72953615, 20.50350033], [85.7301355, 20.50342471]], [[85.72941685, 20.50270605], [85.72933061, 20.50310696], [85.72899392, 20.50293783], [85.72941685, 20.50270605]], [[85.72744055, 20.5019874], [85.72751556, 20.50209197], [85.72805121, 20.50247604], [85.72759276, 20.50296081], [85.72718588, 20.50216987], [85.72744055, 20.5019874]]]]}, "geometry_name": "geom", "properties": {"id": 18436, "gridcode": 1, "from_time": "18-08-2022 18:00", "to_time": "18-08-2022 18:00"}}, {"type": "Feature", "id": "odflood50dsc18082022_1800hrs.18438", "geometry": {"type": "MultiPolygon", "coordinates": [[[[85.75241372, 20.50090942], [85.75159694, 20.50099101], [85.75111041, 20.50157667], [85.75071271, 20.50134876], [85.75027281, 20.50139367], [85.74982966, 20.50192722], [85.74944928, 20.50188845], [85.74924334, 20.50190933], [85.74928146, 20.50228321], [85.74969465, 20.50224111], [85.74960122, 20.50315749], [85.75014451, 20.50332663], [85.75075087, 20.50234357], [85.75051467, 20.50171475], [85.75065209, 20.50154649], [85.75123762, 20.50251955], [85.75069705, 20.50296853], [85.75072674, 20.50325978], [85.75129543, 20.50293414], [85.7526915, 20.50262447], [85.75285459, 20.50206899], [85.75318729, 20.50179247], [85.75267492, 20.50136683], [85.75241372, 20.50090942]], [[85.75241372, 20.50180774], [85.75232292, 20.50221689], [85.75145018, 20.50208162], [85.75216883, 20.50192213], [85.75241372, 20.50180774]]]]}, "geometry_name": "geom", "properties": {"id": 18438, "gridcode": 1, "from_time": "18-08-2022 18:00", "to_time": "18-08-2022 18:00"}}, {"type": "Feature", "id": "odflood50dsc18082022_1800hrs.18440", "geometry": {"type": "MultiPolygon", "coordinates": [[[[85.70929458, 20.50037043], [85.70781657, 20.50044447], [85.70832775, 20.50061852], [85.70847421, 20.50085626], [85.70913369, 20.50063151], [85.70929458, 20.50037043]]]]}, "geometry_name": "geom", "properties": {"id": 18440, "gridcode": 1, "from_time": "18-08-2022 18:00", "to_time": "18-08-2022 18:00"}}, {"type": "Feature", "id": "odflood50dsc18082022_1800hrs.18446", "geometry": {"type": "MultiPolygon", "coordinates": [[[[85.69330457, 20.49875347], [85.69261351, 20.49913648], [85.69288309, 20.49957213], [85.69175498, 20.49980425], [85.6913263, 20.49922789], [85.69107199, 20.49958318], [85.6913056, 20.50094013], [85.69230765, 20.50008392], [85.69285541, 20.50017831], [85.69351367, 20.50006497], [85.69374053, 20.49966284], [85.6933812, 20.49939545], [85.69330457, 20.49875347]]]]}, "geometry_name": "geom", "properties": {"id": 18446, "gridcode": 1, "from_time": "18-08-2022 18:00", "to_time": "18-08-2022 18:00"}}, {"type": "Feature", "id": "odflood50dsc18082022_1800hrs.18448", "geometry": {"type": "MultiPolygon", "coordinates": [[[[85.69402322, 20.4985738], [85.69390962, 20.49906419], [85.69419043, 20.50007252], [85.69497089, 20.50018796], [85.6944976, 20.4998225], [85.69442966, 20.49936264], [85.69517945, 20.49947352], [85.69499093, 20.49870048], [85.69465204, 20.4986503], [85.69446984, 20.49867732], [85.69402322, 20.4985738]]]]}, "geometry_name": "geom", "properties": {"id": 18448, "gridcode": 1, "from_time": "18-08-2022 18:00", "to_time": "18-08-2022 18:00"}}, {"type": "Feature", "id": "odflood50dsc18082022_1800hrs.18450", "geometry": {"type": "MultiPolygon", "coordinates": [[[[85.76552912, 20.49839414], [85.76531007, 20.49845572], [85.76546762, 20.4986131], [85.76552912, 20.49839414]]]]}, "geometry_name": "geom", "properties": {"id": 18450, "gridcode": 1, "from_time": "18-08-2022 18:00", "to_time": "18-08-2022 18:00"}}, {"type": "Feature", "id": "odflood50dsc18082022_1800hrs.18451", "geometry": {"type": "MultiPolygon", "coordinates": [[[[85.73678303, 20.49947212], [85.73642274, 20.50010322], [85.73568843, 20.50071309], [85.73544385, 20.5010075], [85.73427464, 20.50135033], [85.7338153, 20.50079731], [85.73364722, 20.50126629], [85.73436587, 20.50170966], [85.73452895, 20.50190582], [85.73527239, 20.50236445], [85.73524673, 20.50261622], [85.73527098, 20.50285414], [85.73562351, 20.50314697], [85.73578659, 20.50521449], [85.73524603, 20.50566348], [85.73528077, 20.50600456], [85.73706323, 20.5055061], [85.73704068, 20.50528485], [85.73638234, 20.50535205], [85.73584502, 20.50504431], [85.73642853, 20.50455953], [85.73672566, 20.503547], [85.73743957, 20.50333751], [85.73739448, 20.50289484], [85.73635146, 20.50300116], [85.73688115, 20.50226514], [85.73704424, 20.50188932], [85.7374512, 20.50136683], [85.73777118, 20.50210478], [85.73817489, 20.50206355], [85.73811178, 20.50144438], [85.7373965, 20.50100329], [85.73759981, 20.50064817], [85.73776289, 20.5001634], [85.73695059, 20.49981109], [85.73727583, 20.4995409], [85.73721372, 20.49893155], [85.73668491, 20.49849222], [85.73650652, 20.49827764], [85.735932, 20.49833607], [85.7360342, 20.4993386], [85.73678303, 20.49947212]], [[85.73678303, 20.49947212], [85.73688067, 20.49924403], [85.73719622, 20.49939931], [85.73678303, 20.49947212]], [[85.73606438, 20.50162808], [85.73599332, 20.50220917], [85.73528699, 20.50208829], [85.73549377, 20.50169791], [85.73606438, 20.50162808]], [[85.73660337, 20.50090942], [85.73671447, 20.50117383], [85.73659675, 20.50169896], [85.7361057, 20.50098785], [85.73660337, 20.50090942]]]]}, "geometry_name": "geom", "properties": {"id": 18451, "gridcode": 1, "from_time": "18-08-2022 18:00", "to_time": "18-08-2022 18:00"}}, {"type": "Feature", "id": "odflood50dsc18082022_1800hrs.18452", "geometry": {"type": "MultiPolygon", "coordinates": [[[[85.74468821, 20.49803481], [85.74443599, 20.49822939], [85.74519605, 20.49925456], [85.74511245, 20.49982057], [85.74544041, 20.50062186], [85.74587067, 20.50028973], [85.74579136, 20.49975319], [85.74604726, 20.4999097], [85.74620376, 20.50011252], [85.74684416, 20.50019077], [85.74697952, 20.50098767], [85.74782073, 20.50013322], [85.74766423, 20.49973003], [85.7466645, 20.49965178], [85.74651269, 20.4994551], [85.74548511, 20.49903454], [85.74532861, 20.49883172], [85.74512578, 20.49867521], [85.74468821, 20.49803481]], [[85.74684416, 20.50019077], [85.74690566, 20.49997181], [85.74706322, 20.50012919], [85.74684416, 20.50019077]], [[85.7466645, 20.49965178], [85.74656686, 20.49987987], [85.74625131, 20.49972459], [85.7466645, 20.49965178]], [[85.74558652, 20.49929246], [85.74551454, 20.49970073], [85.74535299, 20.49939246], [85.74558652, 20.49929246]], [[85.74594585, 20.49947212], [85.74588435, 20.49969108], [85.7457268, 20.4995337], [85.74594585, 20.49947212]]]]}, "geometry_name": "geom", "properties": {"id": 18452, "gridcode": 1, "from_time": "18-08-2022 18:00", "to_time": "18-08-2022 18:00"}}, {"type": "Feature", "id": "odflood50dsc18082022_1800hrs.18455", "geometry": {"type": "MultiPolygon", "coordinates": [[[[85.69402322, 20.4985738], [85.69413775, 20.49815131], [85.69513305, 20.49855135], [85.69523744, 20.49794498], [85.69481851, 20.49777848], [85.69456476, 20.4974374], [85.69396133, 20.49733353], [85.69377908, 20.49839221], [85.69402322, 20.4985738]]]]}, "geometry_name": "geom", "properties": {"id": 18455, "gridcode": 1, "from_time": "18-08-2022 18:00", "to_time": "18-08-2022 18:00"}}, {"type": "Feature", "id": "odflood50dsc18082022_1800hrs.18465", "geometry": {"type": "MultiPolygon", "coordinates": [[[[85.68521973, 20.49677717], [85.68540405, 20.49663488], [85.68552392, 20.49582377], [85.68463201, 20.49618871], [85.6840793, 20.49901138], [85.68442283, 20.49885488], [85.68460013, 20.49862521], [85.68563064, 20.4987775], [85.68683675, 20.49828378], [85.68672033, 20.49749583], [85.68691386, 20.49618625], [85.68608063, 20.49606326], [85.68596396, 20.49685262], [85.68640864, 20.49758987], [85.6861963, 20.49775374], [85.6860398, 20.49795656], [85.68565731, 20.49811307], [85.68506165, 20.49847239], [85.68442283, 20.49814202], [85.68472097, 20.49774479], [85.68565731, 20.49788305], [85.68550081, 20.49703509], [85.68529799, 20.49687858], [85.68521973, 20.49677717]], [[85.68521973, 20.49677717], [85.68481883, 20.49669085], [85.68498792, 20.49635416], [85.68521973, 20.49677717]], [[85.68486041, 20.4971365], [85.68479891, 20.49735546], [85.68464136, 20.49719808], [85.68486041, 20.4971365]]]]}, "geometry_name": "geom", "properties": {"id": 18465, "gridcode": 1, "from_time": "18-08-2022 18:00", "to_time": "18-08-2022 18:00"}}, {"type": "Feature", "id": "odflood50dsc18082022_1800hrs.18469", "geometry": {"type": "MultiPolygon", "coordinates": [[[[85.74468821, 20.49803481], [85.74519425, 20.49788638], [85.74493366, 20.49719282], [85.74498397, 20.4966991], [85.74477418, 20.49667787], [85.74406325, 20.49687648], [85.74387972, 20.49685788], [85.74354759, 20.49689174], [85.7432999, 20.49645925], [85.74340324, 20.49544532], [85.74315313, 20.4954197], [85.7429897, 20.4961566], [85.74245071, 20.49660435], [85.74314528, 20.49715352], [85.74370835, 20.49739775], [85.7440536, 20.49759548], [85.74453297, 20.49754653], [85.74479111, 20.49776093], [85.74468821, 20.49803481]]]]}, "geometry_name": "geom", "properties": {"id": 18469, "gridcode": 1, "from_time": "18-08-2022 18:00", "to_time": "18-08-2022 18:00"}}, {"type": "Feature", "id": "odflood50dsc18082022_1800hrs.18470", "geometry": {"type": "MultiPolygon", "coordinates": [[[[85.68935198, 20.49444155], [85.6892264, 20.4940024], [85.68892191, 20.49431856], [85.68935198, 20.49444155]]]]}, "geometry_name": "geom", "properties": {"id": 18470, "gridcode": 1, "from_time": "18-08-2022 18:00", "to_time": "18-08-2022 18:00"}}, {"type": "Feature", "id": "odflood50dsc18082022_1800hrs.18472", "geometry": {"type": "MultiPolygon", "coordinates": [[[[85.75600698, 20.50108909], [85.75645565, 20.50045272], [85.75676713, 20.50078871], [85.75734708, 20.50109558], [85.75735814, 20.50081643], [85.75699855, 20.50048325], [85.75735103, 20.50027709], [85.75842901, 20.49993584], [85.75795665, 20.49918947], [85.75735336, 20.49921333], [85.75717812, 20.49865995], [85.7566083, 20.49868258], [85.75738292, 20.49796481], [85.75668734, 20.4973202], [85.7573552, 20.49686069], [85.75769079, 20.49722282], [85.75753749, 20.49614467], [85.75717878, 20.49615888], [85.7571711, 20.49596571], [85.75744389, 20.49545023], [85.75709667, 20.49471456], [85.75638942, 20.49497774], [85.75543601, 20.49570884], [85.75509818, 20.49507037], [85.7555544, 20.4942082], [85.75505791, 20.49415241], [85.75447208, 20.49453086], [85.75500326, 20.495023], [85.75429676, 20.49524653], [85.75408486, 20.49591588], [85.75319501, 20.49633574], [85.75465608, 20.49768952], [85.75410262, 20.49866013], [85.75357267, 20.49848555], [85.75376488, 20.49830747], [85.75375764, 20.49812465], [85.75377172, 20.49776883], [85.75304267, 20.49810622], [85.75284853, 20.4989212], [85.75160866, 20.49862591], [85.7521408, 20.49812114], [85.75285945, 20.49789375], [85.75221436, 20.4976525], [85.75160181, 20.49794147], [85.75123578, 20.49813517], [85.7507446, 20.49709439], [85.7502553, 20.49656628], [85.74947147, 20.49693631], [85.74943875, 20.49776128], [85.74981259, 20.4977762], [85.74979808, 20.4974095], [85.75047028, 20.49783796], [85.75012582, 20.4981571], [85.75046519, 20.49922894], [85.75142215, 20.49889365], [85.75124933, 20.49956546], [85.75097352, 20.50008655], [85.75198754, 20.50012673], [85.75304622, 20.49992461], [85.75302328, 20.49934527], [85.7539498, 20.49870767], [85.7539373, 20.49902296], [85.75394454, 20.49920578], [85.75349595, 20.49962143], [85.75447642, 20.50008427], [85.7543036, 20.50064344], [85.75392344, 20.50119576], [85.75448326, 20.5017144], [85.75473763, 20.50225339], [85.75538627, 20.50201196], [85.75535781, 20.50129454], [85.75600698, 20.50108909]], [[85.75510866, 20.49749583], [85.75488395, 20.49790586], [85.75468574, 20.49758688], [85.75510866, 20.49749583]], [[85.75546799, 20.49605852], [85.75559918, 20.4965926], [85.75546137, 20.49720738], [85.75521494, 20.49685051], [85.75500238, 20.49670383], [85.75485562, 20.49621573], [85.75546799, 20.49605852]], [[85.75582732, 20.49695684], [85.75594803, 20.49671822], [85.75662001, 20.49637837], [85.75678599, 20.49674454], [85.75609918, 20.49709193], [85.75582732, 20.49695684]], [[85.75582732, 20.49695684], [85.75575534, 20.49736511], [85.75559379, 20.49705684], [85.75582732, 20.49695684]], [[85.75456967, 20.49659751], [85.75450818, 20.49681647], [85.75435062, 20.49665909], [85.75456967, 20.49659751]], [[85.75528833, 20.5005501], [85.75519367, 20.50096399], [85.7546928, 20.50115593], [85.75486786, 20.50064625], [85.75528833, 20.5005501]], [[85.75618664, 20.49875347], [85.75634823, 20.49973723], [85.75569937, 20.4999097], [85.75577731, 20.49938229], [85.75570424, 20.49888786], [85.75618664, 20.49875347]], [[85.75474934, 20.4985738], [85.75491475, 20.49899454], [85.75449142, 20.49877294], [85.75474934, 20.4985738]], [[85.75474934, 20.49569919], [85.7546517, 20.49592728], [85.75433615, 20.49577201], [85.75474934, 20.49569919]]]]}, "geometry_name": "geom", "properties": {"id": 18472, "gridcode": 1, "from_time": "18-08-2022 18:00", "to_time": "18-08-2022 18:00"}}, {"type": "Feature", "id": "odflood50dsc18082022_1800hrs.18473", "geometry": {"type": "MultiPolygon", "coordinates": [[[[85.69456221, 20.49336357], [85.69426324, 20.49342393], [85.69327725, 20.4939152], [85.69286243, 20.4935857], [85.69235152, 20.49383537], [85.69222659, 20.49408223], [85.69294375, 20.49448366], [85.69233375, 20.49495458], [85.69296849, 20.49486071], [85.69338282, 20.49546777], [85.69303508, 20.49541637], [85.6928462, 20.49544426], [85.69268733, 20.49523846], [85.69128551, 20.49500037], [85.6908907, 20.49434014], [85.6906348, 20.49418364], [85.690766, 20.4950716], [85.68988321, 20.49523846], [85.6894534, 20.4945198], [85.68935198, 20.49444155], [85.68927044, 20.49471929], [85.68901139, 20.49488246], [85.68800241, 20.49415627], [85.68783314, 20.49435997], [85.68754053, 20.49460314], [85.68638053, 20.49448489], [85.68603651, 20.49489896], [85.68565898, 20.49506283], [85.68569131, 20.49538022], [85.68626043, 20.49560112], [85.6866509, 20.49513108], [85.68824743, 20.49471929], [85.68814202, 20.49575341], [85.68830142, 20.49596044], [85.68853521, 20.49542145], [85.68934957, 20.49507862], [85.68965367, 20.49611502], [85.6893376, 20.49666681], [85.6887243, 20.49631556], [85.68837213, 20.49646908], [85.68927044, 20.49685876], [85.68982044, 20.49725458], [85.690514, 20.49685718], [85.69115436, 20.49692245], [85.69083394, 20.4980685], [85.69110581, 20.49854327], [85.69206298, 20.49844572], [85.69248876, 20.49775549], [85.69268049, 20.49777497], [85.69284712, 20.49771286], [85.6924878, 20.49741424], [85.69214505, 20.49679121], [85.69327786, 20.49721686], [85.69320202, 20.49647259], [85.69370052, 20.49605852], [85.69329247, 20.49571955], [85.69394168, 20.49543795], [85.69444905, 20.4948272], [85.69473981, 20.49383624], [85.69456221, 20.49336357]], [[85.69438255, 20.49408223], [85.69424982, 20.49451209], [85.69375877, 20.49427487], [85.69438255, 20.49408223]], [[85.69186727, 20.49623818], [85.69179529, 20.49664646], [85.69163374, 20.49633819], [85.69186727, 20.49623818]], [[85.69240626, 20.49623818], [85.69234476, 20.49645715], [85.6921872, 20.49629977], [85.69240626, 20.49623818]], [[85.6916876, 20.49767549], [85.69162611, 20.49789445], [85.69146855, 20.49773707], [85.6916876, 20.49767549]], [[85.69204693, 20.49677717], [85.69198543, 20.49699614], [85.69182788, 20.49683876], [85.69204693, 20.49677717]], [[85.69060963, 20.49587886], [85.69047519, 20.49640276], [85.69003765, 20.49685051], [85.68981759, 20.49640995], [85.69060963, 20.49587886]], [[85.69132828, 20.49551953], [85.69122612, 20.49612081], [85.6908907, 20.49585728], [85.69132828, 20.49551953]]]]}, "geometry_name": "geom", "properties": {"id": 18473, "gridcode": 1, "from_time": "18-08-2022 18:00", "to_time": "18-08-2022 18:00"}}, {"type": "Feature", "id": "odflood50dsc18082022_1800hrs.18474", "geometry": {"type": "MultiPolygon", "coordinates": [[[[85.75906125, 20.49174661], [85.75833348, 20.49185732], [85.75753411, 20.49180959], [85.7568602, 20.49184977], [85.75664084, 20.49256018], [85.75610927, 20.49332112], [85.75718983, 20.49325672], [85.75712821, 20.49222296], [85.75807416, 20.49256228], [85.7589576, 20.49208225], [85.75906125, 20.49174661]]]]}, "geometry_name": "geom", "properties": {"id": 18474, "gridcode": 1, "from_time": "18-08-2022 18:00", "to_time": "18-08-2022 18:00"}}, {"type": "Feature", "id": "odflood50dsc18082022_1800hrs.18478", "geometry": {"type": "MultiPolygon", "coordinates": [[[[85.69456221, 20.49336357], [85.69522678, 20.49326444], [85.69555356, 20.49327743], [85.69573323, 20.49308355], [85.69658825, 20.49311742], [85.69663887, 20.49183995], [85.69626559, 20.49201259], [85.69609277, 20.49219927], [85.69581301, 20.49245842], [85.69541123, 20.49289213], [85.69465547, 20.49237192], [85.69411648, 20.49211769], [85.69433119, 20.49131763], [85.69483171, 20.49185784], [85.69518761, 20.4914736], [85.69561751, 20.49127078], [85.69536741, 20.49074074], [85.69430864, 20.49078267], [85.6936771, 20.49010122], [85.69339782, 20.49040264], [85.69249951, 20.49061652], [85.69285261, 20.49076215], [85.6935624, 20.49073407], [85.69358832, 20.49138728], [85.6935635, 20.49201294], [85.69409748, 20.49250772], [85.69321816, 20.49278599], [85.69375123, 20.4929181], [85.69426745, 20.49289757], [85.6944758, 20.49309057], [85.69456221, 20.49336357]]]]}, "geometry_name": "geom", "properties": {"id": 18478, "gridcode": 1, "from_time": "18-08-2022 18:00", "to_time": "18-08-2022 18:00"}}, {"type": "Feature", "id": "odflood50dsc18082022_1800hrs.18479", "geometry": {"type": "MultiPolygon", "coordinates": [[[[85.69222659, 20.49408223], [85.6917959, 20.49395257], [85.69176976, 20.49362728], [85.69197828, 20.49344762], [85.69191903, 20.49271002], [85.69259781, 20.49276458], [85.69320807, 20.49223875], [85.69303113, 20.4919947], [85.69225432, 20.49205716], [85.69266479, 20.49170362], [85.69269694, 20.49130324], [85.69248942, 20.49112445], [85.69231805, 20.49092549], [85.69155277, 20.49146816], [85.69132828, 20.49120762], [85.69092965, 20.49112709], [85.69060963, 20.49048897], [85.68998585, 20.49003472], [85.68953967, 20.48986523], [85.68984075, 20.49127447], [85.68959705, 20.49147202], [85.6892672, 20.49075337], [85.68903012, 20.49058389], [85.68854855, 20.49112287], [85.68799947, 20.49129236], [85.68782173, 20.49186784], [85.68730398, 20.49233051], [85.68711124, 20.49266194], [85.68765023, 20.49290933], [85.68799947, 20.49311847], [85.68728082, 20.49344832], [85.68711124, 20.49363816], [85.6869178, 20.49381098], [85.68718261, 20.49429838], [85.68760768, 20.49382256], [85.68819545, 20.49355289], [85.6881361, 20.49255667], [85.68926781, 20.49238034], [85.68925649, 20.49219103], [85.68996352, 20.49186644], [85.69015542, 20.49165169], [85.6903925, 20.4914822], [85.69120287, 20.49192259], [85.6914832, 20.49253334], [85.69104304, 20.49272967], [85.6910644, 20.49237122], [85.69085469, 20.49202119], [85.69035926, 20.49310057], [85.68967069, 20.49305952], [85.68901854, 20.49341393], [85.68872189, 20.49308197], [85.68854855, 20.49340603], [85.6892672, 20.49362798], [85.68963516, 20.493828], [85.69007064, 20.49380203], [85.69053344, 20.49382958], [85.69103637, 20.49326673], [85.69159273, 20.4933069], [85.69097277, 20.49386081], [85.69166927, 20.49470596], [85.69222659, 20.49408223]], [[85.68899266, 20.49138728], [85.68886971, 20.49181731], [85.68855346, 20.49151291], [85.68899266, 20.49138728]]]]}, "geometry_name": "geom", "properties": {"id": 18479, "gridcode": 1, "from_time": "18-08-2022 18:00", "to_time": "18-08-2022 18:00"}}, {"type": "Feature", "id": "odflood50dsc18082022_1800hrs.18481", "geometry": {"type": "MultiPolygon", "coordinates": [[[[85.69204693, 20.48941099], [85.69081056, 20.48953714], [85.69048453, 20.48991541], [85.69060963, 20.49048897], [85.69123783, 20.4903858], [85.69145794, 20.49041826], [85.69132828, 20.49120762], [85.6916876, 20.49120762], [85.6916876, 20.4903093], [85.69204693, 20.4903093], [85.69204693, 20.48941099]]]]}, "geometry_name": "geom", "properties": {"id": 18481, "gridcode": 1, "from_time": "18-08-2022 18:00", "to_time": "18-08-2022 18:00"}}, {"type": "Feature", "id": "odflood50dsc18082022_1800hrs.18485", "geometry": {"type": "MultiPolygon", "coordinates": [[[[85.69815547, 20.48833301], [85.69825539, 20.48856654], [85.69856375, 20.48840494], [85.69815547, 20.48833301]]]]}, "geometry_name": "geom", "properties": {"id": 18485, "gridcode": 1, "from_time": "18-08-2022 18:00", "to_time": "18-08-2022 18:00"}}, {"type": "Feature", "id": "odflood50dsc18082022_1800hrs.18494", "geometry": {"type": "MultiPolygon", "coordinates": [[[[85.72223032, 20.48671604], [85.72146246, 20.48658568], [85.72125376, 20.48607564], [85.7210244, 20.48591914], [85.72107716, 20.48627601], [85.7208682, 20.48643742], [85.72089614, 20.48662621], [85.72074012, 20.48768208], [85.72213054, 20.48707449], [85.72223032, 20.48671604]]]]}, "geometry_name": "geom", "properties": {"id": 18494, "gridcode": 1, "from_time": "18-08-2022 18:00", "to_time": "18-08-2022 18:00"}}, {"type": "Feature", "id": "odflood50dsc18082022_1800hrs.18497", "geometry": {"type": "MultiPolygon", "coordinates": [[[[85.69671817, 20.4854584], [85.69677967, 20.48567736], [85.69693722, 20.48551998], [85.69671817, 20.4854584]]]]}, "geometry_name": "geom", "properties": {"id": 18497, "gridcode": 1, "from_time": "18-08-2022 18:00", "to_time": "18-08-2022 18:00"}}, {"type": "Feature", "id": "odflood50dsc18082022_1800hrs.18498", "geometry": {"type": "MultiPolygon", "coordinates": [[[[85.68647738, 20.48905166], [85.68640237, 20.48915623], [85.6860226, 20.48942853], [85.68579531, 20.4905788], [85.68622271, 20.49074372], [85.68648023, 20.49110305], [85.68718217, 20.49093865], [85.6875257, 20.49045931], [85.68783967, 20.49023421], [85.68798969, 20.49002507], [85.688199, 20.48987488], [85.68827401, 20.48977031], [85.68871321, 20.48949082], [85.69020446, 20.48906447], [85.69037518, 20.48769191], [85.69017043, 20.48697554], [85.68909091, 20.48652076], [85.68886708, 20.4857379], [85.68835169, 20.48625916], [85.68837608, 20.48645514], [85.68777506, 20.48682008], [85.68791468, 20.48743469], [85.68709953, 20.48735153], [85.6869332, 20.48691764], [85.68729626, 20.48626688], [85.68709313, 20.48590282], [85.68765185, 20.48573456], [85.68781818, 20.48533295], [85.68691798, 20.48540541], [85.68611445, 20.48894235], [85.68647738, 20.48905166]], [[85.68647738, 20.48905166], [85.68634223, 20.48877989], [85.68653773, 20.48839336], [85.68701637, 20.48833301], [85.68690829, 20.48875409], [85.68647738, 20.48905166]], [[85.68701637, 20.48833301], [85.68708834, 20.48792473], [85.68724989, 20.488233], [85.68701637, 20.48833301]], [[85.68827401, 20.48977031], [85.68805495, 20.48970873], [85.68821251, 20.48955135], [85.68827401, 20.48977031]], [[85.68791468, 20.48743469], [85.68813373, 20.48749628], [85.68797618, 20.48765366], [85.68791468, 20.48743469]], [[85.68719603, 20.4903093], [85.68713453, 20.49052827], [85.68697698, 20.49037089], [85.68719603, 20.4903093]], [[85.688813, 20.48851267], [85.6887515, 20.48873164], [85.68859394, 20.48857426], [85.688813, 20.48851267]], [[85.68827401, 20.48833301], [85.68817637, 20.4885611], [85.68786082, 20.48840582], [85.68827401, 20.48833301]], [[85.688813, 20.48707537], [85.68889941, 20.48752803], [85.68912736, 20.48817844], [85.68898095, 20.48841933], [85.68872659, 20.48788034], [85.6883741, 20.48721433], [85.688813, 20.48707537]], [[85.68809434, 20.48797368], [85.68803285, 20.48819265], [85.68787529, 20.48803527], [85.68809434, 20.48797368]], [[85.68971131, 20.48725503], [85.68965473, 20.48764331], [85.68931273, 20.48731311], [85.68971131, 20.48725503]]]]}, "geometry_name": "geom", "properties": {"id": 18498, "gridcode": 1, "from_time": "18-08-2022 18:00", "to_time": "18-08-2022 18:00"}}, {"type": "Feature", "id": "odflood50dsc18082022_1800hrs.18500", "geometry": {"type": "MultiPolygon", "coordinates": [[[[85.70210806, 20.4854584], [85.70202981, 20.48555981], [85.70182392, 20.48571877], [85.70185817, 20.48595019], [85.70127681, 20.4858644], [85.70057645, 20.48534506], [85.70013558, 20.48608231], [85.70081897, 20.48660972], [85.70021002, 20.48697396], [85.70005352, 20.48745048], [85.70082524, 20.48787227], [85.70071787, 20.48714555], [85.70116663, 20.48721187], [85.70107316, 20.48657936], [85.70119032, 20.4860988], [85.7016811, 20.48673464], [85.70262187, 20.48697396], [85.70241037, 20.48554262], [85.70210806, 20.4854584]]]]}, "geometry_name": "geom", "properties": {"id": 18500, "gridcode": 1, "from_time": "18-08-2022 18:00", "to_time": "18-08-2022 18:00"}}, {"type": "Feature", "id": "odflood50dsc18082022_1800hrs.18502", "geometry": {"type": "MultiPolygon", "coordinates": [[[[85.70210806, 20.4854584], [85.70234672, 20.48448675], [85.70149569, 20.48466413], [85.70164246, 20.4852054], [85.70210806, 20.4854584]]]]}, "geometry_name": "geom", "properties": {"id": 18502, "gridcode": 1, "from_time": "18-08-2022 18:00", "to_time": "18-08-2022 18:00"}}, {"type": "Feature", "id": "odflood50dsc18082022_1800hrs.18503", "geometry": {"type": "MultiPolygon", "coordinates": [[[[85.72223032, 20.48671604], [85.72257618, 20.48683728], [85.72339559, 20.48662253], [85.7235778, 20.48662972], [85.72409639, 20.48660919], [85.72447269, 20.48682359], [85.72393458, 20.48680219], [85.72318702, 20.48699817], [85.72286257, 20.48734837], [85.72267606, 20.48752102], [85.72250324, 20.4880865], [85.72286257, 20.48841933], [85.72337585, 20.48897341], [85.72393712, 20.48895113], [85.72465249, 20.48897955], [85.72483202, 20.48859899], [85.72539579, 20.48833301], [85.72536201, 20.48748136], [85.72465209, 20.48644953], [85.72467016, 20.48599406], [85.72411179, 20.48573053], [85.72438102, 20.4847029], [85.72340156, 20.48485256], [85.72376088, 20.4851854], [85.7239337, 20.48558438], [85.72348797, 20.48599739], [85.72319878, 20.48538822], [85.7230249, 20.48467132], [85.72238863, 20.48449254], [85.72223032, 20.48473975], [85.72213707, 20.48465343], [85.72170217, 20.48463606], [85.72043369, 20.48419146], [85.71949178, 20.48452166], [85.71836498, 20.48428585], [85.71819133, 20.48454166], [85.71941322, 20.48533085], [85.72034575, 20.48500398], [85.7205201, 20.48521189], [85.72016078, 20.48554472], [85.71998796, 20.4857314], [85.71945401, 20.48598335], [85.71982786, 20.4866227], [85.72016078, 20.48626338], [85.72052695, 20.48609073], [85.72070319, 20.48571719], [85.72178437, 20.48576], [85.72231673, 20.4851854], [85.72251035, 20.48501275], [85.72246995, 20.4860323], [85.72223032, 20.48671604]], [[85.72348797, 20.48599739], [85.72342647, 20.48621635], [85.72326891, 20.48605897], [85.72348797, 20.48599739]], [[85.72223032, 20.48473975], [85.72244938, 20.48480133], [85.72229182, 20.48495871], [85.72223032, 20.48473975]], [[85.72420662, 20.48743469], [85.72450888, 20.4878921], [85.72420166, 20.48804702], [85.72395357, 20.4876877], [85.72370219, 20.48751417], [85.72420662, 20.48743469]], [[85.72312864, 20.48635672], [85.72306714, 20.48657568], [85.72290959, 20.4864183], [85.72312864, 20.48635672]]]]}, "geometry_name": "geom", "properties": {"id": 18503, "gridcode": 1, "from_time": "18-08-2022 18:00", "to_time": "18-08-2022 18:00"}}, {"type": "Feature", "id": "odflood50dsc18082022_1800hrs.18509", "geometry": {"type": "MultiPolygon", "coordinates": [[[[85.69815547, 20.48833301], [85.69828105, 20.48753909], [85.69805735, 20.48735311], [85.69789427, 20.48661796], [85.69768803, 20.48644655], [85.69789585, 20.4862739], [85.6978712, 20.48603195], [85.69842791, 20.48571316], [85.69874534, 20.48609529], [85.69972117, 20.48679763], [85.69961747, 20.48618197], [85.69928315, 20.48529225], [85.69970366, 20.48478589], [85.70038942, 20.4848559], [85.70046451, 20.48411917], [85.70021169, 20.4842834], [85.70024822, 20.48464167], [85.69965485, 20.48447306], [85.69974586, 20.48358018], [85.69931499, 20.48374336], [85.69923345, 20.48384143], [85.69879259, 20.48371212], [85.69906278, 20.48287066], [85.69933087, 20.48284329], [85.69951054, 20.4832577], [85.70013177, 20.48319437], [85.70093078, 20.48327578], [85.70067076, 20.48258379], [85.70012528, 20.4829275], [85.69946461, 20.48245203], [85.69896396, 20.48250308], [85.69844098, 20.48244975], [85.6982536, 20.48272608], [85.69874938, 20.48313805], [85.69808174, 20.48369265], [85.6986213, 20.48392653], [85.69816236, 20.48464167], [85.6975617, 20.48391846], [85.69727427, 20.48394776], [85.69753872, 20.48465167], [85.69733493, 20.48500749], [85.69760306, 20.48572105], [85.69679971, 20.48589931], [85.69663663, 20.4861746], [85.69735528, 20.48661796], [85.69784887, 20.48775595], [85.69715141, 20.48805843], [85.69737897, 20.48845583], [85.69815547, 20.48833301]], [[85.69923345, 20.48384143], [85.6994525, 20.48390302], [85.69929495, 20.4840604], [85.69923345, 20.48384143]], [[85.69905379, 20.48527874], [85.69899229, 20.4854977], [85.69883474, 20.48534032], [85.69905379, 20.48527874]]]]}, "geometry_name": "geom", "properties": {"id": 18509, "gridcode": 1, "from_time": "18-08-2022 18:00", "to_time": "18-08-2022 18:00"}}, {"type": "Feature", "id": "odflood50dsc18082022_1800hrs.18510", "geometry": {"type": "MultiPolygon", "coordinates": [[[[85.70067076, 20.48258379], [85.70088981, 20.48252221], [85.70073225, 20.48236483], [85.70067076, 20.48258379]]]]}, "geometry_name": "geom", "properties": {"id": 18510, "gridcode": 1, "from_time": "18-08-2022 18:00", "to_time": "18-08-2022 18:00"}}, {"type": "Feature", "id": "odflood50dsc18082022_1800hrs.18511", "geometry": {"type": "MultiPolygon", "coordinates": [[[[85.73301011, 20.48132615], [85.73258933, 20.4811607], [85.73281101, 20.48158406], [85.73301011, 20.48132615]]]]}, "geometry_name": "geom", "properties": {"id": 18511, "gridcode": 1, "from_time": "18-08-2022 18:00", "to_time": "18-08-2022 18:00"}}, {"type": "Feature", "id": "odflood50dsc18082022_1800hrs.18514", "geometry": {"type": "MultiPolygon", "coordinates": [[[[85.7198947, 20.48024817], [85.71907982, 20.48049977], [85.71909157, 20.48069733], [85.71908069, 20.4808798], [85.71933137, 20.48205322], [85.71890094, 20.48266941], [85.71892046, 20.48299663], [85.71869084, 20.48407128], [85.71981185, 20.48413812], [85.71979952, 20.48393126], [85.71981022, 20.4837516], [85.71979926, 20.48356738], [85.71999524, 20.48339228], [85.71979417, 20.48321261], [85.7201492, 20.48289539], [85.71947094, 20.48100525], [85.71980992, 20.48070242], [85.7198947, 20.48024817]]]]}, "geometry_name": "geom", "properties": {"id": 18514, "gridcode": 1, "from_time": "18-08-2022 18:00", "to_time": "18-08-2022 18:00"}}, {"type": "Feature", "id": "odflood50dsc18082022_1800hrs.18515", "geometry": {"type": "MultiPolygon", "coordinates": [[[[85.69204693, 20.48941099], [85.69249951, 20.48949731], [85.69317535, 20.48985506], [85.69358758, 20.48987137], [85.69311872, 20.48919009], [85.69443176, 20.48893937], [85.69388181, 20.48834582], [85.69321132, 20.48877866], [85.69289594, 20.48911921], [85.69213001, 20.48859215], [85.69142236, 20.48862022], [85.69138767, 20.48774419], [85.69186069, 20.48723363], [85.69295933, 20.48841933], [85.69339098, 20.48813124], [85.69321816, 20.48770068], [85.69249951, 20.48747329], [85.69303459, 20.4869794], [85.69368456, 20.48742662], [85.69425658, 20.48680938], [85.69462687, 20.48710116], [85.69497396, 20.48783666], [85.69524016, 20.48699589], [85.69590627, 20.48734837], [85.6964521, 20.48752102], [85.69713118, 20.48788034], [85.69697087, 20.48726363], [85.69627243, 20.4859437], [85.69648381, 20.48567561], [85.69671817, 20.4854584], [85.69710057, 20.48487976], [85.69667431, 20.48458535], [85.69660821, 20.48429059], [85.69668983, 20.48392635], [85.69603816, 20.48375915], [85.69640271, 20.48350737], [85.69647153, 20.48320051], [85.69614628, 20.4829761], [85.69582481, 20.48251045], [85.69535425, 20.48265713], [85.695167, 20.48315752], [85.69474188, 20.48325297], [85.69435075, 20.48316524], [85.69406117, 20.48361001], [85.69413591, 20.48394337], [85.69359052, 20.48431989], [85.69373728, 20.4852054], [85.69394984, 20.48535208], [85.69419793, 20.4857114], [85.69440812, 20.48543419], [85.69425596, 20.48475536], [85.69499492, 20.4842741], [85.69546053, 20.48420076], [85.69533609, 20.48475975], [85.69538465, 20.4852361], [85.69448067, 20.48514399], [85.69464375, 20.48537682], [85.69499628, 20.48566964], [85.6950573, 20.48626846], [85.69410477, 20.4864383], [85.69380628, 20.48679763], [85.69320645, 20.48663446], [85.69304337, 20.4864383], [85.69216203, 20.48570614], [85.69212685, 20.48536102], [85.69266746, 20.48512644], [85.69250245, 20.48499942], [85.69214378, 20.48503591], [85.69188389, 20.48472308], [85.69106707, 20.48404461], [85.69128034, 20.48341543], [85.69173169, 20.48336947], [85.69196539, 20.48356369], [85.69240468, 20.48409251], [85.69298516, 20.48415163], [85.69306254, 20.48339228], [85.69298858, 20.4826666], [85.69356578, 20.48218709], [85.69340164, 20.48194515], [85.69268404, 20.48201813], [85.69284712, 20.4815874], [85.69358236, 20.48142423], [85.69374544, 20.48104841], [85.69428443, 20.48081453], [85.69378237, 20.48042801], [85.69330457, 20.4806075], [85.69322303, 20.48050942], [85.69284712, 20.48034625], [85.69267575, 20.48014009], [85.69250438, 20.48034625], [85.69196539, 20.48058013], [85.6923784, 20.48089822], [85.69280967, 20.48085418], [85.69320645, 20.48118386], [85.69267632, 20.48124562], [85.69215953, 20.48119281], [85.69194754, 20.48195111], [85.69201592, 20.48262186], [85.69125981, 20.48269889], [85.69075442, 20.48240939], [85.69030127, 20.48295505], [85.68990339, 20.4826245], [85.69000339, 20.48164372], [85.68893147, 20.48153441], [85.68936672, 20.4822943], [85.68869544, 20.48249133], [85.6887329, 20.48285908], [85.68848972, 20.48328367], [85.68875102, 20.48446201], [85.68910894, 20.48410093], [85.68904051, 20.48342947], [85.68968824, 20.48305839], [85.69012542, 20.48358475], [85.69084548, 20.48351123], [85.69088886, 20.48393705], [85.69068972, 20.4842848], [85.69075999, 20.48497415], [85.69047615, 20.48520996], [85.69054725, 20.48590756], [85.69046549, 20.4867099], [85.69069117, 20.4864383], [85.69124674, 20.48609547], [85.69144596, 20.48519715], [85.69193363, 20.48594703], [85.69198386, 20.48643953], [85.69176915, 20.48661796], [85.69160606, 20.48681412], [85.69111725, 20.48722029], [85.691014, 20.48823353], [85.69133069, 20.48931291], [85.69160606, 20.48914974], [85.69177897, 20.48894165], [85.69204693, 20.48941099]], [[85.69546053, 20.48420076], [85.69552202, 20.48398179], [85.69567958, 20.48413918], [85.69546053, 20.48420076]], [[85.69330457, 20.4806075], [85.69320693, 20.48083559], [85.69289138, 20.48068031], [85.69330457, 20.4806075]], [[85.69617918, 20.48635672], [85.69611768, 20.48657568], [85.69596013, 20.4864183], [85.69617918, 20.48635672]], [[85.69096895, 20.48563806], [85.69090746, 20.48585703], [85.6907499, 20.48569965], [85.69096895, 20.48563806]], [[85.69276558, 20.48330244], [85.69264386, 20.48353351], [85.69216462, 20.48338052], [85.69276558, 20.48330244]], [[85.69474188, 20.48348211], [85.69468038, 20.48370107], [85.69452282, 20.48354369], [85.69474188, 20.48348211]], [[85.69581985, 20.48330244], [85.69568713, 20.4837323], [85.69519608, 20.48349509], [85.69581985, 20.48330244]]]]}, "geometry_name": "geom", "properties": {"id": 18515, "gridcode": 1, "from_time": "18-08-2022 18:00", "to_time": "18-08-2022 18:00"}}, {"type": "Feature", "id": "odflood50dsc18082022_1800hrs.18522", "geometry": {"type": "MultiPolygon", "coordinates": [[[[85.7198947, 20.47934986], [85.71971504, 20.47934986], [85.71971504, 20.47917019], [85.71943726, 20.47908861], [85.71921851, 20.47882543], [85.71873518, 20.47919756], [85.71968057, 20.4796076], [85.7198947, 20.47934986]]]]}, "geometry_name": "geom", "properties": {"id": 18522, "gridcode": 1, "from_time": "18-08-2022 18:00", "to_time": "18-08-2022 18:00"}}, {"type": "Feature", "id": "odflood50dsc18082022_1800hrs.18527", "geometry": {"type": "MultiPolygon", "coordinates": [[[[85.72205066, 20.47773289], [85.72182621, 20.47790606], [85.72110339, 20.47888105], [85.72143614, 20.47943267], [85.7213878, 20.47975989], [85.72192052, 20.48008132], [85.72282151, 20.47972708], [85.72356622, 20.47983709], [85.72335247, 20.47878788], [85.72208417, 20.47897544], [85.72170844, 20.47868542], [85.72197241, 20.47801396], [85.72205066, 20.47773289]]]]}, "geometry_name": "geom", "properties": {"id": 18527, "gridcode": 1, "from_time": "18-08-2022 18:00", "to_time": "18-08-2022 18:00"}}, {"type": "Feature", "id": "odflood50dsc18082022_1800hrs.18529", "geometry": {"type": "MultiPolygon", "coordinates": [[[[85.71971504, 20.47917019], [85.7198947, 20.47917019], [85.7198947, 20.47934986], [85.72015753, 20.47912335], [85.7199912, 20.47835504], [85.71945221, 20.47759481], [85.71962389, 20.47745234], [85.72027592, 20.47781605], [85.72051686, 20.47727917], [85.7189817, 20.47725987], [85.71819457, 20.47761113], [85.71854456, 20.47855892], [85.71884642, 20.47820854], [85.71932808, 20.47816976], [85.71963188, 20.47871437], [85.71971504, 20.47917019]]]]}, "geometry_name": "geom", "properties": {"id": 18529, "gridcode": 1, "from_time": "18-08-2022 18:00", "to_time": "18-08-2022 18:00"}}, {"type": "Feature", "id": "odflood50dsc18082022_1800hrs.18530", "geometry": {"type": "MultiPolygon", "coordinates": [[[[85.70300638, 20.47701424], [85.70282671, 20.47701424], [85.70282671, 20.4771939], [85.70300638, 20.4771939], [85.70300638, 20.47701424]]]]}, "geometry_name": "geom", "properties": {"id": 18530, "gridcode": 1, "from_time": "18-08-2022 18:00", "to_time": "18-08-2022 18:00"}}, {"type": "Feature", "id": "odflood50dsc18082022_1800hrs.18533", "geometry": {"type": "MultiPolygon", "coordinates": [[[[85.73067449, 20.47773289], [85.73058711, 20.47713284], [85.73015682, 20.4769988], [85.73038368, 20.47766446], [85.73067449, 20.47773289]]]]}, "geometry_name": "geom", "properties": {"id": 18533, "gridcode": 1, "from_time": "18-08-2022 18:00", "to_time": "18-08-2022 18:00"}}, {"type": "Feature", "id": "odflood50dsc18082022_1800hrs.18534", "geometry": {"type": "MultiPolygon", "coordinates": [[[[85.70300638, 20.47701424], [85.70322543, 20.47695265], [85.70306787, 20.47679527], [85.70300638, 20.47701424]]]]}, "geometry_name": "geom", "properties": {"id": 18534, "gridcode": 1, "from_time": "18-08-2022 18:00", "to_time": "18-08-2022 18:00"}}, {"type": "Feature", "id": "odflood50dsc18082022_1800hrs.18535", "geometry": {"type": "MultiPolygon", "coordinates": [[[[85.72205066, 20.47683457], [85.72115235, 20.47683457], [85.72119805, 20.47696862], [85.72164563, 20.47705985], [85.72199754, 20.47740778], [85.72205066, 20.47683457]]]]}, "geometry_name": "geom", "properties": {"id": 18535, "gridcode": 1, "from_time": "18-08-2022 18:00", "to_time": "18-08-2022 18:00"}}, {"type": "Feature", "id": "odflood50dsc18082022_1800hrs.18537", "geometry": {"type": "MultiPolygon", "coordinates": [[[[85.69725716, 20.47683457], [85.69715724, 20.47660105], [85.69684888, 20.47676264], [85.69725716, 20.47683457]]]]}, "geometry_name": "geom", "properties": {"id": 18537, "gridcode": 1, "from_time": "18-08-2022 18:00", "to_time": "18-08-2022 18:00"}}, {"type": "Feature", "id": "odflood50dsc18082022_1800hrs.18540", "geometry": {"type": "MultiPolygon", "coordinates": [[[[85.72115235, 20.47683457], [85.72115235, 20.47665491], [85.72205066, 20.47665491], [85.72205066, 20.47683457], [85.72233174, 20.47691283], [85.72288853, 20.47771359], [85.72364605, 20.47817047], [85.72378036, 20.47799958], [85.72356622, 20.4778343], [85.7233083, 20.4771939], [85.72393892, 20.47728198], [85.72411499, 20.47746515], [85.72463305, 20.47796291], [85.72537535, 20.47745971], [85.72555585, 20.47783184], [85.72618291, 20.47781904], [85.72645241, 20.47782448], [85.72690582, 20.47781535], [85.72716926, 20.47837399], [85.72680993, 20.47871928], [85.7265121, 20.47902931], [85.72627454, 20.47853962], [85.72607707, 20.4781838], [85.7250169, 20.47890245], [85.72463643, 20.47907861], [85.7241185, 20.47853944], [85.72381553, 20.47854576], [85.7235796, 20.47993762], [85.72464174, 20.48019641], [85.72375198, 20.48105139], [85.72396743, 20.48146949], [85.72468451, 20.48122404], [85.72546426, 20.48124], [85.72600492, 20.48122895], [85.72566261, 20.48056451], [85.72699622, 20.48030414], [85.72698249, 20.47963146], [85.72718724, 20.47923388], [85.72758214, 20.47885455], [85.72840765, 20.47913703], [85.728002, 20.47992446], [85.72849932, 20.48040239], [85.72932522, 20.47997692], [85.7298678, 20.47980077], [85.7301355, 20.47970918], [85.72998873, 20.48028116], [85.72966349, 20.48050556], [85.72973823, 20.48083892], [85.72939614, 20.4813644], [85.7296931, 20.48157915], [85.73039591, 20.48103455], [85.73059268, 20.48107859], [85.73095021, 20.48084576], [85.73118997, 20.48119298], [85.73055777, 20.48195094], [85.73073506, 20.4822978], [85.73134129, 20.48190304], [85.73167066, 20.4819769], [85.73200867, 20.48175689], [85.73218518, 20.48089822], [85.73146652, 20.48071382], [85.73131976, 20.48050117], [85.7311072, 20.4803545], [85.73096043, 20.4794232], [85.73074787, 20.47927652], [85.7306011, 20.47893403], [85.73118036, 20.47873753], [85.7311029, 20.47908299], [85.73135147, 20.47988481], [85.73203841, 20.48014185], [85.73229725, 20.48051679], [85.73293672, 20.48068084], [85.73301011, 20.48132615], [85.73329767, 20.48139791], [85.73351238, 20.48172074], [85.73395378, 20.48183198], [85.73460514, 20.48159564], [85.73411002, 20.48141598], [85.73485117, 20.48114701], [85.73497421, 20.48065873], [85.73451917, 20.48035607], [85.73428025, 20.47999675], [85.73344119, 20.48014027], [85.73301888, 20.48042222], [85.73240002, 20.47963549], [85.73285619, 20.47895246], [85.73238129, 20.4788328], [85.73168071, 20.4790093], [85.73182423, 20.47870296], [85.73218355, 20.478464], [85.73204003, 20.47816398], [85.73164456, 20.47802046], [85.73147376, 20.47712214], [85.73091797, 20.47745006], [85.73102741, 20.4778843], [85.73067449, 20.47773289], [85.7305897, 20.47782781], [85.73039995, 20.4779973], [85.73022077, 20.47819784], [85.729866, 20.47817661], [85.72968634, 20.47818749], [85.72923718, 20.47816064], [85.7285913, 20.47819907], [85.72879307, 20.47782781], [85.72896264, 20.47709898], [85.72915516, 20.47692704], [85.72902572, 20.47657017], [85.72824965, 20.47711214], [85.72789475, 20.47691932], [85.72718426, 20.4767], [85.72692915, 20.47725583], [85.72623954, 20.47745831], [85.72590886, 20.47708828], [85.7255269, 20.47711109], [85.72557023, 20.47638384], [85.72501006, 20.47621084], [85.72484048, 20.476021], [85.72465073, 20.47585152], [85.72440742, 20.4753213], [85.7237625, 20.47567185], [85.72321343, 20.47584134], [85.72304385, 20.47603118], [85.72212475, 20.47620066], [85.72217747, 20.47531551], [85.72173327, 20.47513286], [85.72178652, 20.47602609], [85.72176358, 20.47641121], [85.72106589, 20.47636963], [85.7208879, 20.47659824], [85.72115235, 20.47683457]], [[85.7233083, 20.4771939], [85.72308925, 20.47713232], [85.72324681, 20.47697494], [85.7233083, 20.4771939]], [[85.7301355, 20.47970918], [85.73019699, 20.47949022], [85.73035455, 20.4796476], [85.7301355, 20.47970918]], [[85.73031516, 20.47845154], [85.73025367, 20.47867051], [85.73009611, 20.47851312], [85.73031516, 20.47845154]], [[85.73103381, 20.47845154], [85.73097232, 20.47867051], [85.73081476, 20.47851312], [85.73103381, 20.47845154]], [[85.73336943, 20.48096682], [85.73330794, 20.48118579], [85.73315038, 20.48102841], [85.73336943, 20.48096682]], [[85.72887786, 20.47899053], [85.72882127, 20.47937881], [85.72847927, 20.47904861], [85.72887786, 20.47899053]], [[85.72977617, 20.4786312], [85.72994158, 20.47905194], [85.72951826, 20.47883034], [85.72977617, 20.4786312]], [[85.72510493, 20.47988885], [85.72504344, 20.48010781], [85.72488588, 20.47995043], [85.72510493, 20.47988885]], [[85.72600325, 20.47899053], [85.72635459, 20.47952215], [85.72555172, 20.48007658], [85.72539088, 20.47914774], [85.72600325, 20.47899053]], [[85.7252846, 20.47701424], [85.72518696, 20.47724232], [85.72487141, 20.47708705], [85.7252846, 20.47701424]], [[85.72366763, 20.47683457], [85.72357595, 20.47638682], [85.72357964, 20.47620575], [85.72357245, 20.4758538], [85.72447431, 20.47667702], [85.72366763, 20.47683457]], [[85.72366763, 20.47683457], [85.72360613, 20.47705354], [85.72344858, 20.47689616], [85.72366763, 20.47683457]]]]}, "geometry_name": "geom", "properties": {"id": 18540, "gridcode": 1, "from_time": "18-08-2022 18:00", "to_time": "18-08-2022 18:00"}}, {"type": "Feature", "id": "odflood50dsc18082022_1800hrs.18541", "geometry": {"type": "MultiPolygon", "coordinates": [[[[85.69977244, 20.47521761], [85.69999149, 20.47515602], [85.69983394, 20.47499864], [85.69977244, 20.47521761]]]]}, "geometry_name": "geom", "properties": {"id": 18541, "gridcode": 1, "from_time": "18-08-2022 18:00", "to_time": "18-08-2022 18:00"}}, {"type": "Feature", "id": "odflood50dsc18082022_1800hrs.18542", "geometry": {"type": "MultiPolygon", "coordinates": [[[[85.71719976, 20.47503794], [85.71624916, 20.47510637], [85.71675323, 20.47535253], [85.7171394, 20.47515725], [85.71719976, 20.47503794]]]]}, "geometry_name": "geom", "properties": {"id": 18542, "gridcode": 1, "from_time": "18-08-2022 18:00", "to_time": "18-08-2022 18:00"}}, {"type": "Feature", "id": "odflood50dsc18082022_1800hrs.18543", "geometry": {"type": "MultiPolygon", "coordinates": [[[[85.69779615, 20.47521761], [85.69759986, 20.47505461], [85.69709272, 20.47444404], [85.69666339, 20.47496092], [85.69629072, 20.47492285], [85.69668089, 20.47547885], [85.69708544, 20.4749918], [85.6973387, 20.47585467], [85.69769377, 20.47601784], [85.69779615, 20.47521761]]]]}, "geometry_name": "geom", "properties": {"id": 18543, "gridcode": 1, "from_time": "18-08-2022 18:00", "to_time": "18-08-2022 18:00"}}, {"type": "Feature", "id": "odflood50dsc18082022_1800hrs.18544", "geometry": {"type": "MultiPolygon", "coordinates": [[[[85.72402695, 20.47449895], [85.7238079, 20.47456054], [85.72396546, 20.47471792], [85.72402695, 20.47449895]]]]}, "geometry_name": "geom", "properties": {"id": 18544, "gridcode": 1, "from_time": "18-08-2022 18:00", "to_time": "18-08-2022 18:00"}}, {"type": "Feature", "id": "odflood50dsc18082022_1800hrs.18545", "geometry": {"type": "MultiPolygon", "coordinates": [[[[85.71791841, 20.47431929], [85.71733705, 20.47439263], [85.71785275, 20.4746444], [85.71791841, 20.47431929]]]]}, "geometry_name": "geom", "properties": {"id": 18545, "gridcode": 1, "from_time": "18-08-2022 18:00", "to_time": "18-08-2022 18:00"}}, {"type": "Feature", "id": "odflood50dsc18082022_1800hrs.18546", "geometry": {"type": "MultiPolygon", "coordinates": [[[[85.69779615, 20.47521761], [85.69862411, 20.47558834], [85.69859546, 20.47530744], [85.69872157, 20.47407032], [85.69835176, 20.47451562], [85.69805735, 20.4747602], [85.69779615, 20.47521761]]]]}, "geometry_name": "geom", "properties": {"id": 18546, "gridcode": 1, "from_time": "18-08-2022 18:00", "to_time": "18-08-2022 18:00"}}, {"type": "Feature", "id": "odflood50dsc18082022_1800hrs.18548", "geometry": {"type": "MultiPolygon", "coordinates": [[[[85.70156907, 20.47431929], [85.70138941, 20.47431929], [85.70138941, 20.47413963], [85.70110347, 20.47406629], [85.70086204, 20.47371661], [85.7004839, 20.4735273], [85.70060308, 20.47405892], [85.70013694, 20.47466037], [85.70027827, 20.47529077], [85.70085761, 20.47547061], [85.70067076, 20.47463721], [85.70149569, 20.47442561], [85.70156907, 20.47431929]]]]}, "geometry_name": "geom", "properties": {"id": 18548, "gridcode": 1, "from_time": "18-08-2022 18:00", "to_time": "18-08-2022 18:00"}}, {"type": "Feature", "id": "odflood50dsc18082022_1800hrs.18550", "geometry": {"type": "MultiPolygon", "coordinates": [[[[85.7170201, 20.47324131], [85.71693693, 20.47333781], [85.71656427, 20.47350414], [85.71639794, 20.4738768], [85.71603862, 20.47418647], [85.71632548, 20.47458212], [85.71684574, 20.47438175], [85.71733288, 20.47360397], [85.71799285, 20.47397225], [85.71804316, 20.47334571], [85.7170201, 20.47324131]]]]}, "geometry_name": "geom", "properties": {"id": 18550, "gridcode": 1, "from_time": "18-08-2022 18:00", "to_time": "18-08-2022 18:00"}}, {"type": "Feature", "id": "odflood50dsc18082022_1800hrs.18551", "geometry": {"type": "MultiPolygon", "coordinates": [[[[85.71378616, 20.47324131], [85.71386604, 20.47352081], [85.71426751, 20.47384224], [85.71388595, 20.47449141], [85.71426979, 20.47461282], [85.71470606, 20.47406804], [85.71531931, 20.47442842], [85.715483, 20.4740398], [85.71589339, 20.47386698], [85.71509951, 20.47369521], [85.71515706, 20.47323254], [85.71441371, 20.47314008], [85.71378616, 20.47324131]]]]}, "geometry_name": "geom", "properties": {"id": 18551, "gridcode": 1, "from_time": "18-08-2022 18:00", "to_time": "18-08-2022 18:00"}}, {"type": "Feature", "id": "odflood50dsc18082022_1800hrs.18552", "geometry": {"type": "MultiPolygon", "coordinates": [[[[85.7170201, 20.47324131], [85.7169586, 20.47302235], [85.71680104, 20.47317973], [85.7170201, 20.47324131]]]]}, "geometry_name": "geom", "properties": {"id": 18552, "gridcode": 1, "from_time": "18-08-2022 18:00", "to_time": "18-08-2022 18:00"}}, {"type": "Feature", "id": "odflood50dsc18082022_1800hrs.18553", "geometry": {"type": "MultiPolygon", "coordinates": [[[[85.71378616, 20.47324131], [85.71371335, 20.47282812], [85.71355803, 20.47314376], [85.71378616, 20.47324131]]]]}, "geometry_name": "geom", "properties": {"id": 18553, "gridcode": 1, "from_time": "18-08-2022 18:00", "to_time": "18-08-2022 18:00"}}, {"type": "Feature", "id": "odflood50dsc18082022_1800hrs.18554", "geometry": {"type": "MultiPolygon", "coordinates": [[[[85.70659964, 20.47270232], [85.70562197, 20.47279777], [85.70556333, 20.47326921], [85.70615048, 20.47334237], [85.70641998, 20.47330886], [85.70685347, 20.47336273], [85.70659964, 20.47270232]]]]}, "geometry_name": "geom", "properties": {"id": 18554, "gridcode": 1, "from_time": "18-08-2022 18:00", "to_time": "18-08-2022 18:00"}}, {"type": "Feature", "id": "odflood50dsc18082022_1800hrs.18555", "geometry": {"type": "MultiPolygon", "coordinates": [[[[85.705342, 20.472343], [85.70471822, 20.47253564], [85.70520927, 20.47277286], [85.705342, 20.472343]]]]}, "geometry_name": "geom", "properties": {"id": 18555, "gridcode": 1, "from_time": "18-08-2022 18:00", "to_time": "18-08-2022 18:00"}}, {"type": "Feature", "id": "odflood50dsc18082022_1800hrs.18556", "geometry": {"type": "MultiPolygon", "coordinates": [[[[85.70606065, 20.472343], [85.70612215, 20.47256196], [85.7062797, 20.47240458], [85.70606065, 20.472343]]]]}, "geometry_name": "geom", "properties": {"id": 18556, "gridcode": 1, "from_time": "18-08-2022 18:00", "to_time": "18-08-2022 18:00"}}, {"type": "Feature", "id": "odflood50dsc18082022_1800hrs.18559", "geometry": {"type": "MultiPolygon", "coordinates": [[[[85.70983357, 20.47162435], [85.70950561, 20.47169049], [85.70976146, 20.47219632], [85.70983357, 20.47162435]]]]}, "geometry_name": "geom", "properties": {"id": 18559, "gridcode": 1, "from_time": "18-08-2022 18:00", "to_time": "18-08-2022 18:00"}}, {"type": "Feature", "id": "odflood50dsc18082022_1800hrs.18560", "geometry": {"type": "MultiPolygon", "coordinates": [[[[85.71055223, 20.47162435], [85.7102894, 20.47185085], [85.71049095, 20.47278198], [85.71081589, 20.4731592], [85.71100638, 20.47314394], [85.71165209, 20.47350414], [85.71184711, 20.47306954], [85.71082839, 20.47188717], [85.71063539, 20.47172084], [85.71055223, 20.47162435]]]]}, "geometry_name": "geom", "properties": {"id": 18560, "gridcode": 1, "from_time": "18-08-2022 18:00", "to_time": "18-08-2022 18:00"}}, {"type": "Feature", "id": "odflood50dsc18082022_1800hrs.18561", "geometry": {"type": "MultiPolygon", "coordinates": [[[[85.70138941, 20.47413963], [85.70156907, 20.47413963], [85.70156907, 20.47431929], [85.7019084, 20.47438772], [85.70162943, 20.47473897], [85.70150872, 20.47542464], [85.7018548, 20.47525568], [85.70198875, 20.47548166], [85.70144977, 20.47563729], [85.70132905, 20.4758759], [85.70109044, 20.47599661], [85.70092244, 20.47632874], [85.70037455, 20.47606118], [85.70007141, 20.47545762], [85.6998328, 20.47533691], [85.69977244, 20.47521761], [85.6989008, 20.47529516], [85.69905379, 20.47597767], [85.70013177, 20.47625418], [85.69999597, 20.47685984], [85.69957067, 20.47715355], [85.69988421, 20.47763499], [85.69984214, 20.47782272], [85.69990877, 20.47811994], [85.69902278, 20.47845154], [85.69920135, 20.47765516], [85.69894111, 20.4774755], [85.69898409, 20.47728373], [85.69887136, 20.47678089], [85.69922415, 20.47653736], [85.69876785, 20.47622225], [85.69856849, 20.47593345], [85.69797195, 20.47606715], [85.69772277, 20.47636419], [85.69844142, 20.47654859], [85.69858818, 20.47698353], [85.69791195, 20.47726724], [85.69725716, 20.47683457], [85.69735892, 20.47805204], [85.69823947, 20.47798115], [85.6984183, 20.47818871], [85.69862279, 20.47836487], [85.69753332, 20.47869296], [85.69814096, 20.47906948], [85.69907568, 20.47854804], [85.69916933, 20.47943302], [85.69895729, 20.47926669], [85.69873548, 20.4790093], [85.69797121, 20.47948794], [85.69908809, 20.48086524], [85.69932912, 20.48088471], [85.69949628, 20.48069066], [85.70046697, 20.48051363], [85.70093793, 20.47996692], [85.70132313, 20.48018185], [85.70127866, 20.4796283], [85.70183857, 20.47958321], [85.70271943, 20.47965409], [85.70290988, 20.47943302], [85.7038282, 20.47915651], [85.70380762, 20.4789007], [85.70383596, 20.47854804], [85.70308954, 20.47871437], [85.70278189, 20.47907141], [85.70189774, 20.47844452], [85.70092661, 20.47880122], [85.70097582, 20.47818871], [85.7006837, 20.47840768], [85.70026467, 20.47889403], [85.69986894, 20.47860717], [85.70003593, 20.47835399], [85.70038468, 20.47838206], [85.70064839, 20.47766394], [85.7000486, 20.47714705], [85.70021563, 20.47691669], [85.70040126, 20.4769316], [85.700758, 20.476903], [85.7012408, 20.47767376], [85.70184203, 20.47745304], [85.70215114, 20.47781167], [85.70289102, 20.47787115], [85.70292409, 20.47745918], [85.70282671, 20.4771939], [85.70255542, 20.47710582], [85.70221017, 20.4767465], [85.70165702, 20.47692265], [85.70166434, 20.4772818], [85.70130519, 20.47728917], [85.7012941, 20.47674474], [85.70130142, 20.47638542], [85.70129756, 20.47619663], [85.7019609, 20.47621014], [85.70225325, 20.47530919], [85.70268736, 20.47555921], [85.70308735, 20.47638366], [85.70345839, 20.47620698], [85.70327333, 20.47566641], [85.7036334, 20.47496741], [85.70345466, 20.47494601], [85.70240396, 20.47530568], [85.7022257, 20.47419209], [85.70270798, 20.47372872], [85.70202218, 20.47271706], [85.70201639, 20.47243283], [85.70202371, 20.47207526], [85.70183677, 20.47225141], [85.70141805, 20.47268723], [85.70075655, 20.47225352], [85.70094205, 20.47207526], [85.70103008, 20.47180401], [85.70075717, 20.47171769], [85.70009106, 20.4713652], [85.6998081, 20.47225896], [85.69924148, 20.47308235], [85.69950637, 20.47332764], [85.69967919, 20.47369398], [85.70021818, 20.47383399], [85.69985727, 20.47315183], [85.70007808, 20.472616], [85.70057772, 20.47315517], [85.70107153, 20.47313551], [85.70138941, 20.47413963]], [[85.69887413, 20.47773289], [85.69881263, 20.47795185], [85.69865507, 20.47779447], [85.69887413, 20.47773289]], [[85.69815547, 20.47737356], [85.69805784, 20.47760165], [85.69774228, 20.47744638], [85.69815547, 20.47737356]], [[85.70013177, 20.47917019], [85.70021331, 20.47926827], [85.70078831, 20.47943706], [85.70074506, 20.47986148], [85.70003435, 20.47978901], [85.69980323, 20.48032186], [85.69948189, 20.47993499], [85.69878715, 20.48000587], [85.69861292, 20.47971164], [85.69951124, 20.47944793], [85.69985398, 20.47925178], [85.70013177, 20.47917019]], [[85.70210806, 20.47342098], [85.70203113, 20.47401295], [85.70186642, 20.47354818], [85.70210806, 20.47342098]]]]}, "geometry_name": "geom", "properties": {"id": 18561, "gridcode": 1, "from_time": "18-08-2022 18:00", "to_time": "18-08-2022 18:00"}}, {"type": "Feature", "id": "odflood50dsc18082022_1800hrs.18562", "geometry": {"type": "MultiPolygon", "coordinates": [[[[85.70983357, 20.47162435], [85.71005263, 20.47156276], [85.70989507, 20.47140538], [85.70983357, 20.47162435]]]]}, "geometry_name": "geom", "properties": {"id": 18562, "gridcode": 1, "from_time": "18-08-2022 18:00", "to_time": "18-08-2022 18:00"}}, {"type": "Feature", "id": "odflood50dsc18082022_1800hrs.18563", "geometry": {"type": "MultiPolygon", "coordinates": [[[[85.70120975, 20.47126502], [85.70114939, 20.47156399], [85.70103008, 20.47180401], [85.70138941, 20.47180401], [85.70138941, 20.47126502], [85.70120975, 20.47126502]]]]}, "geometry_name": "geom", "properties": {"id": 18563, "gridcode": 1, "from_time": "18-08-2022 18:00", "to_time": "18-08-2022 18:00"}}, {"type": "Feature", "id": "odflood50dsc18082022_1800hrs.18564", "geometry": {"type": "MultiPolygon", "coordinates": [[[[85.70120975, 20.47126502], [85.70113693, 20.47085183], [85.70098161, 20.47116747], [85.70120975, 20.47126502]]]]}, "geometry_name": "geom", "properties": {"id": 18564, "gridcode": 1, "from_time": "18-08-2022 18:00", "to_time": "18-08-2022 18:00"}}, {"type": "Feature", "id": "odflood50dsc18082022_1800hrs.18565", "geometry": {"type": "MultiPolygon", "coordinates": [[[[85.73372876, 20.47090569], [85.73347085, 20.47110483], [85.73389417, 20.47132643], [85.73372876, 20.47090569]]]]}, "geometry_name": "geom", "properties": {"id": 18565, "gridcode": 1, "from_time": "18-08-2022 18:00", "to_time": "18-08-2022 18:00"}}, {"type": "Feature", "id": "odflood50dsc18082022_1800hrs.18566", "geometry": {"type": "MultiPolygon", "coordinates": [[[[85.70354537, 20.47072603], [85.70364529, 20.47095956], [85.70395364, 20.47079797], [85.70354537, 20.47072603]]]]}, "geometry_name": "geom", "properties": {"id": 18566, "gridcode": 1, "from_time": "18-08-2022 18:00", "to_time": "18-08-2022 18:00"}}, {"type": "Feature", "id": "odflood50dsc18082022_1800hrs.18567", "geometry": {"type": "MultiPolygon", "coordinates": [[[[85.70641998, 20.47072603], [85.70619645, 20.47088043], [85.70609727, 20.47132274], [85.70659389, 20.47143415], [85.70641998, 20.47072603]]]]}, "geometry_name": "geom", "properties": {"id": 18567, "gridcode": 1, "from_time": "18-08-2022 18:00", "to_time": "18-08-2022 18:00"}}, {"type": "Feature", "id": "odflood50dsc18082022_1800hrs.18568", "geometry": {"type": "MultiPolygon", "coordinates": [[[[85.72726089, 20.47072603], [85.72665992, 20.47080411], [85.72713917, 20.4709571], [85.72726089, 20.47072603]]]]}, "geometry_name": "geom", "properties": {"id": 18568, "gridcode": 1, "from_time": "18-08-2022 18:00", "to_time": "18-08-2022 18:00"}}, {"type": "Feature", "id": "odflood50dsc18082022_1800hrs.18569", "geometry": {"type": "MultiPolygon", "coordinates": [[[[85.70300638, 20.47072603], [85.70354537, 20.47072603], [85.70354537, 20.47054637], [85.70300638, 20.47054637], [85.70300638, 20.47072603]]]]}, "geometry_name": "geom", "properties": {"id": 18569, "gridcode": 1, "from_time": "18-08-2022 18:00", "to_time": "18-08-2022 18:00"}}, {"type": "Feature", "id": "odflood50dsc18082022_1800hrs.18570", "geometry": {"type": "MultiPolygon", "coordinates": [[[[85.73247112, 20.4703667], [85.73223759, 20.47046671], [85.73239914, 20.47077498], [85.73247112, 20.4703667]]]]}, "geometry_name": "geom", "properties": {"id": 18570, "gridcode": 1, "from_time": "18-08-2022 18:00", "to_time": "18-08-2022 18:00"}}, {"type": "Feature", "id": "odflood50dsc18082022_1800hrs.18571", "geometry": {"type": "MultiPolygon", "coordinates": [[[[85.70300638, 20.47072603], [85.70228891, 20.4706383], [85.70165395, 20.47025529], [85.70131116, 20.47077024], [85.7025688, 20.47098394], [85.7027253, 20.47124554], [85.70223807, 20.47162171], [85.70202981, 20.47194753], [85.70307678, 20.47237598], [85.70335075, 20.47139222], [85.70308463, 20.47118677], [85.70300638, 20.47072603]], [[85.70282671, 20.47180401], [85.70276522, 20.47202297], [85.70260766, 20.47186559], [85.70282671, 20.47180401]]]]}, "geometry_name": "geom", "properties": {"id": 18571, "gridcode": 1, "from_time": "18-08-2022 18:00", "to_time": "18-08-2022 18:00"}}, {"type": "Feature", "id": "odflood50dsc18082022_1800hrs.18572", "geometry": {"type": "MultiPolygon", "coordinates": [[[[85.70606065, 20.472343], [85.7059824, 20.47188226], [85.70557495, 20.47133274], [85.70566487, 20.4707241], [85.70464493, 20.47010879], [85.70432705, 20.4704618], [85.70488126, 20.47068866], [85.70472476, 20.4710071], [85.70444956, 20.47121958], [85.70485398, 20.47174348], [85.70542025, 20.47208508], [85.70606065, 20.472343]]]]}, "geometry_name": "geom", "properties": {"id": 18572, "gridcode": 1, "from_time": "18-08-2022 18:00", "to_time": "18-08-2022 18:00"}}, {"type": "Feature", "id": "odflood50dsc18082022_1800hrs.18573", "geometry": {"type": "MultiPolygon", "coordinates": [[[[85.71270818, 20.47018704], [85.71229499, 20.47025985], [85.71261054, 20.47041513], [85.71270818, 20.47018704]]]]}, "geometry_name": "geom", "properties": {"id": 18573, "gridcode": 1, "from_time": "18-08-2022 18:00", "to_time": "18-08-2022 18:00"}}, {"type": "Feature", "id": "odflood50dsc18082022_1800hrs.18575", "geometry": {"type": "MultiPolygon", "coordinates": [[[[85.7252846, 20.47000738], [85.72482053, 20.47008616], [85.72485706, 20.47033319], [85.7242332, 20.47136748], [85.72475083, 20.47176699], [85.72435619, 20.47242125], [85.72515774, 20.47223404], [85.72520906, 20.47188682], [85.72488821, 20.47135485], [85.72520906, 20.47082288], [85.72518139, 20.47063567], [85.7252846, 20.47000738]]]]}, "geometry_name": "geom", "properties": {"id": 18575, "gridcode": 1, "from_time": "18-08-2022 18:00", "to_time": "18-08-2022 18:00"}}, {"type": "Feature", "id": "odflood50dsc18082022_1800hrs.18578", "geometry": {"type": "MultiPolygon", "coordinates": [[[[85.71180987, 20.46946839], [85.71204168, 20.4698914], [85.71221078, 20.46955471], [85.71180987, 20.46946839]]]]}, "geometry_name": "geom", "properties": {"id": 18578, "gridcode": 1, "from_time": "18-08-2022 18:00", "to_time": "18-08-2022 18:00"}}, {"type": "Feature", "id": "odflood50dsc18082022_1800hrs.18579", "geometry": {"type": "MultiPolygon", "coordinates": [[[[85.71270818, 20.47018704], [85.71332218, 20.47062707], [85.71317217, 20.47101026], [85.71277727, 20.47116273], [85.71302303, 20.47238861], [85.71346508, 20.47247581], [85.71371115, 20.47208824], [85.71386117, 20.47151978], [85.71422049, 20.47095377], [85.71407048, 20.4704418], [85.71386117, 20.47011195], [85.71360338, 20.46944365], [85.71285819, 20.46997773], [85.71270818, 20.47018704]]]]}, "geometry_name": "geom", "properties": {"id": 18579, "gridcode": 1, "from_time": "18-08-2022 18:00", "to_time": "18-08-2022 18:00"}}, {"type": "Feature", "id": "odflood50dsc18082022_1800hrs.18582", "geometry": {"type": "MultiPolygon", "coordinates": [[[[85.70749795, 20.46928873], [85.70721894, 20.46942979], [85.70707827, 20.47012669], [85.70635962, 20.47027178], [85.70648033, 20.47048601], [85.70689861, 20.47060672], [85.70708038, 20.47096605], [85.70743501, 20.47072498], [85.70749795, 20.46928873]]]]}, "geometry_name": "geom", "properties": {"id": 18582, "gridcode": 1, "from_time": "18-08-2022 18:00", "to_time": "18-08-2022 18:00"}}, {"type": "Feature", "id": "odflood50dsc18082022_1800hrs.18584", "geometry": {"type": "MultiPolygon", "coordinates": [[[[85.70624031, 20.46928873], [85.70608991, 20.46990105], [85.70634659, 20.46975438], [85.70659802, 20.46939014], [85.70721201, 20.46916047], [85.7068694, 20.46899502], [85.70624031, 20.46928873]]]]}, "geometry_name": "geom", "properties": {"id": 18584, "gridcode": 1, "from_time": "18-08-2022 18:00", "to_time": "18-08-2022 18:00"}}, {"type": "Feature", "id": "odflood50dsc18082022_1800hrs.18586", "geometry": {"type": "MultiPolygon", "coordinates": [[[[85.71863706, 20.47090569], [85.7177173, 20.47037548], [85.71791841, 20.46982771], [85.71763247, 20.46975438], [85.7174857, 20.46900274], [85.71705321, 20.46885606], [85.71713006, 20.46919889], [85.71698417, 20.46984965], [85.71771471, 20.47097149], [85.71762878, 20.47135485], [85.71770932, 20.47171418], [85.71727314, 20.47187735], [85.71702106, 20.47224246], [85.71783349, 20.47254652], [85.71817146, 20.47205701], [85.71883554, 20.47180857], [85.71924944, 20.47143977], [85.71878383, 20.47111834], [85.71863706, 20.47090569]]]]}, "geometry_name": "geom", "properties": {"id": 18586, "gridcode": 1, "from_time": "18-08-2022 18:00", "to_time": "18-08-2022 18:00"}}, {"type": "Feature", "id": "odflood50dsc18082022_1800hrs.18588", "geometry": {"type": "MultiPolygon", "coordinates": [[[[85.7233083, 20.46839041], [85.72302723, 20.46846866], [85.72240999, 20.46871131], [85.72169134, 20.46842883], [85.72069845, 20.46881922], [85.72049339, 20.46908485], [85.72055006, 20.46946839], [85.72048304, 20.46992211], [85.72115375, 20.47008563], [85.72101176, 20.46912503], [85.72178117, 20.46923872], [85.72319983, 20.46902906], [85.7233083, 20.46839041]]]]}, "geometry_name": "geom", "properties": {"id": 18588, "gridcode": 1, "from_time": "18-08-2022 18:00", "to_time": "18-08-2022 18:00"}}, {"type": "Feature", "id": "odflood50dsc18082022_1800hrs.18591", "geometry": {"type": "MultiPolygon", "coordinates": [[[[85.73247112, 20.4703667], [85.73351988, 20.47011405], [85.73372876, 20.47090569], [85.7340147, 20.47083235], [85.73419915, 20.4701137], [85.73456536, 20.47042092], [85.73444566, 20.47095482], [85.73486451, 20.47104869], [85.7349167, 20.47081586], [85.73487644, 20.4706362], [85.73502649, 20.46996685], [85.73471691, 20.46989737], [85.73451772, 20.46994211], [85.73416147, 20.46939505], [85.73399953, 20.46896221], [85.7336073, 20.46839427], [85.73288111, 20.46823145], [85.73227711, 20.46864832], [85.73259709, 20.46911187], [85.73331509, 20.4689508], [85.73325675, 20.469211], [85.73349953, 20.46937856], [85.73326315, 20.46954173], [85.73311639, 20.46975438], [85.7325445, 20.47008072], [85.73247112, 20.4703667]]]]}, "geometry_name": "geom", "properties": {"id": 18591, "gridcode": 1, "from_time": "18-08-2022 18:00", "to_time": "18-08-2022 18:00"}}, {"type": "Feature", "id": "odflood50dsc18082022_1800hrs.18593", "geometry": {"type": "MultiPolygon", "coordinates": [[[[85.71791841, 20.46982771], [85.71838402, 20.46990105], [85.7188037, 20.470509], [85.71863706, 20.47090569], [85.71978154, 20.47104886], [85.72002414, 20.47189735], [85.71923641, 20.47206771], [85.71978206, 20.47250476], [85.71941085, 20.47280198], [85.71950717, 20.47350081], [85.71985878, 20.47306182], [85.72060831, 20.47350239], [85.72209808, 20.47382469], [85.72231415, 20.47331184], [85.7229274, 20.47367222], [85.7233737, 20.47311499], [85.72386444, 20.47317604], [85.72354736, 20.47371538], [85.72358898, 20.4740498], [85.72356552, 20.47423841], [85.72394708, 20.47439912], [85.72402695, 20.47449895], [85.72428136, 20.47428771], [85.72431474, 20.47395996], [85.72428649, 20.47368257], [85.72500681, 20.47347133], [85.72481798, 20.4730913], [85.72446782, 20.4728004], [85.72428943, 20.47258582], [85.7228802, 20.47272934], [85.72282252, 20.47216333], [85.72286901, 20.47170716], [85.72266961, 20.47154153], [85.72271427, 20.47110325], [85.72249438, 20.4705962], [85.72156295, 20.46992579], [85.72135069, 20.47041267], [85.72188288, 20.47085481], [85.72160979, 20.47118343], [85.72125828, 20.47147556], [85.72209588, 20.47183875], [85.72247933, 20.47250827], [85.72137078, 20.47314323], [85.7210708, 20.47278601], [85.72141623, 20.47260284], [85.72176932, 20.47263881], [85.72182556, 20.47208719], [85.72151167, 20.47205526], [85.72075784, 20.4721321], [85.72091031, 20.4706362], [85.72051524, 20.47046478], [85.72035215, 20.47026863], [85.71995493, 20.4699386], [85.72002932, 20.46920854], [85.71981316, 20.468472], [85.71907793, 20.46830882], [85.71845051, 20.4679495], [85.71835783, 20.46811513], [85.71837674, 20.46830058], [85.71834011, 20.4686599], [85.71839345, 20.46918328], [85.71791841, 20.46982771]], [[85.72079302, 20.472343], [85.72067007, 20.47277303], [85.72035382, 20.47246862], [85.72079302, 20.472343]], [[85.71917605, 20.46982771], [85.71907841, 20.4700558], [85.71876286, 20.46990053], [85.71917605, 20.46982771]], [[85.71953538, 20.4689294], [85.71943897, 20.46935119], [85.71892954, 20.4690152], [85.71953538, 20.4689294]]]]}, "geometry_name": "geom", "properties": {"id": 18593, "gridcode": 1, "from_time": "18-08-2022 18:00", "to_time": "18-08-2022 18:00"}}, {"type": "Feature", "id": "odflood50dsc18082022_1800hrs.18594", "geometry": {"type": "MultiPolygon", "coordinates": [[[[85.72959651, 20.46803108], [85.72860722, 20.46813636], [85.72807279, 20.46860867], [85.72879145, 20.46883606], [85.72933359, 20.4691231], [85.72932346, 20.46937856], [85.7293307, 20.46956138], [85.72910866, 20.46976718], [85.7291835, 20.4700937], [85.72968314, 20.46955454], [85.72986921, 20.4695619], [85.73012962, 20.46928083], [85.73040157, 20.46953962], [85.73000952, 20.47081235], [85.72950668, 20.47026968], [85.72933044, 20.47046004], [85.72862393, 20.47068357], [85.72941943, 20.47142065], [85.7300622, 20.47097833], [85.73058799, 20.47099921], [85.73077651, 20.4704039], [85.73113395, 20.46972823], [85.73111294, 20.46919889], [85.73112729, 20.46883711], [85.7310875, 20.46866341], [85.73040793, 20.46902292], [85.73022533, 20.46901572], [85.72967494, 20.46903748], [85.72970279, 20.46833444], [85.72959651, 20.46803108]]]]}, "geometry_name": "geom", "properties": {"id": 18594, "gridcode": 1, "from_time": "18-08-2022 18:00", "to_time": "18-08-2022 18:00"}}, {"type": "Feature", "id": "odflood50dsc18082022_1800hrs.18595", "geometry": {"type": "MultiPolygon", "coordinates": [[[[85.70354537, 20.46821075], [85.7033657, 20.46821075], [85.7033657, 20.46803108], [85.70265762, 20.46785721], [85.70287145, 20.46881097], [85.70371779, 20.46862131], [85.70354537, 20.46821075]]]]}, "geometry_name": "geom", "properties": {"id": 18595, "gridcode": 1, "from_time": "18-08-2022 18:00", "to_time": "18-08-2022 18:00"}}, {"type": "Feature", "id": "odflood50dsc18082022_1800hrs.18597", "geometry": {"type": "MultiPolygon", "coordinates": [[[[85.69546053, 20.46857007], [85.69626046, 20.46871254], [85.69588293, 20.46902625], [85.6959196, 20.4693861], [85.69537899, 20.46962068], [85.69558804, 20.47001194], [85.69633577, 20.46958366], [85.69705394, 20.47044829], [85.69735528, 20.47028512], [85.69752372, 20.47008247], [85.69790953, 20.47030337], [85.69832641, 20.46980157], [85.69914796, 20.47011019], [85.69931499, 20.4699093], [85.69972814, 20.46972999], [85.6991309, 20.46923398], [85.69921814, 20.46837795], [85.69808323, 20.46743156], [85.69769851, 20.46739226], [85.69753494, 20.4679495], [85.69717562, 20.46824812], [85.69733975, 20.46849007], [85.69792138, 20.46843076], [85.69841668, 20.46929557], [85.69817363, 20.46969946], [85.6976993, 20.46974771], [85.69753494, 20.46954997], [85.69697771, 20.46938645], [85.6970285, 20.46888799], [85.69679971, 20.46848849], [85.69639591, 20.46741051], [85.69593135, 20.46765105], [85.69573831, 20.46830882], [85.69554207, 20.468472], [85.69546053, 20.46857007]], [[85.69869446, 20.46928873], [85.69862248, 20.469697], [85.69846094, 20.46938873], [85.69869446, 20.46928873]]]]}, "geometry_name": "geom", "properties": {"id": 18597, "gridcode": 1, "from_time": "18-08-2022 18:00", "to_time": "18-08-2022 18:00"}}, {"type": "Feature", "id": "odflood50dsc18082022_1800hrs.18598", "geometry": {"type": "MultiPolygon", "coordinates": [[[[85.70749795, 20.46928873], [85.70813344, 20.46920556], [85.70833455, 20.46875482], [85.70900969, 20.46837813], [85.70904628, 20.46883378], [85.70883876, 20.46901256], [85.70867243, 20.46956489], [85.70813344, 20.47002931], [85.70830578, 20.47010651], [85.70887341, 20.46989807], [85.70932494, 20.46993439], [85.70975637, 20.46974192], [85.70948464, 20.46925486], [85.70975041, 20.4690259], [85.70992683, 20.46843989], [85.71045573, 20.46798424], [85.71027383, 20.46734033], [85.70962421, 20.46809442], [85.70888565, 20.46815373], [85.70848378, 20.4679295], [85.70828898, 20.46815565], [85.707761, 20.4681132], [85.70749795, 20.46928873]]]]}, "geometry_name": "geom", "properties": {"id": 18598, "gridcode": 1, "from_time": "18-08-2022 18:00", "to_time": "18-08-2022 18:00"}}, {"type": "Feature", "id": "odflood50dsc18082022_1800hrs.18599", "geometry": {"type": "MultiPolygon", "coordinates": [[[[85.72492527, 20.46767176], [85.72431364, 20.46812671], [85.72412999, 20.46909801], [85.72451243, 20.46938259], [85.72410358, 20.46954506], [85.72395033, 20.46977368], [85.72442839, 20.47026371], [85.72464257, 20.46972472], [85.72520095, 20.46950278], [85.7252846, 20.47000738], [85.72654224, 20.4703667], [85.72654224, 20.47054637], [85.72726089, 20.47054637], [85.72726089, 20.47072603], [85.72736717, 20.47065269], [85.72753038, 20.47041618], [85.72779492, 20.47079937], [85.7288722, 20.47025933], [85.72835742, 20.46951383], [85.72805731, 20.46958103], [85.72790616, 20.46936206], [85.72729392, 20.4691331], [85.72762008, 20.46808074], [85.72702754, 20.46821355], [85.72682818, 20.46792476], [85.72643596, 20.46777808], [85.72560826, 20.46723909], [85.72510555, 20.46741068], [85.72492527, 20.46767176]], [[85.72492527, 20.46767176], [85.72540715, 20.46755333], [85.72571731, 20.46791739], [85.72503633, 20.46810442], [85.72492527, 20.46767176]], [[85.72654224, 20.4703667], [85.72666396, 20.47013563], [85.72714321, 20.47028863], [85.72654224, 20.4703667]], [[85.72779988, 20.46946839], [85.72768075, 20.47016967], [85.72700298, 20.46991456], [85.72779988, 20.46946839]], [[85.72690156, 20.46839041], [85.72700368, 20.46920784], [85.72662211, 20.46936856], [85.72601084, 20.46972788], [85.72608312, 20.46936856], [85.72642438, 20.46909538], [85.72556405, 20.4685727], [85.72575621, 20.46844954], [85.72650539, 20.4685427], [85.72690156, 20.46839041]], [[85.7252846, 20.46839041], [85.72553483, 20.4689994], [85.7249819, 20.46936382], [85.7246706, 20.46872745], [85.7252846, 20.46839041]]]]}, "geometry_name": "geom", "properties": {"id": 18599, "gridcode": 1, "from_time": "18-08-2022 18:00", "to_time": "18-08-2022 18:00"}}, {"type": "Feature", "id": "odflood50dsc18082022_1800hrs.18601", "geometry": {"type": "MultiPolygon", "coordinates": [[[[85.69546053, 20.46857007], [85.69500668, 20.46814951], [85.69501492, 20.46794125], [85.69500769, 20.46775826], [85.69567291, 20.46732875], [85.69497523, 20.46668712], [85.69442514, 20.46728067], [85.69466209, 20.46795669], [85.69464411, 20.46841094], [85.69534113, 20.46919538], [85.69546053, 20.46857007]]]]}, "geometry_name": "geom", "properties": {"id": 18601, "gridcode": 1, "from_time": "18-08-2022 18:00", "to_time": "18-08-2022 18:00"}}, {"type": "Feature", "id": "odflood50dsc18082022_1800hrs.18603", "geometry": {"type": "MultiPolygon", "coordinates": [[[[85.72366763, 20.46659378], [85.7228763, 20.46678818], [85.72231213, 20.46666168], [85.72197728, 20.46687977], [85.72135262, 20.46711347], [85.72163177, 20.46777808], [85.72252618, 20.46810442], [85.72344858, 20.46771702], [85.72331602, 20.46712593], [85.72366763, 20.46659378]], [[85.72240999, 20.46695311], [85.72233801, 20.46736138], [85.72217646, 20.46705311], [85.72240999, 20.46695311]]]]}, "geometry_name": "geom", "properties": {"id": 18603, "gridcode": 1, "from_time": "18-08-2022 18:00", "to_time": "18-08-2022 18:00"}}, {"type": "Feature", "id": "odflood50dsc18082022_1800hrs.18605", "geometry": {"type": "MultiPolygon", "coordinates": [[[[85.71180987, 20.46946839], [85.71191615, 20.46916503], [85.71188917, 20.46848428], [85.712108, 20.4684755], [85.71277503, 20.46919538], [85.71351324, 20.46886466], [85.71334042, 20.4686564], [85.71280144, 20.46815706], [85.71297645, 20.46757122], [85.71342683, 20.46758912], [85.71405223, 20.46756421], [85.71387941, 20.46812442], [85.71359185, 20.46839076], [85.71449626, 20.4697914], [85.71530988, 20.47017529], [85.71495533, 20.47046162], [85.71423874, 20.47021055], [85.71441156, 20.47046004], [85.71495739, 20.47081235], [85.71529031, 20.47117168], [85.71531694, 20.47099745], [85.71529566, 20.47046075], [85.71602537, 20.4704318], [85.71626061, 20.47093026], [85.71676486, 20.4704632], [85.71656752, 20.47028038], [85.71631315, 20.46974139], [85.71602853, 20.46991404], [85.71585229, 20.4701044], [85.71567604, 20.46991404], [85.71531781, 20.46958226], [85.71530277, 20.46920293], [85.71601603, 20.46917468], [85.71636829, 20.46955471], [85.71618332, 20.46847077], [85.71552366, 20.46849691], [85.71406004, 20.46742332], [85.71404715, 20.46709803], [85.71495055, 20.46681204], [85.71458214, 20.46614813], [85.71371497, 20.46643078], [85.71346754, 20.46721225], [85.71263269, 20.46677064], [85.7126148, 20.4672226], [85.71262204, 20.46740542], [85.71243527, 20.46757842], [85.7121809, 20.46811741], [85.71171661, 20.46758544], [85.71149138, 20.46710821], [85.7110048, 20.46755894], [85.71117762, 20.4677651], [85.71171661, 20.46801933], [85.71118333, 20.4681246], [85.71082514, 20.46811039], [85.71099796, 20.46848375], [85.71135729, 20.46881658], [85.71114604, 20.46884887], [85.71046582, 20.46882185], [85.71092506, 20.46955155], [85.7115066, 20.46957471], [85.71180987, 20.46946839]], [[85.71468448, 20.46910906], [85.71478211, 20.46888097], [85.71509767, 20.46903625], [85.71468448, 20.46910906]], [[85.71468448, 20.46910906], [85.71462298, 20.46932803], [85.71446542, 20.46917065], [85.71468448, 20.46910906]]]]}, "geometry_name": "geom", "properties": {"id": 18605, "gridcode": 1, "from_time": "18-08-2022 18:00", "to_time": "18-08-2022 18:00"}}, {"type": "Feature", "id": "odflood50dsc18082022_1800hrs.18609", "geometry": {"type": "MultiPolygon", "coordinates": [[[[85.71180987, 20.46533614], [85.71111613, 20.46561563], [85.71120758, 20.46623445], [85.71111801, 20.46684064], [85.71166626, 20.4669217], [85.71206541, 20.46625989], [85.71137229, 20.46636236], [85.71152879, 20.46595338], [85.71173162, 20.46561721], [85.71180987, 20.46533614]]]]}, "geometry_name": "geom", "properties": {"id": 18609, "gridcode": 1, "from_time": "18-08-2022 18:00", "to_time": "18-08-2022 18:00"}}, {"type": "Feature", "id": "odflood50dsc18082022_1800hrs.18610", "geometry": {"type": "MultiPolygon", "coordinates": [[[[85.71180987, 20.46533614], [85.71216919, 20.46533614], [85.71198953, 20.46508542], [85.71180987, 20.46533614]]]]}, "geometry_name": "geom", "properties": {"id": 18610, "gridcode": 1, "from_time": "18-08-2022 18:00", "to_time": "18-08-2022 18:00"}}, {"type": "Feature", "id": "odflood50dsc18082022_1800hrs.18611", "geometry": {"type": "MultiPolygon", "coordinates": [[[[85.70120975, 20.46515648], [85.70114825, 20.46493751], [85.70099069, 20.46509489], [85.70120975, 20.46515648]]]]}, "geometry_name": "geom", "properties": {"id": 18611, "gridcode": 1, "from_time": "18-08-2022 18:00", "to_time": "18-08-2022 18:00"}}, {"type": "Feature", "id": "odflood50dsc18082022_1800hrs.18612", "geometry": {"type": "MultiPolygon", "coordinates": [[[[85.70480301, 20.46497681], [85.7048645, 20.46519578], [85.70502206, 20.4650384], [85.70480301, 20.46497681]]]]}, "geometry_name": "geom", "properties": {"id": 18612, "gridcode": 1, "from_time": "18-08-2022 18:00", "to_time": "18-08-2022 18:00"}}, {"type": "Feature", "id": "odflood50dsc18082022_1800hrs.18613", "geometry": {"type": "MultiPolygon", "coordinates": [[[[85.71432515, 20.46533614], [85.71493752, 20.46517893], [85.71462377, 20.46490365], [85.71432515, 20.46533614]]]]}, "geometry_name": "geom", "properties": {"id": 18613, "gridcode": 1, "from_time": "18-08-2022 18:00", "to_time": "18-08-2022 18:00"}}, {"type": "Feature", "id": "odflood50dsc18082022_1800hrs.18614", "geometry": {"type": "MultiPolygon", "coordinates": [[[[85.71684043, 20.46479715], [85.71622319, 20.46490207], [85.71639049, 20.46566651], [85.71683455, 20.46600935], [85.71650422, 20.46643728], [85.71604353, 20.46679292], [85.71657997, 20.46687819], [85.71673902, 20.46667203], [85.71812615, 20.46611339], [85.71822865, 20.46541965], [85.71728713, 20.46504962], [85.71692083, 20.46527052], [85.71684043, 20.46479715]], [[85.71737942, 20.46569546], [85.71715471, 20.4661055], [85.71695649, 20.46578652], [85.71737942, 20.46569546]]]]}, "geometry_name": "geom", "properties": {"id": 18614, "gridcode": 1, "from_time": "18-08-2022 18:00", "to_time": "18-08-2022 18:00"}}, {"type": "Feature", "id": "odflood50dsc18082022_1800hrs.18615", "geometry": {"type": "MultiPolygon", "coordinates": [[[[85.70731829, 20.46461749], [85.70703384, 20.46512068], [85.70609749, 20.46500418], [85.7053588, 20.46528806], [85.70544411, 20.46597391], [85.70506255, 20.46613462], [85.70478989, 20.46647517], [85.70527081, 20.46686029], [85.70515475, 20.46703294], [85.70454347, 20.46667361], [85.70346729, 20.46644079], [85.70412344, 20.46591548], [85.7036352, 20.46597619], [85.70327587, 20.46593145], [85.70288492, 20.46598005], [85.7029944, 20.46686047], [85.70207775, 20.46703294], [85.70166886, 20.46677081], [85.70258915, 20.46621182], [85.70235598, 20.46539509], [85.70201314, 20.46543772], [85.7014892, 20.46523631], [85.70120975, 20.46515648], [85.70134033, 20.46599812], [85.70094161, 20.46577565], [85.70035288, 20.4659918], [85.7004085, 20.46668361], [85.70037802, 20.46706276], [85.70004194, 20.46703574], [85.69986227, 20.46705013], [85.69929859, 20.46700486], [85.69933052, 20.46740226], [85.6993096, 20.46766246], [85.70114698, 20.46751473], [85.70111237, 20.46794511], [85.70116299, 20.46811425], [85.70147341, 20.46775387], [85.7016639, 20.46776913], [85.70208109, 20.46753648], [85.70273688, 20.46758912], [85.70396426, 20.46749052], [85.70344887, 20.46793459], [85.7033657, 20.46803108], [85.70354537, 20.46803108], [85.70354537, 20.46821075], [85.70431929, 20.46834216], [85.70482428, 20.4697263], [85.70562307, 20.4695698], [85.70577957, 20.46936698], [85.70624031, 20.46928873], [85.70614346, 20.46853165], [85.70578286, 20.46883132], [85.70539297, 20.46930066], [85.70506421, 20.46902748], [85.7045418, 20.46829233], [85.70393877, 20.46792037], [85.70462334, 20.4670961], [85.7049478, 20.46748683], [85.70570821, 20.46705118], [85.70598336, 20.46739928], [85.70576852, 20.46797108], [85.70618553, 20.46792844], [85.70663008, 20.46846357], [85.70734996, 20.46759702], [85.70776745, 20.46755438], [85.70850005, 20.46762912], [85.70847693, 20.46740226], [85.70849597, 20.46721558], [85.70829815, 20.46705118], [85.70813506, 20.46667536], [85.70803694, 20.46659378], [85.70824266, 20.46632727], [85.70885701, 20.4661562], [85.71009035, 20.46561721], [85.71031129, 20.46675993], [85.71024461, 20.46721102], [85.71058521, 20.46697855], [85.71067767, 20.46635271], [85.71040015, 20.4658925], [85.71063048, 20.46559405], [85.71093515, 20.46535895], [85.71005552, 20.46464801], [85.70956408, 20.46472065], [85.7093752, 20.46469275], [85.70912918, 20.46501138], [85.70849768, 20.46510472], [85.70865418, 20.4648754], [85.70901351, 20.46459801], [85.70847452, 20.46469574], [85.70794093, 20.46490558], [85.70777903, 20.46469574], [85.70731829, 20.46461749]], [[85.70803694, 20.46659378], [85.70784965, 20.46721593], [85.70758112, 20.4670496], [85.70705524, 20.46621007], [85.70636379, 20.46659588], [85.70607903, 20.46555545], [85.70678864, 20.46595127], [85.70713863, 20.46597935], [85.70811164, 20.46590127], [85.7075709, 20.46614252], [85.70777412, 20.46631762], [85.70794044, 20.46651062], [85.70803694, 20.46659378]], [[85.70857593, 20.4655158], [85.70841456, 20.4657495], [85.70742457, 20.46559984], [85.70857593, 20.4655158]], [[85.70624031, 20.46659378], [85.7063708, 20.46682257], [85.70671408, 20.46701837], [85.70684453, 20.46738402], [85.70631716, 20.46755736], [85.70599542, 20.46673344], [85.70624031, 20.46659378]], [[85.70138941, 20.46623445], [85.70163588, 20.46682134], [85.70114378, 20.46702644], [85.7009567, 20.46634551], [85.70138941, 20.46623445]]]]}, "geometry_name": "geom", "properties": {"id": 18615, "gridcode": 1, "from_time": "18-08-2022 18:00", "to_time": "18-08-2022 18:00"}}, {"type": "Feature", "id": "odflood50dsc18082022_1800hrs.18616", "geometry": {"type": "MultiPolygon", "coordinates": [[[[85.70731829, 20.46461749], [85.70721837, 20.46438396], [85.70691001, 20.46454555], [85.70731829, 20.46461749]]]]}, "geometry_name": "geom", "properties": {"id": 18616, "gridcode": 1, "from_time": "18-08-2022 18:00", "to_time": "18-08-2022 18:00"}}, {"type": "Feature", "id": "odflood50dsc18082022_1800hrs.18618", "geometry": {"type": "MultiPolygon", "coordinates": [[[[85.71216919, 20.46533614], [85.71252909, 20.46595426], [85.71280279, 20.46597057], [85.71304637, 20.46543983], [85.71399622, 20.46595601], [85.71424027, 20.46597057], [85.71432515, 20.46533614], [85.71363207, 20.46559651], [85.71334529, 20.46480399], [85.71385244, 20.46391866], [85.71279687, 20.46431518], [85.71260304, 20.46497576], [85.71216919, 20.46533614]]]]}, "geometry_name": "geom", "properties": {"id": 18618, "gridcode": 1, "from_time": "18-08-2022 18:00", "to_time": "18-08-2022 18:00"}}, {"type": "Feature", "id": "odflood50dsc18082022_1800hrs.18619", "geometry": {"type": "MultiPolygon", "coordinates": [[[[85.72043369, 20.46353951], [85.72004972, 20.46364934], [85.71903964, 20.46424307], [85.7190985, 20.46471609], [85.71877335, 20.46487698], [85.71818984, 20.46414833], [85.71783854, 20.46444537], [85.71837753, 20.46487698], [85.71866294, 20.4652335], [85.7190985, 20.46541702], [85.71899192, 20.46627375], [85.7187147, 20.46649588], [85.71873926, 20.46669326], [85.7171827, 20.46688801], [85.71750233, 20.46743174], [85.71782858, 20.46739103], [85.71800824, 20.46741349], [85.7188559, 20.46730805], [85.71852105, 20.46703978], [85.71897051, 20.46685047], [85.71941572, 20.46629446], [85.71983738, 20.46595689], [85.7197929, 20.46559914], [85.72010801, 20.46506313], [85.72033391, 20.46449537], [85.71950489, 20.46459854], [85.71927584, 20.46439712], [85.72035382, 20.46399867], [85.72043369, 20.46353951]]]]}, "geometry_name": "geom", "properties": {"id": 18619, "gridcode": 1, "from_time": "18-08-2022 18:00", "to_time": "18-08-2022 18:00"}}, {"type": "Feature", "id": "odflood50dsc18082022_1800hrs.18620", "geometry": {"type": "MultiPolygon", "coordinates": [[[[85.70408436, 20.46443782], [85.70384434, 20.46492067], [85.70412932, 20.46533491], [85.70450404, 20.46503717], [85.70480301, 20.46497681], [85.70504868, 20.4643229], [85.7045418, 20.46437466], [85.70483722, 20.46366039], [85.7055485, 20.46306947], [85.70523111, 20.46268734], [85.70463019, 20.46274857], [85.70386965, 20.46252539], [85.70357278, 20.46184095], [85.70294598, 20.46217589], [85.70184686, 20.4634509], [85.70238361, 20.46382742], [85.70255722, 20.46304456], [85.70310323, 20.46310018], [85.70328289, 20.46288402], [85.7036352, 20.46291981], [85.70382065, 20.46290086], [85.7041659, 20.4630986], [85.70470489, 20.46333247], [85.70427086, 20.46366671], [85.70346382, 20.46358442], [85.70384043, 20.46423518], [85.70408436, 20.46443782]], [[85.70408436, 20.46443782], [85.70418199, 20.46420973], [85.70449755, 20.46436501], [85.70408436, 20.46443782]]]]}, "geometry_name": "geom", "properties": {"id": 18620, "gridcode": 1, "from_time": "18-08-2022 18:00", "to_time": "18-08-2022 18:00"}}, {"type": "Feature", "id": "odflood50dsc18082022_1800hrs.18621", "geometry": {"type": "MultiPolygon", "coordinates": [[[[85.70767762, 20.45958692], [85.70715758, 20.45973553], [85.70734224, 20.46122056], [85.70693975, 20.46154286], [85.70826885, 20.46137741], [85.70779482, 20.46175709], [85.70939437, 20.46218203], [85.71009311, 20.46245065], [85.70993336, 20.46218203], [85.70973155, 20.46202044], [85.70975931, 20.46179727], [85.70927862, 20.4618571], [85.70867572, 20.46110406], [85.70838421, 20.4608707], [85.70888223, 20.4601889], [85.70779166, 20.45972939], [85.70767762, 20.45958692]]]]}, "geometry_name": "geom", "properties": {"id": 18621, "gridcode": 1, "from_time": "18-08-2022 18:00", "to_time": "18-08-2022 18:00"}}, {"type": "Feature", "id": "odflood50dsc18082022_1800hrs.18622", "geometry": {"type": "MultiPolygon", "coordinates": [[[[85.73085415, 20.45940726], [85.73038701, 20.45948656], [85.7306258, 20.46030557], [85.73036916, 20.46118564], [85.73107912, 20.46108072], [85.73129173, 20.46184429], [85.73152144, 20.4620215], [85.73145942, 20.46244118], [85.73195156, 20.46307877], [85.73248616, 20.46288911], [85.73178918, 20.46235117], [85.73230883, 20.46195009], [85.73150942, 20.46087193], [85.73219004, 20.46097247], [85.73203266, 20.46038049], [85.73156254, 20.46044997], [85.73129037, 20.45978501], [85.7309324, 20.45950867], [85.73085415, 20.45940726]]]]}, "geometry_name": "geom", "properties": {"id": 18622, "gridcode": 1, "from_time": "18-08-2022 18:00", "to_time": "18-08-2022 18:00"}}, {"type": "Feature", "id": "odflood50dsc18082022_1800hrs.18651", "geometry": {"type": "MultiPolygon", "coordinates": [[[[85.75798327, 20.43281712], [85.75776422, 20.43287871], [85.75792178, 20.43303609], [85.75798327, 20.43281712]]]]}, "geometry_name": "geom", "properties": {"id": 18651, "gridcode": 1, "from_time": "18-08-2022 18:00", "to_time": "18-08-2022 18:00"}}, {"type": "Feature", "id": "odflood50dsc18082022_1800hrs.18654", "geometry": {"type": "MultiPolygon", "coordinates": [[[[85.7597799, 20.43173915], [85.75902585, 20.43194916], [85.75868258, 20.43251815], [85.75906125, 20.43257412], [85.75967849, 20.43248289], [85.75952199, 20.43273887], [85.758983, 20.43295942], [85.75921986, 20.43316943], [85.76003782, 20.43304855], [85.75988131, 20.43327786], [85.75967542, 20.43343682], [85.75970336, 20.43362561], [85.75962577, 20.43415056], [85.76021748, 20.43379369], [85.76093613, 20.4335935], [85.7607502, 20.43319101], [85.76002922, 20.43263448], [85.7597799, 20.43173915]]]]}, "geometry_name": "geom", "properties": {"id": 18654, "gridcode": 1, "from_time": "18-08-2022 18:00", "to_time": "18-08-2022 18:00"}}, {"type": "Feature", "id": "odflood50dsc18082022_1800hrs.18662", "geometry": {"type": "MultiPolygon", "coordinates": [[[[85.75277304, 20.42922386], [85.7523156, 20.42930545], [85.75210922, 20.43023587], [85.75164769, 20.43018885], [85.75143386, 20.43025131], [85.75215251, 20.43056309], [85.75277059, 20.43091698], [85.75321391, 20.43038343], [85.75341015, 20.43022026], [85.75357324, 20.42989216], [85.75285459, 20.42968127], [85.75277304, 20.42922386]]]]}, "geometry_name": "geom", "properties": {"id": 18662, "gridcode": 1, "from_time": "18-08-2022 18:00", "to_time": "18-08-2022 18:00"}}, {"type": "Feature", "id": "odflood50dsc18082022_1800hrs.18668", "geometry": {"type": "MultiPolygon", "coordinates": [[[[85.75852226, 20.42832555], [85.75830321, 20.42838713], [85.75846077, 20.42854451], [85.75852226, 20.42832555]]]]}, "geometry_name": "geom", "properties": {"id": 18668, "gridcode": 1, "from_time": "18-08-2022 18:00", "to_time": "18-08-2022 18:00"}}, {"type": "Feature", "id": "odflood50dsc18082022_1800hrs.18699", "geometry": {"type": "MultiPolygon", "coordinates": [[[[85.73642371, 20.42365431], [85.73578331, 20.42391222], [85.73528313, 20.42456017], [85.73449487, 20.42425032], [85.73400983, 20.42481229], [85.73442798, 20.42534953], [85.73470533, 20.4249902], [85.73583177, 20.42483001], [85.73558535, 20.42463982], [85.73592204, 20.42447437], [85.73614263, 20.42501336], [85.73673132, 20.42516987], [85.73667855, 20.424813], [85.73688751, 20.42465158], [85.73685957, 20.42446279], [85.73688729, 20.42427541], [85.73642371, 20.42365431]]]]}, "geometry_name": "geom", "properties": {"id": 18699, "gridcode": 1, "from_time": "18-08-2022 18:00", "to_time": "18-08-2022 18:00"}}, {"type": "Feature", "id": "odflood50dsc18082022_1800hrs.18701", "geometry": {"type": "MultiPolygon", "coordinates": [[[[85.754929, 20.42365431], [85.75421035, 20.42365431], [85.75421035, 20.4241933], [85.754929, 20.4241933], [85.754929, 20.42365431]]]]}, "geometry_name": "geom", "properties": {"id": 18701, "gridcode": 1, "from_time": "18-08-2022 18:00", "to_time": "18-08-2022 18:00"}}, {"type": "Feature", "id": "odflood50dsc18082022_1800hrs.18703", "geometry": {"type": "MultiPolygon", "coordinates": [[[[85.75798327, 20.43281712], [85.75825478, 20.43255623], [85.75824746, 20.43219743], [85.75851866, 20.4319153], [85.75896681, 20.43148457], [85.75932535, 20.43074556], [85.75987811, 20.43021447], [85.75924004, 20.42979619], [85.76023086, 20.42931545], [85.76040693, 20.42895261], [85.76071765, 20.42834941], [85.76022476, 20.42787586], [85.76061659, 20.42768567], [85.76113255, 20.42714861], [85.76238322, 20.42717423], [85.76191761, 20.42665086], [85.7614824, 20.42643961], [85.76202389, 20.4259194], [85.76168667, 20.42553481], [85.76094973, 20.42554989], [85.76094587, 20.42536111], [85.76096368, 20.42448858], [85.76076625, 20.42410522], [85.76050478, 20.42356623], [85.76021669, 20.42408469], [85.76060141, 20.42483159], [85.7600494, 20.42482036], [85.75917148, 20.42483826], [85.75827658, 20.42397837], [85.75801341, 20.42343587], [85.75771558, 20.42374589], [85.75717659, 20.42426383], [85.75735265, 20.42464421], [85.75771558, 20.42482036], [85.75789164, 20.42500354], [85.75807582, 20.42518057], [85.75771558, 20.42623311], [85.75791002, 20.42804974], [85.75842015, 20.42751882], [85.75861389, 20.42787464], [85.75887536, 20.42841363], [85.75915288, 20.42823747], [85.7598618, 20.42775691], [85.75987877, 20.42858767], [85.75950523, 20.42878015], [85.75899427, 20.42876962], [85.75843063, 20.42895261], [85.75825457, 20.42913579], [85.75735265, 20.42931194], [85.75717659, 20.42967478], [85.75609861, 20.42988532], [85.75665251, 20.43039676], [85.75700065, 20.43038974], [85.75699298, 20.43076661], [85.75771198, 20.43145737], [85.75747937, 20.43195074], [85.75699333, 20.43218655], [85.75677432, 20.43308486], [85.75609501, 20.43290871], [85.75591895, 20.43218655], [85.75555962, 20.43184126], [85.75598606, 20.43160896], [85.75714838, 20.43200689], [85.75684516, 20.43128753], [85.75592298, 20.43130631], [85.75591526, 20.43092891], [85.75627468, 20.43058362], [85.75598838, 20.43056063], [85.75537816, 20.43057309], [85.75430198, 20.43055116], [85.75465771, 20.43093242], [85.75501703, 20.43127771], [85.75483978, 20.43183442], [85.75430198, 20.43182354], [85.75448155, 20.43219743], [85.75518928, 20.43218304], [85.75538118, 20.43236744], [85.75510125, 20.43291082], [85.75537996, 20.43290503], [85.75561546, 20.43387124], [85.75591903, 20.43416284], [85.75591184, 20.4345148], [85.75610387, 20.43471464], [85.75692696, 20.43385791], [85.75717659, 20.43434251], [85.75743805, 20.4348815], [85.75792625, 20.43457165], [85.75752521, 20.43379317], [85.7575396, 20.43308662], [85.75752499, 20.43236972], [85.75777826, 20.43260377], [85.75798327, 20.43281712]], [[85.75852226, 20.43102049], [85.75869855, 20.43144947], [85.75808793, 20.43113506], [85.75852226, 20.43102049]], [[85.75798327, 20.43012218], [85.75792178, 20.43034114], [85.75776422, 20.43018376], [85.75798327, 20.43012218]], [[85.7583426, 20.42724757], [85.7582811, 20.42746653], [85.75812355, 20.42730915], [85.7583426, 20.42724757]], [[85.76067822, 20.42634925], [85.76079007, 20.42680455], [85.7606076, 20.42714125], [85.76006585, 20.42677209], [85.76067822, 20.42634925]], [[85.75924091, 20.42670858], [85.75862881, 20.42655155], [85.75894216, 20.42627592], [85.75924091, 20.42670858]], [[85.75924091, 20.42670858], [85.75970165, 20.42678683], [85.75985815, 20.42698966], [85.76006098, 20.42714616], [85.76021748, 20.4276083], [85.75937255, 20.42748338], [85.75924091, 20.42670858]], [[85.75816294, 20.42634925], [85.75824917, 20.42594835], [85.75858586, 20.42611748], [85.75816294, 20.42634925]], [[85.75816294, 20.42634925], [85.75810144, 20.42656822], [85.75794388, 20.42641084], [85.75816294, 20.42634925]], [[85.75888159, 20.4256306], [85.75897923, 20.42540251], [85.75929478, 20.42555779], [85.75888159, 20.4256306]], [[85.75888159, 20.4256306], [85.75882009, 20.42584957], [85.75866254, 20.42569219], [85.75888159, 20.4256306]]]]}, "geometry_name": "geom", "properties": {"id": 18703, "gridcode": 1, "from_time": "18-08-2022 18:00", "to_time": "18-08-2022 18:00"}}, {"type": "Feature", "id": "odflood50dsc18082022_1800hrs.18705", "geometry": {"type": "MultiPolygon", "coordinates": [[[[85.74432888, 20.42293566], [85.74401342, 20.42301654], [85.74335718, 20.42346973], [85.74421273, 20.42338815], [85.74432888, 20.42293566]]]]}, "geometry_name": "geom", "properties": {"id": 18705, "gridcode": 1, "from_time": "18-08-2022 18:00", "to_time": "18-08-2022 18:00"}}, {"type": "Feature", "id": "odflood50dsc18082022_1800hrs.18708", "geometry": {"type": "MultiPolygon", "coordinates": [[[[85.70803694, 20.42473229], [85.70818691, 20.42553568], [85.70893315, 20.42467913], [85.70919971, 20.42409838], [85.70991836, 20.42376853], [85.70974879, 20.42355939], [85.70936836, 20.42338481], [85.70991147, 20.4231355], [85.70993911, 20.42267248], [85.70947504, 20.42264476], [85.70884038, 20.42284074], [85.70833925, 20.42311304], [85.70808287, 20.4225544], [85.70776183, 20.42284126], [85.7077728, 20.42302549], [85.70776188, 20.42320884], [85.70805256, 20.4240189], [85.70764551, 20.42438261], [85.70803694, 20.42473229]], [[85.70803694, 20.42473229], [85.70809844, 20.42451332], [85.70825599, 20.4246707], [85.70803694, 20.42473229]]]]}, "geometry_name": "geom", "properties": {"id": 18708, "gridcode": 1, "from_time": "18-08-2022 18:00", "to_time": "18-08-2022 18:00"}}, {"type": "Feature", "id": "odflood50dsc18082022_1800hrs.18709", "geometry": {"type": "MultiPolygon", "coordinates": [[[[85.75115608, 20.42239667], [85.75089816, 20.42259581], [85.7511102, 20.42319357], [85.75163085, 20.42303268], [85.75115608, 20.42239667]]]]}, "geometry_name": "geom", "properties": {"id": 18709, "gridcode": 1, "from_time": "18-08-2022 18:00", "to_time": "18-08-2022 18:00"}}, {"type": "Feature", "id": "odflood50dsc18082022_1800hrs.18713", "geometry": {"type": "MultiPolygon", "coordinates": [[[[85.74432888, 20.42293566], [85.74459487, 20.42271476], [85.74478997, 20.42204997], [85.74533984, 20.42271196], [85.74527856, 20.42331288], [85.74564267, 20.4242819], [85.74544414, 20.42481387], [85.74504753, 20.42433629], [85.74465777, 20.42480545], [85.74402403, 20.42404258], [85.74244422, 20.42429243], [85.74226276, 20.42427401], [85.74196001, 20.42430489], [85.74173135, 20.42483212], [85.74150906, 20.42480931], [85.74119307, 20.42518969], [85.74081273, 20.42550568], [85.74083817, 20.42575552], [85.74033967, 20.42616959], [85.74102068, 20.42673525], [85.74099529, 20.42698474], [85.74161626, 20.42768848], [85.74190343, 20.42639329], [85.74292632, 20.42649751], [85.74377401, 20.42582676], [85.74350627, 20.42535935], [85.74381731, 20.42501003], [85.74417005, 20.42582342], [85.74353698, 20.42634925], [85.74443266, 20.42661208], [85.7442294, 20.427153], [85.74426962, 20.42754759], [85.74358558, 20.42715581], [85.74334332, 20.42659734], [85.74313844, 20.42684403], [85.74232644, 20.42719616], [85.74283346, 20.4279006], [85.74341438, 20.42784148], [85.7440511, 20.42828818], [85.74350768, 20.42873962], [85.74352956, 20.42895437], [85.74350768, 20.42916912], [85.74388801, 20.42948511], [85.7440511, 20.42968127], [85.74494972, 20.42988058], [85.74544169, 20.42928843], [85.74566806, 20.42876646], [85.74586431, 20.42860329], [85.74602739, 20.42840713], [85.74698685, 20.42812553], [85.74668981, 20.42891595], [85.74697974, 20.42915684], [85.74729955, 20.42912421], [85.74783442, 20.42950915], [85.74812488, 20.42915947], [85.74873063, 20.42950634], [85.74909495, 20.42929773], [85.74926132, 20.42968127], [85.74956652, 20.42984444], [85.74980031, 20.42930545], [85.7500781, 20.42922386], [85.75045335, 20.42985602], [85.75070692, 20.42985093], [85.75159124, 20.42986883], [85.75213563, 20.42906578], [85.75124038, 20.42877523], [85.75125139, 20.42823747], [85.75106445, 20.42805781], [85.75080298, 20.42751882], [85.75070512, 20.42769497], [85.75049054, 20.42835625], [85.75008433, 20.42751882], [85.74909175, 20.42779323], [85.74944748, 20.42823747], [85.74980681, 20.42858276], [85.74953823, 20.42887822], [85.74891893, 20.42823379], [85.74855644, 20.42824116], [85.74836941, 20.42787797], [85.74837319, 20.42769497], [85.74711186, 20.42751882], [85.74693399, 20.4271523], [85.74639308, 20.42716335], [85.74639685, 20.42697808], [85.74639316, 20.42679841], [85.74641154, 20.42589799], [85.74621534, 20.42590185], [85.7458615, 20.42589466], [85.74567455, 20.42625767], [85.74544866, 20.42695369], [85.74477984, 20.42625767], [85.74442082, 20.42591273], [85.7444134, 20.42554989], [85.74459873, 20.42535707], [85.74518912, 20.42625767], [85.74531883, 20.42608151], [85.7456685, 20.42536076], [85.7463968, 20.4251832], [85.74657287, 20.42482036], [85.74711186, 20.42455876], [85.74675468, 20.42428015], [85.74611428, 20.42461017], [85.74585264, 20.42410224], [85.7463968, 20.42392556], [85.74657287, 20.42338306], [85.74711186, 20.42312146], [85.74693579, 20.42284407], [85.7466609, 20.42257984], [85.7463968, 20.42230508], [85.74612551, 20.422217], [85.74604708, 20.42191137], [85.74504753, 20.42168731], [85.74459837, 20.42178802], [85.74427111, 20.42171468], [85.74421892, 20.42194751], [85.74425918, 20.42212717], [85.74416527, 20.42254615], [85.74432888, 20.42293566]], [[85.7500781, 20.42922386], [85.7500781, 20.42850521], [85.75079675, 20.42850521], [85.75079675, 20.42922386], [85.7500781, 20.42922386]], [[85.74612551, 20.422217], [85.74606401, 20.42243597], [85.74590646, 20.42227859], [85.74612551, 20.422217]], [[85.74504753, 20.42850521], [85.74498604, 20.42872418], [85.74482848, 20.4285668], [85.74504753, 20.42850521]], [[85.74594585, 20.42724757], [85.74613262, 20.4280078], [85.74586939, 20.42821922], [85.74551314, 20.42735863], [85.74594585, 20.42724757]], [[85.74217292, 20.42527128], [85.74256795, 20.42586904], [85.74212156, 20.42606327], [85.74191988, 20.42552428], [85.74146024, 20.42535234], [85.74217292, 20.42527128]], [[85.74289158, 20.42455262], [85.74302922, 20.42482949], [85.74276183, 20.42515197], [85.74247189, 20.42463737], [85.74289158, 20.42455262]], [[85.74594585, 20.42365431], [85.74588435, 20.42387327], [85.7457268, 20.42371589], [85.74594585, 20.42365431]]]]}, "geometry_name": "geom", "properties": {"id": 18713, "gridcode": 1, "from_time": "18-08-2022 18:00", "to_time": "18-08-2022 18:00"}}, {"type": "Feature", "id": "odflood50dsc18082022_1800hrs.18716", "geometry": {"type": "MultiPolygon", "coordinates": [[[[85.70174874, 20.42185768], [85.70165232, 20.42129009], [85.70067076, 20.42143501], [85.70029231, 20.42137922], [85.70018177, 20.42212717], [85.70059251, 20.42229526], [85.70118817, 20.42265458], [85.70113149, 20.42229526], [85.70077217, 20.42201787], [85.70094683, 20.42172591], [85.70174874, 20.42185768]]]]}, "geometry_name": "geom", "properties": {"id": 18716, "gridcode": 1, "from_time": "18-08-2022 18:00", "to_time": "18-08-2022 18:00"}}, {"type": "Feature", "id": "odflood50dsc18082022_1800hrs.18717", "geometry": {"type": "MultiPolygon", "coordinates": [[[[85.70174874, 20.42185768], [85.7018526, 20.42212191], [85.70181848, 20.4223528], [85.70231891, 20.42273915], [85.70149082, 20.42307795], [85.70170198, 20.42326516], [85.70247765, 20.42315059], [85.70275732, 20.42383397], [85.70346475, 20.42393837], [85.7036352, 20.42371765], [85.70380328, 20.42393538], [85.7040061, 20.42409189], [85.70426112, 20.42442226], [85.70414765, 20.42365431], [85.7042209, 20.42315848], [85.70370455, 20.4232348], [85.70346711, 20.42265458], [85.70261679, 20.42247509], [85.70308463, 20.4216996], [85.70287189, 20.42128834], [85.70220947, 20.42177943], [85.70174874, 20.42185768]]]]}, "geometry_name": "geom", "properties": {"id": 18717, "gridcode": 1, "from_time": "18-08-2022 18:00", "to_time": "18-08-2022 18:00"}}, {"type": "Feature", "id": "odflood50dsc18082022_1800hrs.19219", "geometry": {"type": "MultiPolygon", "coordinates": [[[[85.73696269, 20.39724384], [85.73651534, 20.3976737], [85.73749782, 20.39773195], [85.73705073, 20.39751509], [85.73696269, 20.39724384]]]]}, "geometry_name": "geom", "properties": {"id": 19219, "gridcode": 1, "from_time": "18-08-2022 18:00", "to_time": "18-08-2022 18:00"}}]}