{"type": "FeatureCollection", "features": [{"type": "Feature", "id": "odflood50dsc21082022_0600hrs.616", "geometry": {"type": "MultiPolygon", "coordinates": [[[[85.88859194, 20.60933687], [85.88817875, 20.60940969], [85.88849439, 20.60956496], [85.88859194, 20.60933687]]]]}, "geometry_name": "geom", "properties": {"objectid": 616, "id": 718, "gridcode": 1, "shape_leng": 0.00101939394, "shape_area": 4.357e-08, "from_time": "21-08-2022 06:00", "to_time": "21-08-2022 06:00"}}, {"type": "Feature", "id": "odflood50dsc21082022_0600hrs.624", "geometry": {"type": "MultiPolygon", "coordinates": [[[[85.88230373, 20.60807923], [85.88169141, 20.60823644], [85.88199336, 20.60887122], [85.88250357, 20.60855523], [85.88230373, 20.60807923]]]]}, "geometry_name": "geom", "properties": {"objectid": 624, "id": 726, "gridcode": 1, "shape_leng": 0.00245151958, "shape_area": 3.7109e-07, "from_time": "21-08-2022 06:00", "to_time": "21-08-2022 06:00"}}, {"type": "Feature", "id": "odflood50dsc21082022_0600hrs.650", "geometry": {"type": "MultiPolygon", "coordinates": [[[[85.8776325, 20.602869], [85.87739248, 20.60299042], [85.87755389, 20.60346835], [85.87784286, 20.60329202], [85.8776325, 20.602869]]]]}, "geometry_name": "geom", "properties": {"objectid": 650, "id": 753, "gridcode": 1, "shape_leng": 0.00158438998, "shape_area": 1.4682e-07, "from_time": "21-08-2022 06:00", "to_time": "21-08-2022 06:00"}}, {"type": "Feature", "id": "odflood50dsc21082022_0600hrs.652", "geometry": {"type": "MultiPolygon", "coordinates": [[[[85.87314092, 20.60197069], [85.87285493, 20.60204403], [85.87236542, 20.602363], [85.87163028, 20.60263793], [85.87191907, 20.60330167], [85.87296459, 20.60304989], [85.87334743, 20.60246213], [85.87314092, 20.60197069]]]]}, "geometry_name": "geom", "properties": {"objectid": 652, "id": 755, "gridcode": 1, "shape_leng": 0.00469814462, "shape_area": 1.28447e-06, "from_time": "21-08-2022 06:00", "to_time": "21-08-2022 06:00"}}, {"type": "Feature", "id": "odflood50dsc21082022_0600hrs.655", "geometry": {"type": "MultiPolygon", "coordinates": [[[[85.89649712, 20.60071305], [85.89605796, 20.60083867], [85.89637412, 20.60114308], [85.89649712, 20.60071305]]]]}, "geometry_name": "geom", "properties": {"objectid": 655, "id": 758, "gridcode": 1, "shape_leng": 0.00134293837, "shape_area": 8.67e-08, "from_time": "21-08-2022 06:00", "to_time": "21-08-2022 06:00"}}, {"type": "Feature", "id": "odflood50dsc21082022_0600hrs.659", "geometry": {"type": "MultiPolygon", "coordinates": [[[[85.72851216, 20.59765877], [85.72807949, 20.59795757], [85.72836443, 20.59863043], [85.72881043, 20.59811004], [85.72851216, 20.59765877]]]]}, "geometry_name": "geom", "properties": {"objectid": 659, "id": 762, "gridcode": 1, "shape_leng": 0.00248280521, "shape_area": 3.6637e-07, "from_time": "21-08-2022 06:00", "to_time": "21-08-2022 06:00"}}, {"type": "Feature", "id": "odflood50dsc21082022_0600hrs.660", "geometry": {"type": "MultiPolygon", "coordinates": [[[[85.84385584, 20.5965808], [85.84349651, 20.5965808], [85.84349651, 20.59711979], [85.84385584, 20.59711979], [85.84385584, 20.5965808]]]]}, "geometry_name": "geom", "properties": {"objectid": 660, "id": 763, "gridcode": 1, "shape_leng": 0.00179663057, "shape_area": 1.9367e-07, "from_time": "21-08-2022 06:00", "to_time": "21-08-2022 06:00"}}, {"type": "Feature", "id": "odflood50dsc21082022_0600hrs.661", "geometry": {"type": "MultiPolygon", "coordinates": [[[[85.8659544, 20.59604181], [85.86534207, 20.59637464], [85.86582175, 20.5968338], [85.86628846, 20.59654729], [85.8659544, 20.59604181]]]]}, "geometry_name": "geom", "properties": {"objectid": 661, "id": 764, "gridcode": 1, "shape_leng": 0.00251448501, "shape_area": 3.8622e-07, "from_time": "21-08-2022 06:00", "to_time": "21-08-2022 06:00"}}, {"type": "Feature", "id": "odflood50dsc21082022_0600hrs.662", "geometry": {"type": "MultiPolygon", "coordinates": [[[[85.79822142, 20.59478417], [85.79743312, 20.59487382], [85.79735978, 20.59520122], [85.79807334, 20.59536123], [85.79822142, 20.59478417]]]]}, "geometry_name": "geom", "properties": {"objectid": 662, "id": 765, "gridcode": 1, "shape_leng": 0.00245594055, "shape_area": 3.4349e-07, "from_time": "21-08-2022 06:00", "to_time": "21-08-2022 06:00"}}, {"type": "Feature", "id": "odflood50dsc21082022_0600hrs.664", "geometry": {"type": "MultiPolygon", "coordinates": [[[[85.82067931, 20.59047225], [85.8198824, 20.5906077], [85.82038034, 20.59108949], [85.82080388, 20.59078912], [85.82067931, 20.59047225]]]]}, "geometry_name": "geom", "properties": {"objectid": 664, "id": 767, "gridcode": 1, "shape_leng": 0.00236091307, "shape_area": 3.1151e-07, "from_time": "21-08-2022 06:00", "to_time": "21-08-2022 06:00"}}, {"type": "Feature", "id": "odflood50dsc21082022_0600hrs.665", "geometry": {"type": "MultiPolygon", "coordinates": [[[[85.84205921, 20.59047225], [85.84184025, 20.59053384], [85.84199763, 20.59069122], [85.84205921, 20.59047225]]]]}, "geometry_name": "geom", "properties": {"objectid": 665, "id": 768, "gridcode": 1, "shape_leng": 0.00067748933, "shape_area": 2.208e-08, "from_time": "21-08-2022 06:00", "to_time": "21-08-2022 06:00"}}, {"type": "Feature", "id": "odflood50dsc21082022_0600hrs.666", "geometry": {"type": "MultiPolygon", "coordinates": [[[[85.89631745, 20.58939427], [85.89609849, 20.58945586], [85.89625587, 20.58961324], [85.89631745, 20.58939427]]]]}, "geometry_name": "geom", "properties": {"objectid": 666, "id": 769, "gridcode": 1, "shape_leng": 0.00067748933, "shape_area": 2.208e-08, "from_time": "21-08-2022 06:00", "to_time": "21-08-2022 06:00"}}, {"type": "Feature", "id": "odflood50dsc21082022_0600hrs.667", "geometry": {"type": "MultiPolygon", "coordinates": [[[[85.82211661, 20.58885528], [85.82156481, 20.58899687], [85.82114496, 20.58999678], [85.82192607, 20.58984799], [85.82222978, 20.58912478], [85.82211661, 20.58885528]]]]}, "geometry_name": "geom", "properties": {"objectid": 667, "id": 770, "gridcode": 1, "shape_leng": 0.00352599131, "shape_area": 7.0153e-07, "from_time": "21-08-2022 06:00", "to_time": "21-08-2022 06:00"}}, {"type": "Feature", "id": "odflood50dsc21082022_0600hrs.668", "geometry": {"type": "MultiPolygon", "coordinates": [[[[85.89146655, 20.58795697], [85.89088721, 20.58838788], [85.89070509, 20.58944586], [85.8913304, 20.58955341], [85.89171938, 20.58858579], [85.89146655, 20.58795697]]]]}, "geometry_name": "geom", "properties": {"objectid": 668, "id": 771, "gridcode": 1, "shape_leng": 0.00415067722, "shape_area": 1.0183e-06, "from_time": "21-08-2022 06:00", "to_time": "21-08-2022 06:00"}}, {"type": "Feature", "id": "odflood50dsc21082022_0600hrs.669", "geometry": {"type": "MultiPolygon", "coordinates": [[[[85.84008292, 20.58741798], [85.83990325, 20.58741798], [85.83990325, 20.58813663], [85.84044224, 20.58813663], [85.84044224, 20.58759764], [85.84008292, 20.58759764], [85.84008292, 20.58741798]]]]}, "geometry_name": "geom", "properties": {"objectid": 669, "id": 772, "gridcode": 1, "shape_leng": 0.0025152828, "shape_area": 3.2279e-07, "from_time": "21-08-2022 06:00", "to_time": "21-08-2022 06:00"}}, {"type": "Feature", "id": "odflood50dsc21082022_0600hrs.670", "geometry": {"type": "MultiPolygon", "coordinates": [[[[85.73354272, 20.58616034], [85.73360431, 20.5863793], [85.73376169, 20.58622192], [85.73354272, 20.58616034]]]]}, "geometry_name": "geom", "properties": {"objectid": 670, "id": 773, "gridcode": 1, "shape_leng": 0.00067748933, "shape_area": 2.208e-08, "from_time": "21-08-2022 06:00", "to_time": "21-08-2022 06:00"}}, {"type": "Feature", "id": "odflood50dsc21082022_0600hrs.671", "geometry": {"type": "MultiPolygon", "coordinates": [[[[85.73354272, 20.58616034], [85.73345623, 20.58518868], [85.73300602, 20.58578978], [85.73354272, 20.58616034]]]]}, "geometry_name": "geom", "properties": {"objectid": 671, "id": 774, "gridcode": 1, "shape_leng": 0.00237870409, "shape_area": 2.4472e-07, "from_time": "21-08-2022 06:00", "to_time": "21-08-2022 06:00"}}, {"type": "Feature", "id": "odflood50dsc21082022_0600hrs.672", "geometry": {"type": "MultiPolygon", "coordinates": [[[[85.84996438, 20.58382472], [85.84952523, 20.58395034], [85.84984139, 20.58425475], [85.84996438, 20.58382472]]]]}, "geometry_name": "geom", "properties": {"objectid": 672, "id": 775, "gridcode": 1, "shape_leng": 0.00134293837, "shape_area": 8.67e-08, "from_time": "21-08-2022 06:00", "to_time": "21-08-2022 06:00"}}, {"type": "Feature", "id": "odflood50dsc21082022_0600hrs.673", "geometry": {"type": "MultiPolygon", "coordinates": [[[[85.82193695, 20.58364506], [85.82133392, 20.58374015], [85.82063158, 20.58458232], [85.82130321, 20.58473286], [85.82214872, 20.58414913], [85.82193695, 20.58364506]]]]}, "geometry_name": "geom", "properties": {"objectid": 673, "id": 776, "gridcode": 1, "shape_leng": 0.00396955798, "shape_area": 9.0844e-07, "from_time": "21-08-2022 06:00", "to_time": "21-08-2022 06:00"}}, {"type": "Feature", "id": "odflood50dsc21082022_0600hrs.674", "geometry": {"type": "MultiPolygon", "coordinates": [[[[85.65305367, 20.58166876], [85.65263399, 20.58175351], [85.65279172, 20.58226811], [85.65362038, 20.58213301], [85.65317439, 20.58190738], [85.65305367, 20.58166876]]]]}, "geometry_name": "geom", "properties": {"objectid": 674, "id": 777, "gridcode": 1, "shape_leng": 0.00257322073, "shape_area": 3.0571e-07, "from_time": "21-08-2022 06:00", "to_time": "21-08-2022 06:00"}}, {"type": "Feature", "id": "odflood50dsc21082022_0600hrs.675", "geometry": {"type": "MultiPolygon", "coordinates": [[[[85.87350025, 20.58166876], [85.87296126, 20.58166876], [85.87296126, 20.58220775], [85.87350025, 20.58220775], [85.87350025, 20.58166876]]]]}, "geometry_name": "geom", "properties": {"objectid": 675, "id": 778, "gridcode": 1, "shape_leng": 0.00215595668, "shape_area": 2.9051e-07, "from_time": "21-08-2022 06:00", "to_time": "21-08-2022 06:00"}}, {"type": "Feature", "id": "odflood50dsc21082022_0600hrs.676", "geometry": {"type": "MultiPolygon", "coordinates": [[[[85.82858448, 20.58095011], [85.82830499, 20.58102994], [85.8280083, 20.58173438], [85.82760633, 20.58205634], [85.8278439, 20.58242987], [85.82865642, 20.58253093], [85.82871905, 20.58202739], [85.82858448, 20.58095011]]]]}, "geometry_name": "geom", "properties": {"objectid": 676, "id": 779, "gridcode": 1, "shape_leng": 0.00442458357, "shape_area": 1.04203e-06, "from_time": "21-08-2022 06:00", "to_time": "21-08-2022 06:00"}}, {"type": "Feature", "id": "odflood50dsc21082022_0600hrs.677", "geometry": {"type": "MultiPolygon", "coordinates": [[[[85.64802311, 20.58077045], [85.64740096, 20.58112907], [85.64762781, 20.58175193], [85.64845998, 20.5814705], [85.64802311, 20.58077045]]]]}, "geometry_name": "geom", "properties": {"objectid": 677, "id": 780, "gridcode": 1, "shape_leng": 0.00308465352, "shape_area": 5.8719e-07, "from_time": "21-08-2022 06:00", "to_time": "21-08-2022 06:00"}}, {"type": "Feature", "id": "odflood50dsc21082022_0600hrs.678", "geometry": {"type": "MultiPolygon", "coordinates": [[[[85.83002179, 20.58077045], [85.82921839, 20.58092046], [85.82968264, 20.58175351], [85.83016338, 20.58143313], [85.83002179, 20.58077045]]]]}, "geometry_name": "geom", "properties": {"objectid": 678, "id": 781, "gridcode": 1, "shape_leng": 0.0030263058, "shape_area": 5.5142e-07, "from_time": "21-08-2022 06:00", "to_time": "21-08-2022 06:00"}}, {"type": "Feature", "id": "odflood50dsc21082022_0600hrs.679", "geometry": {"type": "MultiPolygon", "coordinates": [[[[85.81079784, 20.58059078], [85.81039728, 20.58068518], [85.8098311, 20.58103398], [85.81017761, 20.58155753], [85.81071257, 20.58117662], [85.81079784, 20.58059078]]]]}, "geometry_name": "geom", "properties": {"objectid": 679, "id": 782, "gridcode": 1, "shape_leng": 0.00295308211, "shape_area": 5.1345e-07, "from_time": "21-08-2022 06:00", "to_time": "21-08-2022 06:00"}}, {"type": "Feature", "id": "odflood50dsc21082022_0600hrs.680", "geometry": {"type": "MultiPolygon", "coordinates": [[[[85.87314092, 20.57987213], [85.87274229, 20.57993021], [85.87308425, 20.58026041], [85.87314092, 20.57987213]]]]}, "geometry_name": "geom", "properties": {"objectid": 680, "id": 783, "gridcode": 1, "shape_leng": 0.00127058494, "shape_area": 7.574e-08, "from_time": "21-08-2022 06:00", "to_time": "21-08-2022 06:00"}}, {"type": "Feature", "id": "odflood50dsc21082022_0600hrs.681", "geometry": {"type": "MultiPolygon", "coordinates": [[[[85.84169988, 20.57825516], [85.84145829, 20.57838237], [85.84162304, 20.57884714], [85.84169988, 20.57825516]]]]}, "geometry_name": "geom", "properties": {"objectid": 681, "id": 784, "gridcode": 1, "shape_leng": 0.00136309022, "shape_area": 6.662e-08, "from_time": "21-08-2022 06:00", "to_time": "21-08-2022 06:00"}}, {"type": "Feature", "id": "odflood50dsc21082022_0600hrs.682", "geometry": {"type": "MultiPolygon", "coordinates": [[[[85.88302239, 20.57825516], [85.88223724, 20.57834219], [85.88215548, 20.57866695], [85.88292922, 20.57886188], [85.88302239, 20.57825516]]]]}, "geometry_name": "geom", "properties": {"objectid": 682, "id": 785, "gridcode": 1, "shape_leng": 0.00253659791, "shape_area": 3.6774e-07, "from_time": "21-08-2022 06:00", "to_time": "21-08-2022 06:00"}}, {"type": "Feature", "id": "odflood50dsc21082022_0600hrs.683", "geometry": {"type": "MultiPolygon", "coordinates": [[[[85.88481902, 20.57753651], [85.88419844, 20.57789075], [85.88504833, 20.57814674], [85.88481902, 20.57753651]]]]}, "geometry_name": "geom", "properties": {"objectid": 683, "id": 786, "gridcode": 1, "shape_leng": 0.00225405327, "shape_area": 2.2996e-07, "from_time": "21-08-2022 06:00", "to_time": "21-08-2022 06:00"}}, {"type": "Feature", "id": "odflood50dsc21082022_0600hrs.684", "geometry": {"type": "MultiPolygon", "coordinates": [[[[85.65179603, 20.57735685], [85.65099422, 20.57750318], [85.65134337, 20.57815288], [85.65199763, 20.57851799], [85.65221642, 20.57803041], [85.65179603, 20.57735685]]]]}, "geometry_name": "geom", "properties": {"objectid": 684, "id": 787, "gridcode": 1, "shape_leng": 0.0036302789, "shape_area": 8.0523e-07, "from_time": "21-08-2022 06:00", "to_time": "21-08-2022 06:00"}}, {"type": "Feature", "id": "odflood50dsc21082022_0600hrs.685", "geometry": {"type": "MultiPolygon", "coordinates": [[[[85.82067931, 20.57735685], [85.8198824, 20.5774923], [85.82010452, 20.57795374], [85.82056632, 20.57802199], [85.82067931, 20.57735685]]]]}, "geometry_name": "geom", "properties": {"objectid": 685, "id": 788, "gridcode": 1, "shape_leng": 0.00246192569, "shape_area": 3.5634e-07, "from_time": "21-08-2022 06:00", "to_time": "21-08-2022 06:00"}}, {"type": "Feature", "id": "odflood50dsc21082022_0600hrs.686", "geometry": {"type": "MultiPolygon", "coordinates": [[[[85.87889014, 20.57717719], [85.87827781, 20.57733439], [85.87857976, 20.57796918], [85.87908998, 20.57765319], [85.87889014, 20.57717719]]]]}, "geometry_name": "geom", "properties": {"objectid": 686, "id": 789, "gridcode": 1, "shape_leng": 0.00245151957, "shape_area": 3.7109e-07, "from_time": "21-08-2022 06:00", "to_time": "21-08-2022 06:00"}}, {"type": "Feature", "id": "odflood50dsc21082022_0600hrs.688", "geometry": {"type": "MultiPolygon", "coordinates": [[[[85.86236114, 20.57681786], [85.86214217, 20.57687944], [85.86229955, 20.57703682], [85.86236114, 20.57681786]]]]}, "geometry_name": "geom", "properties": {"objectid": 688, "id": 791, "gridcode": 1, "shape_leng": 0.00067748933, "shape_area": 2.208e-08, "from_time": "21-08-2022 06:00", "to_time": "21-08-2022 06:00"}}, {"type": "Feature", "id": "odflood50dsc21082022_0600hrs.690", "geometry": {"type": "MultiPolygon", "coordinates": [[[[85.82067931, 20.57591954], [85.82044578, 20.57601955], [85.82060737, 20.57632782], [85.82067931, 20.57591954]]]]}, "geometry_name": "geom", "properties": {"objectid": 690, "id": 793, "gridcode": 1, "shape_leng": 0.00101666061, "shape_area": 4.407e-08, "from_time": "21-08-2022 06:00", "to_time": "21-08-2022 06:00"}}, {"type": "Feature", "id": "odflood50dsc21082022_0600hrs.691", "geometry": {"type": "MultiPolygon", "coordinates": [[[[85.88643599, 20.57502123], [85.88581874, 20.57519317], [85.88633194, 20.57563391], [85.88643599, 20.57502123]]]]}, "geometry_name": "geom", "properties": {"objectid": 691, "id": 794, "gridcode": 1, "shape_leng": 0.00193866896, "shape_area": 1.8014e-07, "from_time": "21-08-2022 06:00", "to_time": "21-08-2022 06:00"}}, {"type": "Feature", "id": "odflood50dsc21082022_0600hrs.692", "geometry": {"type": "MultiPolygon", "coordinates": [[[[85.72473923, 20.57484157], [85.72441131, 20.57490771], [85.72466712, 20.57541354], [85.72473923, 20.57484157]]]]}, "geometry_name": "geom", "properties": {"objectid": 692, "id": 795, "gridcode": 1, "shape_leng": 0.001477861, "shape_area": 9.14e-08, "from_time": "21-08-2022 06:00", "to_time": "21-08-2022 06:00"}}, {"type": "Feature", "id": "odflood50dsc21082022_0600hrs.693", "geometry": {"type": "MultiPolygon", "coordinates": [[[[85.72204429, 20.57448224], [85.72146775, 20.57455488], [85.72129019, 20.57491824], [85.72199253, 20.57526125], [85.72222693, 20.57484964], [85.72204429, 20.57448224]]]]}, "geometry_name": "geom", "properties": {"objectid": 693, "id": 796, "gridcode": 1, "shape_leng": 0.00265110553, "shape_area": 4.6139e-07, "from_time": "21-08-2022 06:00", "to_time": "21-08-2022 06:00"}}, {"type": "Feature", "id": "odflood50dsc21082022_0600hrs.694", "geometry": {"type": "MultiPolygon", "coordinates": [[[[85.83810662, 20.57430258], [85.83750728, 20.5743782], [85.83791503, 20.57468138], [85.83810662, 20.57430258]]]]}, "geometry_name": "geom", "properties": {"objectid": 694, "id": 797, "gridcode": 1, "shape_leng": 0.00153670843, "shape_area": 1.0627e-07, "from_time": "21-08-2022 06:00", "to_time": "21-08-2022 06:00"}}, {"type": "Feature", "id": "odflood50dsc21082022_0600hrs.695", "geometry": {"type": "MultiPolygon", "coordinates": [[[[85.83684898, 20.57376359], [85.8364579, 20.57386395], [85.83634666, 20.5743603], [85.83689811, 20.57448399], [85.83695917, 20.57421204], [85.83684898, 20.57376359]]]]}, "geometry_name": "geom", "properties": {"objectid": 695, "id": 798, "gridcode": 1, "shape_leng": 0.00221808366, "shape_area": 3.1574e-07, "from_time": "21-08-2022 06:00", "to_time": "21-08-2022 06:00"}}, {"type": "Feature", "id": "odflood50dsc21082022_0600hrs.696", "geometry": {"type": "MultiPolygon", "coordinates": [[[[85.72653586, 20.57106864], [85.72591529, 20.57125076], [85.72638761, 20.57204854], [85.72666745, 20.57165939], [85.72653586, 20.57106864]]]]}, "geometry_name": "geom", "properties": {"objectid": 696, "id": 799, "gridcode": 1, "shape_leng": 0.00265841125, "shape_area": 3.9881e-07, "from_time": "21-08-2022 06:00", "to_time": "21-08-2022 06:00"}}, {"type": "Feature", "id": "odflood50dsc21082022_0600hrs.697", "geometry": {"type": "MultiPolygon", "coordinates": [[[[85.7594142, 20.57052965], [85.75861993, 20.57062668], [85.75831693, 20.571129], [85.75928805, 20.57127252], [85.7594142, 20.57052965]]]]}, "geometry_name": "geom", "properties": {"objectid": 697, "id": 800, "gridcode": 1, "shape_leng": 0.00312198423, "shape_area": 5.5455e-07, "from_time": "21-08-2022 06:00", "to_time": "21-08-2022 06:00"}}, {"type": "Feature", "id": "odflood50dsc21082022_0600hrs.698", "geometry": {"type": "MultiPolygon", "coordinates": [[[[85.89793442, 20.57052965], [85.89769282, 20.57065686], [85.89785757, 20.57112163], [85.89793442, 20.57052965]]]]}, "geometry_name": "geom", "properties": {"objectid": 698, "id": 801, "gridcode": 1, "shape_leng": 0.00136309021, "shape_area": 6.662e-08, "from_time": "21-08-2022 06:00", "to_time": "21-08-2022 06:00"}}, {"type": "Feature", "id": "odflood50dsc21082022_0600hrs.699", "geometry": {"type": "MultiPolygon", "coordinates": [[[[85.72455957, 20.56963134], [85.723583, 20.5697245], [85.72377284, 20.57038841], [85.72420919, 20.57095355], [85.72515804, 20.57109373], [85.72521331, 20.57072019], [85.72502031, 20.57024858], [85.72455957, 20.56963134]]]]}, "geometry_name": "geom", "properties": {"objectid": 699, "id": 802, "gridcode": 1, "shape_leng": 0.00500206963, "shape_area": 1.57361e-06, "from_time": "21-08-2022 06:00", "to_time": "21-08-2022 06:00"}}, {"type": "Feature", "id": "odflood50dsc21082022_0600hrs.700", "geometry": {"type": "MultiPolygon", "coordinates": [[[[85.8212183, 20.56909235], [85.82067931, 20.56909235], [85.82067931, 20.56963134], [85.8212183, 20.56963134], [85.8212183, 20.56909235]]]]}, "geometry_name": "geom", "properties": {"objectid": 700, "id": 803, "gridcode": 1, "shape_leng": 0.00215595668, "shape_area": 2.9051e-07, "from_time": "21-08-2022 06:00", "to_time": "21-08-2022 06:00"}}, {"type": "Feature", "id": "odflood50dsc21082022_0600hrs.701", "geometry": {"type": "MultiPolygon", "coordinates": [[[[85.87799182, 20.56909235], [85.87720474, 20.56917534], [85.87745353, 20.56987943], [85.87790848, 20.56966467], [85.87799182, 20.56909235]]]]}, "geometry_name": "geom", "properties": {"objectid": 701, "id": 804, "gridcode": 1, "shape_leng": 0.00261964208, "shape_area": 4.0865e-07, "from_time": "21-08-2022 06:00", "to_time": "21-08-2022 06:00"}}, {"type": "Feature", "id": "odflood50dsc21082022_0600hrs.702", "geometry": {"type": "MultiPolygon", "coordinates": [[[[85.90548027, 20.5683737], [85.90506059, 20.56858599], [85.90523604, 20.56897304], [85.90564484, 20.56870477], [85.90548027, 20.5683737]]]]}, "geometry_name": "geom", "properties": {"objectid": 702, "id": 805, "gridcode": 1, "shape_leng": 0.00175397178, "shape_area": 1.8959e-07, "from_time": "21-08-2022 06:00", "to_time": "21-08-2022 06:00"}}, {"type": "Feature", "id": "odflood50dsc21082022_0600hrs.703", "geometry": {"type": "MultiPolygon", "coordinates": [[[[85.71899002, 20.56621774], [85.71874842, 20.56634494], [85.71891317, 20.56680972], [85.71899002, 20.56621774]]]]}, "geometry_name": "geom", "properties": {"objectid": 703, "id": 806, "gridcode": 1, "shape_leng": 0.00136309022, "shape_area": 6.662e-08, "from_time": "21-08-2022 06:00", "to_time": "21-08-2022 06:00"}}, {"type": "Feature", "id": "odflood50dsc21082022_0600hrs.704", "geometry": {"type": "MultiPolygon", "coordinates": [[[[85.82014032, 20.56621774], [85.81972713, 20.56629055], [85.82004277, 20.56644583], [85.82014032, 20.56621774]]]]}, "geometry_name": "geom", "properties": {"objectid": 704, "id": 807, "gridcode": 1, "shape_leng": 0.00101939394, "shape_area": 4.357e-08, "from_time": "21-08-2022 06:00", "to_time": "21-08-2022 06:00"}}, {"type": "Feature", "id": "odflood50dsc21082022_0600hrs.705", "geometry": {"type": "MultiPolygon", "coordinates": [[[[85.84205921, 20.56280414], [85.84144636, 20.56290327], [85.84130898, 20.56359789], [85.84229537, 20.56337857], [85.84205921, 20.56280414]]]]}, "geometry_name": "geom", "properties": {"objectid": 705, "id": 808, "gridcode": 1, "shape_leng": 0.00296045059, "shape_area": 5.1524e-07, "from_time": "21-08-2022 06:00", "to_time": "21-08-2022 06:00"}}, {"type": "Feature", "id": "odflood50dsc21082022_0600hrs.706", "geometry": {"type": "MultiPolygon", "coordinates": [[[[85.85751023, 20.56244482], [85.85727671, 20.56254482], [85.8574383, 20.56285309], [85.85751023, 20.56244482]]]]}, "geometry_name": "geom", "properties": {"objectid": 706, "id": 809, "gridcode": 1, "shape_leng": 0.00101666061, "shape_area": 4.407e-08, "from_time": "21-08-2022 06:00", "to_time": "21-08-2022 06:00"}}, {"type": "Feature", "id": "odflood50dsc21082022_0600hrs.707", "geometry": {"type": "MultiPolygon", "coordinates": [[[[85.87008665, 20.5615465], [85.86929781, 20.56163177], [85.86978171, 20.56233533], [85.87029754, 20.56202724], [85.87008665, 20.5615465]]]]}, "geometry_name": "geom", "properties": {"objectid": 707, "id": 810, "gridcode": 1, "shape_leng": 0.00277313318, "shape_area": 4.5461e-07, "from_time": "21-08-2022 06:00", "to_time": "21-08-2022 06:00"}}, {"type": "Feature", "id": "odflood50dsc21082022_0600hrs.708", "geometry": {"type": "MultiPolygon", "coordinates": [[[[85.86864934, 20.56136684], [85.86821001, 20.56154738], [85.86727678, 20.56136298], [85.86695728, 20.56185056], [85.86756593, 20.56280905], [85.86866706, 20.5630589], [85.86902832, 20.56168932], [85.86872444, 20.56147141], [85.86864934, 20.56136684]]]]}, "geometry_name": "geom", "properties": {"objectid": 708, "id": 811, "gridcode": 1, "shape_leng": 0.00619283299, "shape_area": 2.40805e-06, "from_time": "21-08-2022 06:00", "to_time": "21-08-2022 06:00"}}, {"type": "Feature", "id": "odflood50dsc21082022_0600hrs.709", "geometry": {"type": "MultiPolygon", "coordinates": [[[[85.78384838, 20.5601092], [85.78330939, 20.5601092], [85.78330939, 20.56064819], [85.78384838, 20.56064819], [85.78384838, 20.5601092]]]]}, "geometry_name": "geom", "properties": {"objectid": 709, "id": 813, "gridcode": 1, "shape_leng": 0.00215595668, "shape_area": 2.9051e-07, "from_time": "21-08-2022 06:00", "to_time": "21-08-2022 06:00"}}, {"type": "Feature", "id": "odflood50dsc21082022_0600hrs.710", "geometry": {"type": "MultiPolygon", "coordinates": [[[[85.78708231, 20.5601092], [85.78609926, 20.56068152], [85.78651438, 20.56127192], [85.78733497, 20.56081346], [85.78708231, 20.5601092]]]]}, "geometry_name": "geom", "properties": {"objectid": 710, "id": 814, "gridcode": 1, "shape_leng": 0.00354743895, "shape_area": 7.5586e-07, "from_time": "21-08-2022 06:00", "to_time": "21-08-2022 06:00"}}, {"type": "Feature", "id": "odflood50dsc21082022_0600hrs.711", "geometry": {"type": "MultiPolygon", "coordinates": [[[[85.86667305, 20.5601092], [85.86624688, 20.56020657], [85.86649251, 20.5608947], [85.86685517, 20.5605073], [85.86667305, 20.5601092]]]]}, "geometry_name": "geom", "properties": {"objectid": 711, "id": 815, "gridcode": 1, "shape_leng": 0.00213624698, "shape_area": 2.6605e-07, "from_time": "21-08-2022 06:00", "to_time": "21-08-2022 06:00"}}, {"type": "Feature", "id": "odflood50dsc21082022_0600hrs.712", "geometry": {"type": "MultiPolygon", "coordinates": [[[[85.77630253, 20.55992953], [85.7756902, 20.56035237], [85.77634253, 20.56087066], [85.77646623, 20.56031904], [85.77630253, 20.55992953]]]]}, "geometry_name": "geom", "properties": {"objectid": 712, "id": 816, "gridcode": 1, "shape_leng": 0.00256512143, "shape_area": 3.6584e-07, "from_time": "21-08-2022 06:00", "to_time": "21-08-2022 06:00"}}, {"type": "Feature", "id": "odflood50dsc21082022_0600hrs.713", "geometry": {"type": "MultiPolygon", "coordinates": [[[[85.84780843, 20.55974987], [85.84683028, 20.55987216], [85.84750998, 20.56054835], [85.84798265, 20.56020289], [85.84780843, 20.55974987]]]]}, "geometry_name": "geom", "properties": {"objectid": 713, "id": 817, "gridcode": 1, "shape_leng": 0.00301534962, "shape_area": 5.0943e-07, "from_time": "21-08-2022 06:00", "to_time": "21-08-2022 06:00"}}, {"type": "Feature", "id": "odflood50dsc21082022_0600hrs.714", "geometry": {"type": "MultiPolygon", "coordinates": [[[[85.63706366, 20.55921088], [85.63663591, 20.55947441], [85.63697541, 20.55998726], [85.63773512, 20.56024622], [85.63840517, 20.56071661], [85.6392033, 20.56027044], [85.6393691, 20.55973811], [85.63888486, 20.55939826], [85.63800005, 20.55979461], [85.63713209, 20.55932212], [85.63706366, 20.55921088]]]]}, "geometry_name": "geom", "properties": {"objectid": 714, "id": 818, "gridcode": 1, "shape_leng": 0.00689064446, "shape_area": 1.99537e-06, "from_time": "21-08-2022 06:00", "to_time": "21-08-2022 06:00"}}, {"type": "Feature", "id": "odflood50dsc21082022_0600hrs.715", "geometry": {"type": "MultiPolygon", "coordinates": [[[[85.8240929, 20.55921088], [85.82335741, 20.5593358], [85.82301896, 20.56019692], [85.82331653, 20.56126543], [85.8236634, 20.56092435], [85.82401465, 20.56003094], [85.8240929, 20.55921088]]]]}, "geometry_name": "geom", "properties": {"objectid": 715, "id": 819, "gridcode": 1, "shape_leng": 0.00505066794, "shape_area": 1.34899e-06, "from_time": "21-08-2022 06:00", "to_time": "21-08-2022 06:00"}}, {"type": "Feature", "id": "odflood50dsc21082022_0600hrs.716", "geometry": {"type": "MultiPolygon", "coordinates": [[[[85.89470049, 20.55759391], [85.8942873, 20.55766673], [85.89460293, 20.557822], [85.89470049, 20.55759391]]]]}, "geometry_name": "geom", "properties": {"objectid": 716, "id": 820, "gridcode": 1, "shape_leng": 0.00101939394, "shape_area": 4.357e-08, "from_time": "21-08-2022 06:00", "to_time": "21-08-2022 06:00"}}, {"type": "Feature", "id": "odflood50dsc21082022_0600hrs.717", "geometry": {"type": "MultiPolygon", "coordinates": [[[[85.87116463, 20.55615661], [85.8705523, 20.55648944], [85.87120919, 20.55712826], [85.87152465, 20.55670156], [85.87116463, 20.55615661]]]]}, "geometry_name": "geom", "properties": {"objectid": 717, "id": 821, "gridcode": 1, "shape_leng": 0.00279702933, "shape_area": 4.6767e-07, "from_time": "21-08-2022 06:00", "to_time": "21-08-2022 06:00"}}, {"type": "Feature", "id": "odflood50dsc21082022_0600hrs.718", "geometry": {"type": "MultiPolygon", "coordinates": [[[[85.87619519, 20.55579728], [85.87574428, 20.55588536], [85.87538144, 20.55626276], [85.8733276, 20.556221], [85.87305284, 20.55678718], [85.87275826, 20.55735916], [85.87342182, 20.55823361], [85.87477175, 20.55867154], [85.87533881, 20.55926176], [85.8751516, 20.55983795], [85.87359183, 20.55893963], [85.87286967, 20.55876348], [85.87200592, 20.55846784], [85.87161554, 20.55932703], [85.87210856, 20.56076749], [85.87119936, 20.56120858], [85.8717952, 20.5619939], [85.87197135, 20.56230445], [85.87109269, 20.56346226], [85.87089689, 20.56493624], [85.8718245, 20.56523731], [85.87269001, 20.56520328], [85.87220172, 20.56377685], [85.87305267, 20.56379422], [85.87396923, 20.56348033], [85.87523792, 20.56450445], [85.8762659, 20.56343454], [85.87718509, 20.56325505], [85.87736125, 20.56306135], [85.8764624, 20.56219778], [85.87646714, 20.56196864], [85.87720001, 20.56126455], [85.87807306, 20.56128227], [85.87863327, 20.5610905], [85.87861854, 20.5603643], [85.87721404, 20.55968285], [85.87700543, 20.55839345], [85.87777479, 20.55802026], [85.87932719, 20.55805202], [85.87971125, 20.55785411], [85.87969634, 20.55712458], [85.87933, 20.55641347], [85.87826132, 20.55643523], [85.87754793, 20.55642066], [85.87718509, 20.55660752], [85.87651522, 20.55678367], [85.87619519, 20.55579728]], [[85.87655452, 20.56046852], [85.87666961, 20.5607424], [85.87642381, 20.56108085], [85.87594219, 20.56062573], [85.87655452, 20.56046852]]]]}, "geometry_name": "geom", "properties": {"objectid": 718, "id": 822, "gridcode": 1, "shape_leng": 0.04679976367, "shape_area": 4.32504e-05, "from_time": "21-08-2022 06:00", "to_time": "21-08-2022 06:00"}}, {"type": "Feature", "id": "odflood50dsc21082022_0600hrs.719", "geometry": {"type": "MultiPolygon", "coordinates": [[[[85.88913093, 20.55489897], [85.88832754, 20.55504898], [85.88856352, 20.55572272], [85.88930673, 20.55655436], [85.8899445, 20.55696], [85.89065368, 20.5575097], [85.89149585, 20.55745952], [85.8925833, 20.55843135], [85.89312282, 20.55983461], [85.89387832, 20.55961916], [85.89391674, 20.55897402], [85.89174113, 20.55696], [85.89057034, 20.55650997], [85.88913093, 20.55489897]]]]}, "geometry_name": "geom", "properties": {"objectid": 719, "id": 823, "gridcode": 1, "shape_leng": 0.0159164055, "shape_area": 5.42487e-06, "from_time": "21-08-2022 06:00", "to_time": "21-08-2022 06:00"}}, {"type": "Feature", "id": "odflood50dsc21082022_0600hrs.720", "geometry": {"type": "MultiPolygon", "coordinates": [[[[85.76821769, 20.5547193], [85.76759712, 20.55482984], [85.76783082, 20.55532707], [85.76865352, 20.55541094], [85.76821769, 20.5547193]]]]}, "geometry_name": "geom", "properties": {"objectid": 720, "id": 824, "gridcode": 1, "shape_leng": 0.00282420959, "shape_area": 4.3343e-07, "from_time": "21-08-2022 06:00", "to_time": "21-08-2022 06:00"}}, {"type": "Feature", "id": "odflood50dsc21082022_0600hrs.721", "geometry": {"type": "MultiPolygon", "coordinates": [[[[85.8557136, 20.55453964], [85.85512636, 20.55461824], [85.85493126, 20.55509161], [85.85555727, 20.55482493], [85.8557136, 20.55453964]]]]}, "geometry_name": "geom", "properties": {"objectid": 721, "id": 825, "gridcode": 1, "shape_leng": 0.00211023732, "shape_area": 1.9977e-07, "from_time": "21-08-2022 06:00", "to_time": "21-08-2022 06:00"}}, {"type": "Feature", "id": "odflood50dsc21082022_0600hrs.722", "geometry": {"type": "MultiPolygon", "coordinates": [[[[85.87853081, 20.55453964], [85.87773391, 20.55467509], [85.87805218, 20.55533655], [85.87892698, 20.55515636], [85.87853081, 20.55453964]]]]}, "geometry_name": "geom", "properties": {"objectid": 722, "id": 826, "gridcode": 1, "shape_leng": 0.00316854443, "shape_area": 5.9056e-07, "from_time": "21-08-2022 06:00", "to_time": "21-08-2022 06:00"}}, {"type": "Feature", "id": "odflood50dsc21082022_0600hrs.723", "geometry": {"type": "MultiPolygon", "coordinates": [[[[85.87637485, 20.55418032], [85.8759557, 20.55427909], [85.87558778, 20.55480317], [85.87590061, 20.55568605], [85.87662294, 20.55529531], [85.87648609, 20.5544284], [85.87637485, 20.55418032]]]]}, "geometry_name": "geom", "properties": {"objectid": 723, "id": 827, "gridcode": 1, "shape_leng": 0.00397840293, "shape_area": 1.01894e-06, "from_time": "21-08-2022 06:00", "to_time": "21-08-2022 06:00"}}, {"type": "Feature", "id": "odflood50dsc21082022_0600hrs.724", "geometry": {"type": "MultiPolygon", "coordinates": [[[[85.81277413, 20.55202436], [85.81197723, 20.55215981], [85.8122955, 20.55282126], [85.81269588, 20.55230543], [85.81277413, 20.55202436]]]]}, "geometry_name": "geom", "properties": {"objectid": 724, "id": 828, "gridcode": 1, "shape_leng": 0.00248712165, "shape_area": 3.212e-07, "from_time": "21-08-2022 06:00", "to_time": "21-08-2022 06:00"}}, {"type": "Feature", "id": "odflood50dsc21082022_0600hrs.725", "geometry": {"type": "MultiPolygon", "coordinates": [[[[85.84852708, 20.5498684], [85.84807617, 20.54995648], [85.84756122, 20.55049231], [85.84685063, 20.55072303], [85.84662886, 20.55163222], [85.84664255, 20.55229929], [85.84710451, 20.55228982], [85.84816968, 20.55156783], [85.84879657, 20.55158064], [85.84933556, 20.55156976], [85.84975735, 20.55157836], [85.85005246, 20.55201155], [85.84895659, 20.55266195], [85.84810284, 20.55264458], [85.84715469, 20.55288758], [85.84660325, 20.55458719], [85.84799072, 20.55630592], [85.84951698, 20.55660401], [85.85035775, 20.55681947], [85.85182821, 20.55771112], [85.85202876, 20.55894314], [85.85275092, 20.55983795], [85.85310708, 20.56074082], [85.85369538, 20.56053958], [85.85418471, 20.55929896], [85.85474809, 20.55894314], [85.85508303, 20.55969355], [85.85418471, 20.5605566], [85.85390627, 20.56084645], [85.85364923, 20.56163809], [85.85345553, 20.56181424], [85.85294549, 20.56128332], [85.85260827, 20.5610991], [85.85239159, 20.56203952], [85.85276513, 20.56271256], [85.85382539, 20.5619939], [85.85465247, 20.56179213], [85.8552683, 20.56052291], [85.85673596, 20.5591128], [85.85738777, 20.55876348], [85.85759831, 20.55984146], [85.85810958, 20.56059572], [85.85896964, 20.56091593], [85.85948495, 20.55960951], [85.86009517, 20.55894314], [85.86065258, 20.55942984], [85.85987112, 20.56045957], [85.86053187, 20.56174213], [85.86152423, 20.56140245], [85.86176758, 20.56040466], [85.86339086, 20.56008779], [85.86426058, 20.56038553], [85.86532382, 20.55983795], [85.8661416, 20.55963846], [85.86676113, 20.55791394], [85.86561507, 20.55640365], [85.86425619, 20.55643137], [85.86344262, 20.5561531], [85.86138825, 20.55575202], [85.86057468, 20.55630346], [85.86096085, 20.55781077], [85.86043081, 20.55804132], [85.85993744, 20.55676613], [85.86031098, 20.55604099], [85.86029097, 20.55505986], [85.85908316, 20.55481089], [85.85758498, 20.55571956], [85.8564498, 20.55608783], [85.85613907, 20.55704545], [85.85542077, 20.55751636], [85.85472002, 20.55750215], [85.8547344, 20.55679754], [85.85454404, 20.55642786], [85.85436788, 20.55604748], [85.85482073, 20.55516846], [85.85454404, 20.55463123], [85.85426033, 20.55404662], [85.85497442, 20.55370028], [85.85526269, 20.5533227], [85.85470616, 20.5528346], [85.85405119, 20.55351623], [85.85379731, 20.55273336], [85.85401207, 20.55210559], [85.85400347, 20.55167977], [85.8526102, 20.55196523], [85.85202016, 20.5515652], [85.85167066, 20.5504881], [85.8508627, 20.55050459], [85.85014405, 20.55048985], [85.84969489, 20.55049898], [85.84949505, 20.55049494], [85.84877043, 20.55012175], [85.84852708, 20.5498684]], [[85.85122203, 20.55148537], [85.85111412, 20.55187277], [85.8505804, 20.55228227], [85.85024546, 20.55165135], [85.85122203, 20.55148537]]]]}, "geometry_name": "geom", "properties": {"objectid": 725, "id": 830, "gridcode": 1, "shape_leng": 0.09188980713, "shape_area": 9.88908e-05, "from_time": "21-08-2022 06:00", "to_time": "21-08-2022 06:00"}}, {"type": "Feature", "id": "odflood50dsc21082022_0600hrs.726", "geometry": {"type": "MultiPolygon", "coordinates": [[[[85.82786583, 20.54825143], [85.8272535, 20.54840864], [85.82742562, 20.54940275], [85.82811199, 20.54912817], [85.82793917, 20.54835776], [85.82786583, 20.54825143]]]]}, "geometry_name": "geom", "properties": {"objectid": 726, "id": 831, "gridcode": 1, "shape_leng": 0.00329906427, "shape_area": 6.7163e-07, "from_time": "21-08-2022 06:00", "to_time": "21-08-2022 06:00"}}, {"type": "Feature", "id": "odflood50dsc21082022_0600hrs.727", "geometry": {"type": "MultiPolygon", "coordinates": [[[[85.80846222, 20.54699379], [85.80766795, 20.54709082], [85.80738915, 20.54755296], [85.80808131, 20.54797036], [85.80871698, 20.54764156], [85.80846222, 20.54699379]]]]}, "geometry_name": "geom", "properties": {"objectid": 727, "id": 832, "gridcode": 1, "shape_leng": 0.00355990234, "shape_area": 8.3524e-07, "from_time": "21-08-2022 06:00", "to_time": "21-08-2022 06:00"}}, {"type": "Feature", "id": "odflood50dsc21082022_0600hrs.728", "geometry": {"type": "MultiPolygon", "coordinates": [[[[85.7628278, 20.54681413], [85.76167262, 20.5474412], [85.76112767, 20.54820985], [85.76156613, 20.54838478], [85.76308344, 20.54751015], [85.7628278, 20.54681413]]]]}, "geometry_name": "geom", "properties": {"objectid": 728, "id": 833, "gridcode": 1, "shape_leng": 0.00522152001, "shape_area": 1.36762e-06, "from_time": "21-08-2022 06:00", "to_time": "21-08-2022 06:00"}}, {"type": "Feature", "id": "odflood50dsc21082022_0600hrs.729", "geometry": {"type": "MultiPolygon", "coordinates": [[[[85.87924946, 20.54663447], [85.87846396, 20.546715], [85.87910945, 20.54687045], [85.87924946, 20.54663447]]]]}, "geometry_name": "geom", "properties": {"objectid": 729, "id": 834, "gridcode": 1, "shape_leng": 0.00172795241, "shape_area": 8.704e-08, "from_time": "21-08-2022 06:00", "to_time": "21-08-2022 06:00"}}, {"type": "Feature", "id": "odflood50dsc21082022_0600hrs.730", "geometry": {"type": "MultiPolygon", "coordinates": [[[[85.85481529, 20.54555649], [85.85445052, 20.54564246], [85.85473844, 20.54648709], [85.85481529, 20.54555649]]]]}, "geometry_name": "geom", "properties": {"objectid": 730, "id": 836, "gridcode": 1, "shape_leng": 0.00220087697, "shape_area": 1.6642e-07, "from_time": "21-08-2022 06:00", "to_time": "21-08-2022 06:00"}}, {"type": "Feature", "id": "odflood50dsc21082022_0600hrs.731", "geometry": {"type": "MultiPolygon", "coordinates": [[[[85.56825271, 20.54411918], [85.56785215, 20.54420007], [85.5674737, 20.54496135], [85.56808708, 20.54495662], [85.56844501, 20.54450606], [85.56825271, 20.54411918]]]]}, "geometry_name": "geom", "properties": {"objectid": 731, "id": 839, "gridcode": 1, "shape_leng": 0.00287965998, "shape_area": 5.0616e-07, "from_time": "21-08-2022 06:00", "to_time": "21-08-2022 06:00"}}, {"type": "Feature", "id": "odflood50dsc21082022_0600hrs.733", "geometry": {"type": "MultiPolygon", "coordinates": [[[[85.84152022, 20.54322087], [85.84175375, 20.54312086], [85.84159216, 20.54281259], [85.84152022, 20.54322087]]]]}, "geometry_name": "geom", "properties": {"objectid": 733, "id": 841, "gridcode": 1, "shape_leng": 0.00101666061, "shape_area": 4.407e-08, "from_time": "21-08-2022 06:00", "to_time": "21-08-2022 06:00"}}, {"type": "Feature", "id": "odflood50dsc21082022_0600hrs.734", "geometry": {"type": "MultiPolygon", "coordinates": [[[[85.65287401, 20.54250222], [85.65265505, 20.5425638], [85.65281243, 20.54272118], [85.65287401, 20.54250222]]]]}, "geometry_name": "geom", "properties": {"objectid": 734, "id": 842, "gridcode": 1, "shape_leng": 0.00067748933, "shape_area": 2.208e-08, "from_time": "21-08-2022 06:00", "to_time": "21-08-2022 06:00"}}, {"type": "Feature", "id": "odflood50dsc21082022_0600hrs.735", "geometry": {"type": "MultiPolygon", "coordinates": [[[[85.83900494, 20.54250222], [85.83802188, 20.54268574], [85.83832296, 20.54348528], [85.83926198, 20.54321876], [85.83900494, 20.54250222]]]]}, "geometry_name": "geom", "properties": {"objectid": 735, "id": 843, "gridcode": 1, "shape_leng": 0.00359174909, "shape_area": 7.913e-07, "from_time": "21-08-2022 06:00", "to_time": "21-08-2022 06:00"}}, {"type": "Feature", "id": "odflood50dsc21082022_0600hrs.736", "geometry": {"type": "MultiPolygon", "coordinates": [[[[85.85481529, 20.54268188], [85.85503425, 20.5426203], [85.85487687, 20.54246292], [85.85481529, 20.54268188]]]]}, "geometry_name": "geom", "properties": {"objectid": 736, "id": 844, "gridcode": 1, "shape_leng": 0.00067748933, "shape_area": 2.208e-08, "from_time": "21-08-2022 06:00", "to_time": "21-08-2022 06:00"}}, {"type": "Feature", "id": "odflood50dsc21082022_0600hrs.738", "geometry": {"type": "MultiPolygon", "coordinates": [[[[85.84547281, 20.54232255], [85.84523928, 20.54242256], [85.84540087, 20.54273083], [85.84547281, 20.54232255]]]]}, "geometry_name": "geom", "properties": {"objectid": 738, "id": 846, "gridcode": 1, "shape_leng": 0.00101666061, "shape_area": 4.407e-08, "from_time": "21-08-2022 06:00", "to_time": "21-08-2022 06:00"}}, {"type": "Feature", "id": "odflood50dsc21082022_0600hrs.739", "geometry": {"type": "MultiPolygon", "coordinates": [[[[85.84152022, 20.54322087], [85.84084771, 20.54309823], [85.84053874, 20.54240572], [85.84030943, 20.54205973], [85.83995782, 20.54246765], [85.84027153, 20.54390601], [85.83976956, 20.54461396], [85.8387965, 20.54434762], [85.83814961, 20.54439973], [85.83781835, 20.54478415], [85.83787327, 20.54546666], [85.83782011, 20.54612864], [85.83732709, 20.54689729], [85.83601629, 20.54634532], [85.83564205, 20.54637532], [85.83471127, 20.5478614], [85.83358539, 20.54777105], [85.83299289, 20.54798861], [85.83136259, 20.54815494], [85.83011828, 20.54842636], [85.82986633, 20.55007947], [85.83146699, 20.55184873], [85.83218072, 20.55210752], [85.83315922, 20.5517482], [85.83415684, 20.55156625], [85.8357889, 20.55021632], [85.83604401, 20.54881814], [85.83642912, 20.54812792], [85.83704145, 20.54817704], [85.83670704, 20.54939907], [85.83676669, 20.55014158], [85.83647141, 20.55122044], [85.836836, 20.55187382], [85.83929373, 20.55154064], [85.83999308, 20.55159678], [85.84060401, 20.55154783], [85.84166111, 20.55291408], [85.8421429, 20.5533292], [85.84304069, 20.55228719], [85.84328878, 20.55207348], [85.84319158, 20.55086409], [85.84382286, 20.5497326], [85.84483065, 20.54851444], [85.84387549, 20.54636287], [85.84348318, 20.54565965], [85.84323369, 20.54510066], [85.84283331, 20.54453588], [85.84107966, 20.54413761], [85.84143706, 20.54349703], [85.84152022, 20.54322087]]]]}, "geometry_name": "geom", "properties": {"objectid": 739, "id": 847, "gridcode": 1, "shape_leng": 0.05231835857, "shape_area": 7.581776e-05, "from_time": "21-08-2022 06:00", "to_time": "21-08-2022 06:00"}}, {"type": "Feature", "id": "odflood50dsc21082022_0600hrs.740", "geometry": {"type": "MultiPolygon", "coordinates": [[[[85.85535428, 20.5416039], [85.85512075, 20.54170391], [85.85528234, 20.54201218], [85.85535428, 20.5416039]]]]}, "geometry_name": "geom", "properties": {"objectid": 740, "id": 849, "gridcode": 1, "shape_leng": 0.00101666061, "shape_area": 4.407e-08, "from_time": "21-08-2022 06:00", "to_time": "21-08-2022 06:00"}}, {"type": "Feature", "id": "odflood50dsc21082022_0600hrs.742", "geometry": {"type": "MultiPolygon", "coordinates": [[[[85.85247967, 20.54124457], [85.852047, 20.54135564], [85.85225439, 20.5418569], [85.85259318, 20.54170689], [85.85247967, 20.54124457]]]]}, "geometry_name": "geom", "properties": {"objectid": 742, "id": 852, "gridcode": 1, "shape_leng": 0.00183573767, "shape_area": 2.0679e-07, "from_time": "21-08-2022 06:00", "to_time": "21-08-2022 06:00"}}, {"type": "Feature", "id": "odflood50dsc21082022_0600hrs.743", "geometry": {"type": "MultiPolygon", "coordinates": [[[[85.85535428, 20.54124457], [85.85513531, 20.54130616], [85.85529269, 20.54146354], [85.85535428, 20.54124457]]]]}, "geometry_name": "geom", "properties": {"objectid": 743, "id": 853, "gridcode": 1, "shape_leng": 0.00067748933, "shape_area": 2.208e-08, "from_time": "21-08-2022 06:00", "to_time": "21-08-2022 06:00"}}, {"type": "Feature", "id": "odflood50dsc21082022_0600hrs.744", "geometry": {"type": "MultiPolygon", "coordinates": [[[[85.58370373, 20.54052592], [85.58344424, 20.54073383], [85.58366636, 20.54133283], [85.5841285, 20.54190989], [85.58482628, 20.54182322], [85.58506121, 20.54222272], [85.58551545, 20.5433007], [85.58584197, 20.54310332], [85.58629885, 20.54150337], [85.58536053, 20.54085525], [85.58378357, 20.54062575], [85.58370373, 20.54052592]]]]}, "geometry_name": "geom", "properties": {"objectid": 744, "id": 855, "gridcode": 1, "shape_leng": 0.00895428475, "shape_area": 3.62513e-06, "from_time": "21-08-2022 06:00", "to_time": "21-08-2022 06:00"}}, {"type": "Feature", "id": "odflood50dsc21082022_0600hrs.746", "geometry": {"type": "MultiPolygon", "coordinates": [[[[85.84708978, 20.53908862], [85.84584494, 20.53919266], [85.84538964, 20.54000887], [85.84592425, 20.5408263], [85.84613303, 20.539682], [85.84719066, 20.53936338], [85.84708978, 20.53908862]]]]}, "geometry_name": "geom", "properties": {"objectid": 746, "id": 857, "gridcode": 1, "shape_leng": 0.00572096754, "shape_area": 1.1011e-06, "from_time": "21-08-2022 06:00", "to_time": "21-08-2022 06:00"}}, {"type": "Feature", "id": "odflood50dsc21082022_0600hrs.747", "geometry": {"type": "MultiPolygon", "coordinates": [[[[85.78600434, 20.53836997], [85.78521726, 20.53845295], [85.78546605, 20.53915704], [85.785921, 20.53894229], [85.78600434, 20.53836997]]]]}, "geometry_name": "geom", "properties": {"objectid": 747, "id": 858, "gridcode": 1, "shape_leng": 0.00261964208, "shape_area": 4.0865e-07, "from_time": "21-08-2022 06:00", "to_time": "21-08-2022 06:00"}}, {"type": "Feature", "id": "odflood50dsc21082022_0600hrs.748", "geometry": {"type": "MultiPolygon", "coordinates": [[[[85.85481529, 20.54268188], [85.85454755, 20.54259029], [85.85400505, 20.54241414], [85.85353484, 20.54217202], [85.8532864, 20.54241063], [85.85294111, 20.54276996], [85.85274372, 20.54259047], [85.8527546, 20.54205481], [85.85238808, 20.54223097], [85.85221193, 20.5425938], [85.85166943, 20.54294962], [85.85149328, 20.54313279], [85.85112851, 20.54330982], [85.85156328, 20.5439511], [85.85130326, 20.54422165], [85.85041354, 20.54420358], [85.84917573, 20.54422884], [85.84825583, 20.54313279], [85.84804792, 20.54249222], [85.84754069, 20.54223097], [85.84717785, 20.54205481], [85.84683291, 20.54169584], [85.84646271, 20.54168829], [85.84663886, 20.54223448], [85.84692292, 20.54306454], [85.84545579, 20.54382039], [85.84397199, 20.54331245], [85.84350143, 20.54396268], [85.84430675, 20.54582423], [85.84494873, 20.54745155], [85.84553966, 20.54866971], [85.84683046, 20.5488799], [85.84769228, 20.54977682], [85.84798037, 20.54903448], [85.84755806, 20.54821441], [85.84837023, 20.54701608], [85.84802862, 20.54561439], [85.84735752, 20.54528875], [85.84682204, 20.54492591], [85.84592372, 20.54433692], [85.84633884, 20.54403111], [85.8470017, 20.54420726], [85.84822407, 20.54494855], [85.84987245, 20.54491486], [85.8498835, 20.54545894], [85.84917783, 20.54638901], [85.8505439, 20.54705169], [85.85085726, 20.54833741], [85.85131186, 20.5483467], [85.85184435, 20.54833583], [85.85310673, 20.54888201], [85.85416962, 20.54922695], [85.85436788, 20.54941749], [85.85497091, 20.55004508], [85.85611907, 20.55041757], [85.85640629, 20.55097533], [85.85601626, 20.55249703], [85.85664613, 20.55315252], [85.85867962, 20.5531941], [85.8595825, 20.55282775], [85.86062451, 20.55336464], [85.86194865, 20.55229561], [85.86261344, 20.55265634], [85.86282731, 20.55462438], [85.86331998, 20.55463439], [85.86406969, 20.55445156], [85.86501573, 20.55412785], [85.86650163, 20.55484861], [85.86586632, 20.5557857], [85.86609002, 20.5566012], [85.86705132, 20.55662086], [85.86817053, 20.55634803], [85.8682051, 20.55465983], [85.86694079, 20.55319392], [85.86619915, 20.55219349], [85.86482448, 20.55185838], [85.86454815, 20.55105112], [85.86478483, 20.54959715], [85.86514416, 20.54854725], [85.8636093, 20.54653376], [85.86249167, 20.54655657], [85.86335104, 20.54528875], [85.86366685, 20.54463782], [85.86495625, 20.54421937], [85.86568315, 20.543147], [85.86508363, 20.54281435], [85.86429936, 20.5425459], [85.86390459, 20.54292506], [85.86308733, 20.5440276], [85.86275696, 20.54381899], [85.86326857, 20.54232431], [85.86281205, 20.54188568], [85.86313769, 20.5415274], [85.86371721, 20.54132914], [85.86492607, 20.54135371], [85.86694079, 20.54024151], [85.86676463, 20.53989535], [85.86624793, 20.53913301], [85.86599791, 20.53785203], [85.86486484, 20.5369374], [85.86414233, 20.53768939], [85.86200427, 20.53707057], [85.86143299, 20.53791326], [85.86191022, 20.53864122], [85.86280854, 20.53975411], [85.86252115, 20.5405768], [85.86175161, 20.54097333], [85.86022623, 20.54033468], [85.85905386, 20.53953988], [85.85850575, 20.53952883], [85.85814081, 20.54023713], [85.85846768, 20.5409435], [85.85971918, 20.54239449], [85.85830626, 20.5425917], [85.85921879, 20.54276996], [85.85941038, 20.54433727], [85.8601171, 20.54456659], [85.86029326, 20.5463669], [85.86101665, 20.54635216], [85.86137123, 20.5474447], [85.86173056, 20.54849461], [85.8610463, 20.54854883], [85.86083224, 20.54834302], [85.86031431, 20.54780403], [85.8595746, 20.54798019], [85.85939845, 20.54852268], [85.85903561, 20.54869884], [85.85885946, 20.54960066], [85.85867629, 20.54977682], [85.85844311, 20.55049547], [85.85802115, 20.55025247], [85.85760761, 20.5494496], [85.85742216, 20.5488785], [85.85706283, 20.54853321], [85.85723898, 20.54726153], [85.85831696, 20.54705099], [85.85814081, 20.54600389], [85.85786219, 20.54573615], [85.85831696, 20.54529928], [85.85814081, 20.54492591], [85.85795764, 20.54474976], [85.85778148, 20.54294962], [85.8572353, 20.54259135], [85.85726092, 20.54133616], [85.85654261, 20.54166794], [85.85601713, 20.54244309], [85.85574571, 20.54355633], [85.8552662, 20.54401707], [85.85544235, 20.54439043], [85.85687966, 20.54459115], [85.8567035, 20.54474976], [85.85616101, 20.54492591], [85.85598485, 20.54582774], [85.85544235, 20.54600389], [85.8552662, 20.54654639], [85.85490687, 20.54689168], [85.85570799, 20.54745032], [85.85669245, 20.54743032], [85.85705932, 20.5481423], [85.85679895, 20.54923572], [85.85615925, 20.54924888], [85.85578606, 20.54847952], [85.85462492, 20.54736382], [85.85383977, 20.54654674], [85.85363888, 20.54654271], [85.85294812, 20.54726153], [85.85221193, 20.54661604], [85.8525802, 20.54571141], [85.85311024, 20.54492942], [85.85334377, 20.54349475], [85.85364906, 20.54348843], [85.85434683, 20.54384793], [85.85473089, 20.54367003], [85.85471668, 20.54296997], [85.85481529, 20.54268188]], [[85.86164248, 20.54429885], [85.86175793, 20.54457361], [85.86133211, 20.54509084], [85.86103016, 20.54445605], [85.86164248, 20.54429885]], [[85.84655079, 20.54555649], [85.84645324, 20.54578458], [85.8461376, 20.5456293], [85.84655079, 20.54555649]], [[85.86110349, 20.54178356], [85.86103665, 20.54225571], [85.86073978, 20.54256906], [85.86049766, 20.54186936], [85.86110349, 20.54178356]]]]}, "geometry_name": "geom", "properties": {"objectid": 748, "id": 859, "gridcode": 1, "shape_leng": 0.17216990971, "shape_area": 0.00015266747, "from_time": "21-08-2022 06:00", "to_time": "21-08-2022 06:00"}}, {"type": "Feature", "id": "odflood50dsc21082022_0600hrs.749", "geometry": {"type": "MultiPolygon", "coordinates": [[[[85.88122576, 20.53693266], [85.87974266, 20.53711811], [85.87959458, 20.53830768], [85.87999636, 20.53880912], [85.880312, 20.53860841], [85.88020357, 20.53773641], [85.88143244, 20.5374706], [85.88122576, 20.53693266]]]]}, "geometry_name": "geom", "properties": {"objectid": 749, "id": 860, "gridcode": 1, "shape_leng": 0.00642227652, "shape_area": 1.5951e-06, "from_time": "21-08-2022 06:00", "to_time": "21-08-2022 06:00"}}, {"type": "Feature", "id": "odflood50dsc21082022_0600hrs.751", "geometry": {"type": "MultiPolygon", "coordinates": [[[[85.84044224, 20.53639367], [85.83964797, 20.5364907], [85.83937584, 20.53694196], [85.83946813, 20.53756675], [85.83910635, 20.53848717], [85.83979517, 20.53846699], [85.83998151, 20.53737024], [85.84032083, 20.53710829], [85.84044224, 20.53639367]]]]}, "geometry_name": "geom", "properties": {"objectid": 751, "id": 862, "gridcode": 1, "shape_leng": 0.00590279255, "shape_area": 1.41176e-06, "from_time": "21-08-2022 06:00", "to_time": "21-08-2022 06:00"}}, {"type": "Feature", "id": "odflood50dsc21082022_0600hrs.752", "geometry": {"type": "MultiPolygon", "coordinates": [[[[85.84116089, 20.53531569], [85.84055085, 20.53541184], [85.84041435, 20.53602031], [85.84094281, 20.53636455], [85.84156847, 20.53593258], [85.84116089, 20.53531569]]]]}, "geometry_name": "geom", "properties": {"objectid": 752, "id": 863, "gridcode": 1, "shape_leng": 0.00337152567, "shape_area": 7.7472e-07, "from_time": "21-08-2022 06:00", "to_time": "21-08-2022 06:00"}}, {"type": "Feature", "id": "odflood50dsc21082022_0600hrs.753", "geometry": {"type": "MultiPolygon", "coordinates": [[[[85.78816029, 20.53459704], [85.78806871, 20.53468512], [85.78783395, 20.53516902], [85.78645735, 20.53543763], [85.78681457, 20.53648175], [85.78716443, 20.53755955], [85.78770377, 20.53757043], [85.78789325, 20.53720251], [85.78757323, 20.53626752], [85.78878157, 20.53547536], [85.78824837, 20.53468863], [85.78816029, 20.53459704]]]]}, "geometry_name": "geom", "properties": {"objectid": 753, "id": 864, "gridcode": 1, "shape_leng": 0.00876800704, "shape_area": 3.00328e-06, "from_time": "21-08-2022 06:00", "to_time": "21-08-2022 06:00"}}, {"type": "Feature", "id": "odflood50dsc21082022_0600hrs.754", "geometry": {"type": "MultiPolygon", "coordinates": [[[[85.78672299, 20.53423772], [85.78629997, 20.53446949], [85.78663667, 20.53463862], [85.78672299, 20.53423772]]]]}, "geometry_name": "geom", "properties": {"objectid": 754, "id": 865, "gridcode": 1, "shape_leng": 0.00126923286, "shape_area": 7.479e-08, "from_time": "21-08-2022 06:00", "to_time": "21-08-2022 06:00"}}, {"type": "Feature", "id": "odflood50dsc21082022_0600hrs.755", "geometry": {"type": "MultiPolygon", "coordinates": [[[[85.86451709, 20.53423772], [85.86375703, 20.53465915], [85.86416882, 20.5352127], [85.8647722, 20.53487233], [85.86451709, 20.53423772]]]]}, "geometry_name": "geom", "properties": {"objectid": 755, "id": 866, "gridcode": 1, "shape_leng": 0.0029357297, "shape_area": 5.3201e-07, "from_time": "21-08-2022 06:00", "to_time": "21-08-2022 06:00"}}, {"type": "Feature", "id": "odflood50dsc21082022_0600hrs.756", "geometry": {"type": "MultiPolygon", "coordinates": [[[[85.88463935, 20.53405805], [85.88419529, 20.53419526], [85.88444987, 20.53467143], [85.88463935, 20.53405805]]]]}, "geometry_name": "geom", "properties": {"objectid": 756, "id": 867, "gridcode": 1, "shape_leng": 0.00164672474, "shape_area": 1.2319e-07, "from_time": "21-08-2022 06:00", "to_time": "21-08-2022 06:00"}}, {"type": "Feature", "id": "odflood50dsc21082022_0600hrs.757", "geometry": {"type": "MultiPolygon", "coordinates": [[[[85.86110349, 20.53387839], [85.86068381, 20.53409069], [85.86083716, 20.5346574], [85.86134334, 20.53436071], [85.86110349, 20.53387839]]]]}, "geometry_name": "geom", "properties": {"objectid": 757, "id": 868, "gridcode": 1, "shape_leng": 0.00218279559, "shape_area": 2.9285e-07, "from_time": "21-08-2022 06:00", "to_time": "21-08-2022 06:00"}}, {"type": "Feature", "id": "odflood50dsc21082022_0600hrs.758", "geometry": {"type": "MultiPolygon", "coordinates": [[[[85.86685271, 20.53387839], [85.86606441, 20.53396805], [85.8659372, 20.53453563], [85.86674639, 20.53506269], [85.86749803, 20.53520937], [85.86804982, 20.5355687], [85.86836336, 20.53529289], [85.86785068, 20.53484425], [85.86757803, 20.53490531], [85.86701676, 20.53451791], [85.86685271, 20.53387839]]]]}, "geometry_name": "geom", "properties": {"objectid": 758, "id": 869, "gridcode": 1, "shape_leng": 0.00648549949, "shape_area": 1.52586e-06, "from_time": "21-08-2022 06:00", "to_time": "21-08-2022 06:00"}}, {"type": "Feature", "id": "odflood50dsc21082022_0600hrs.760", "geometry": {"type": "MultiPolygon", "coordinates": [[[[85.6548503, 20.53298007], [85.65454677, 20.53305148], [85.65434149, 20.53371048], [85.65493417, 20.53412648], [85.65515559, 20.53378786], [85.65491873, 20.53345064], [85.6548503, 20.53298007]]]]}, "geometry_name": "geom", "properties": {"objectid": 760, "id": 871, "gridcode": 1, "shape_leng": 0.00301834238, "shape_area": 5.1189e-07, "from_time": "21-08-2022 06:00", "to_time": "21-08-2022 06:00"}}, {"type": "Feature", "id": "odflood50dsc21082022_0600hrs.761", "geometry": {"type": "MultiPolygon", "coordinates": [[[[85.78654333, 20.5333394], [85.78806537, 20.53344695], [85.78788834, 20.53304815], [85.78662807, 20.53324448], [85.78654333, 20.5333394]]]]}, "geometry_name": "geom", "properties": {"objectid": 761, "id": 872, "gridcode": 1, "shape_leng": 0.00336489178, "shape_area": 3.4547e-07, "from_time": "21-08-2022 06:00", "to_time": "21-08-2022 06:00"}}, {"type": "Feature", "id": "odflood50dsc21082022_0600hrs.762", "geometry": {"type": "MultiPolygon", "coordinates": [[[[85.78654333, 20.5333394], [85.78597468, 20.53318939], [85.78565606, 20.53274479], [85.78365486, 20.5331443], [85.78341396, 20.53433667], [85.78434193, 20.53500181], [85.78499496, 20.53591276], [85.78554044, 20.53557607], [85.78512111, 20.53455581], [85.78600153, 20.53362363], [85.78634278, 20.53409981], [85.78654333, 20.5333394]]]]}, "geometry_name": "geom", "properties": {"objectid": 762, "id": 873, "gridcode": 1, "shape_leng": 0.0110533487, "shape_area": 4.97493e-06, "from_time": "21-08-2022 06:00", "to_time": "21-08-2022 06:00"}}, {"type": "Feature", "id": "odflood50dsc21082022_0600hrs.763", "geometry": {"type": "MultiPolygon", "coordinates": [[[[85.83900494, 20.53280041], [85.8385649, 20.53314009], [85.83837033, 20.53406244], [85.83742639, 20.53462687], [85.8372641, 20.53572573], [85.83773449, 20.53600943], [85.83936269, 20.53573292], [85.83910635, 20.53399857], [85.83951831, 20.53372697], [85.84049751, 20.53411209], [85.84062103, 20.53327606], [85.84017275, 20.53320974], [85.83959305, 20.53329536], [85.83908319, 20.53290182], [85.83900494, 20.53280041]]]]}, "geometry_name": "geom", "properties": {"objectid": 763, "id": 874, "gridcode": 1, "shape_leng": 0.01186520813, "shape_area": 4.86675e-06, "from_time": "21-08-2022 06:00", "to_time": "21-08-2022 06:00"}}, {"type": "Feature", "id": "odflood50dsc21082022_0600hrs.764", "geometry": {"type": "MultiPolygon", "coordinates": [[[[85.86343911, 20.53208176], [85.86296943, 20.53216352], [85.86332244, 20.53276392], [85.86340209, 20.53340484], [85.86264063, 20.53401472], [85.86314804, 20.53449721], [85.86358316, 20.53416806], [85.86372019, 20.53306605], [85.86343911, 20.53208176]]]]}, "geometry_name": "geom", "properties": {"objectid": 764, "id": 875, "gridcode": 1, "shape_leng": 0.0061745919, "shape_area": 1.11048e-06, "from_time": "21-08-2022 06:00", "to_time": "21-08-2022 06:00"}}, {"type": "Feature", "id": "odflood50dsc21082022_0600hrs.766", "geometry": {"type": "MultiPolygon", "coordinates": [[[[85.786184, 20.53172243], [85.78574484, 20.53184806], [85.78606101, 20.53215247], [85.786184, 20.53172243]]]]}, "geometry_name": "geom", "properties": {"objectid": 766, "id": 877, "gridcode": 1, "shape_leng": 0.00134293837, "shape_area": 8.67e-08, "from_time": "21-08-2022 06:00", "to_time": "21-08-2022 06:00"}}, {"type": "Feature", "id": "odflood50dsc21082022_0600hrs.767", "geometry": {"type": "MultiPolygon", "coordinates": [[[[85.86487642, 20.53118344], [85.86446323, 20.53125626], [85.86477887, 20.53141153], [85.86487642, 20.53118344]]]]}, "geometry_name": "geom", "properties": {"objectid": 767, "id": 878, "gridcode": 1, "shape_leng": 0.00101939394, "shape_area": 4.357e-08, "from_time": "21-08-2022 06:00", "to_time": "21-08-2022 06:00"}}, {"type": "Feature", "id": "odflood50dsc21082022_0600hrs.768", "geometry": {"type": "MultiPolygon", "coordinates": [[[[85.86505608, 20.53100378], [85.86487642, 20.53100378], [85.86487642, 20.53118344], [85.86505608, 20.53118344], [85.86505608, 20.53100378]]]]}, "geometry_name": "geom", "properties": {"objectid": 768, "id": 879, "gridcode": 1, "shape_leng": 0.00071865223, "shape_area": 3.228e-08, "from_time": "21-08-2022 06:00", "to_time": "21-08-2022 06:00"}}, {"type": "Feature", "id": "odflood50dsc21082022_0600hrs.771", "geometry": {"type": "MultiPolygon", "coordinates": [[[[85.54956775, 20.52974614], [85.5501778, 20.52964999], [85.55031799, 20.52902521], [85.54971566, 20.52889028], [85.54945564, 20.52928961], [85.54956775, 20.52974614]]]]}, "geometry_name": "geom", "properties": {"objectid": 771, "id": 886, "gridcode": 1, "shape_leng": 0.00282176569, "shape_area": 5.333e-07, "from_time": "21-08-2022 06:00", "to_time": "21-08-2022 06:00"}}, {"type": "Feature", "id": "odflood50dsc21082022_0600hrs.772", "geometry": {"type": "MultiPolygon", "coordinates": [[[[85.86038484, 20.52812917], [85.85981234, 20.52823357], [85.86040572, 20.52929698], [85.85994235, 20.5301274], [85.86045327, 20.53023758], [85.8624443, 20.52997703], [85.86209831, 20.52964964], [85.86120069, 20.52944577], [85.86082733, 20.52912399], [85.86038484, 20.52812917]]]]}, "geometry_name": "geom", "properties": {"objectid": 772, "id": 887, "gridcode": 1, "shape_leng": 0.00825981124, "shape_area": 2.09406e-06, "from_time": "21-08-2022 06:00", "to_time": "21-08-2022 06:00"}}, {"type": "Feature", "id": "odflood50dsc21082022_0600hrs.773", "geometry": {"type": "MultiPolygon", "coordinates": [[[[85.68898629, 20.52794951], [85.6881878, 20.52808847], [85.68845607, 20.52892765], [85.68911945, 20.52853605], [85.68898629, 20.52794951]]]]}, "geometry_name": "geom", "properties": {"objectid": 773, "id": 888, "gridcode": 1, "shape_leng": 0.00306332092, "shape_area": 5.743e-07, "from_time": "21-08-2022 06:00", "to_time": "21-08-2022 06:00"}}, {"type": "Feature", "id": "odflood50dsc21082022_0600hrs.774", "geometry": {"type": "MultiPolygon", "coordinates": [[[[85.87206294, 20.52776985], [85.87148114, 20.52791916], [85.87133709, 20.52856184], [85.8719896, 20.5282355], [85.87206294, 20.52776985]]]]}, "geometry_name": "geom", "properties": {"objectid": 774, "id": 889, "gridcode": 1, "shape_leng": 0.00246023356, "shape_area": 3.1616e-07, "from_time": "21-08-2022 06:00", "to_time": "21-08-2022 06:00"}}, {"type": "Feature", "id": "odflood50dsc21082022_0600hrs.775", "geometry": {"type": "MultiPolygon", "coordinates": [[[[85.85535428, 20.52759018], [85.8546258, 20.52788354], [85.85501443, 20.52838709], [85.85554324, 20.52807075], [85.85535428, 20.52759018]]]]}, "geometry_name": "geom", "properties": {"objectid": 775, "id": 890, "gridcode": 1, "shape_leng": 0.00255399036, "shape_area": 3.9737e-07, "from_time": "21-08-2022 06:00", "to_time": "21-08-2022 06:00"}}, {"type": "Feature", "id": "odflood50dsc21082022_0600hrs.776", "geometry": {"type": "MultiPolygon", "coordinates": [[[[85.86972732, 20.52633254], [85.86911499, 20.52648975], [85.86941695, 20.52712453], [85.86965398, 20.52679819], [85.86972732, 20.52633254]]]]}, "geometry_name": "geom", "properties": {"objectid": 776, "id": 892, "gridcode": 1, "shape_leng": 0.00220986117, "shape_area": 2.613e-07, "from_time": "21-08-2022 06:00", "to_time": "21-08-2022 06:00"}}, {"type": "Feature", "id": "odflood50dsc21082022_0600hrs.777", "geometry": {"type": "MultiPolygon", "coordinates": [[[[85.85319832, 20.52615288], [85.85275425, 20.52629008], [85.8529662, 20.52713594], [85.85345939, 20.5268803], [85.85319832, 20.52615288]]]]}, "geometry_name": "geom", "properties": {"objectid": 777, "id": 893, "gridcode": 1, "shape_leng": 0.00266515238, "shape_area": 4.151e-07, "from_time": "21-08-2022 06:00", "to_time": "21-08-2022 06:00"}}, {"type": "Feature", "id": "odflood50dsc21082022_0600hrs.778", "geometry": {"type": "MultiPolygon", "coordinates": [[[[85.86487642, 20.53100378], [85.86487642, 20.53028513], [85.86505608, 20.53028513], [85.86505608, 20.53100378], [85.865151, 20.53091904], [85.86537365, 20.5294898], [85.86619178, 20.52944103], [85.86711712, 20.53020039], [85.86748662, 20.53036987], [85.86785788, 20.53057164], [85.86780542, 20.52969052], [85.86855442, 20.52872395], [85.8677291, 20.52836779], [85.86694254, 20.52841481], [85.8648587, 20.52829059], [85.86424251, 20.52857324], [85.86407302, 20.52912241], [85.8639781, 20.52920715], [85.86389213, 20.52836463], [85.86300768, 20.52760264], [85.86370194, 20.52700435], [85.86340894, 20.52628359], [85.8626559, 20.52622306], [85.86222288, 20.52683381], [85.86246044, 20.52890537], [85.86280363, 20.52930365], [85.86335121, 20.52977544], [85.86383879, 20.53086798], [85.86487642, 20.53100378]], [[85.86487642, 20.53028513], [85.86446814, 20.53021319], [85.86477641, 20.5300516], [85.86487642, 20.53028513]], [[85.8639781, 20.52920715], [85.86389845, 20.52998405], [85.86373159, 20.5293533], [85.8639781, 20.52920715]], [[85.86433743, 20.5299258], [85.86427585, 20.53014477], [85.86411846, 20.52998739], [85.86433743, 20.5299258]]]]}, "geometry_name": "geom", "properties": {"objectid": 778, "id": 894, "gridcode": 1, "shape_leng": 0.02749984628, "shape_area": 1.163313e-05, "from_time": "21-08-2022 06:00", "to_time": "21-08-2022 06:00"}}, {"type": "Feature", "id": "odflood50dsc21082022_0600hrs.779", "geometry": {"type": "MultiPolygon", "coordinates": [[[[85.86505608, 20.52615288], [85.86483712, 20.52621446], [85.8649945, 20.52637184], [85.86505608, 20.52615288]]]]}, "geometry_name": "geom", "properties": {"objectid": 779, "id": 895, "gridcode": 1, "shape_leng": 0.00067748933, "shape_area": 2.208e-08, "from_time": "21-08-2022 06:00", "to_time": "21-08-2022 06:00"}}, {"type": "Feature", "id": "odflood50dsc21082022_0600hrs.780", "geometry": {"type": "MultiPolygon", "coordinates": [[[[85.87242227, 20.52597322], [85.87108146, 20.52647834], [85.87141675, 20.52710348], [85.87299108, 20.52722998], [85.87327058, 20.52672889], [85.87250543, 20.52606971], [85.87242227, 20.52597322]]]]}, "geometry_name": "geom", "properties": {"objectid": 780, "id": 897, "gridcode": 1, "shape_leng": 0.00543267146, "shape_area": 1.76572e-06, "from_time": "21-08-2022 06:00", "to_time": "21-08-2022 06:00"}}, {"type": "Feature", "id": "odflood50dsc21082022_0600hrs.781", "geometry": {"type": "MultiPolygon", "coordinates": [[[[85.84780843, 20.52579355], [85.84735752, 20.52588163], [85.8470017, 20.5260648], [85.84518472, 20.52631851], [85.84448642, 20.52752667], [85.84484925, 20.52858693], [85.84484188, 20.52895029], [85.84435132, 20.52942155], [85.84325123, 20.52885484], [85.84143214, 20.53093325], [85.84214852, 20.53162155], [85.84235257, 20.53245793], [85.84286945, 20.53270883], [85.8437818, 20.5334452], [85.84412358, 20.53414964], [85.84430675, 20.53432579], [85.84448291, 20.53487882], [85.84412358, 20.53522411], [85.84394743, 20.53560449], [85.84431605, 20.53632016], [85.84699468, 20.53626542], [85.84831952, 20.5376443], [85.84929767, 20.53698126], [85.85059496, 20.53666492], [85.85131607, 20.53641824], [85.8512808, 20.53469073], [85.85221193, 20.53450896], [85.85238808, 20.53306815], [85.85328991, 20.532892], [85.85346606, 20.53252916], [85.85410278, 20.53235301], [85.85436437, 20.532892], [85.85464176, 20.53306815], [85.85490336, 20.53252916], [85.85574922, 20.53232283], [85.85451667, 20.53079605], [85.8532792, 20.53055638], [85.85293058, 20.53127503], [85.85271951, 20.53168471], [85.85129589, 20.5323495], [85.85009685, 20.5315368], [85.84907853, 20.53222703], [85.84860059, 20.53198087], [85.84862235, 20.53091395], [85.84860796, 20.53020986], [85.8493503, 20.52849411], [85.84932135, 20.52707102], [85.84819565, 20.52670573], [85.84780843, 20.52579355]]]]}, "geometry_name": "geom", "properties": {"objectid": 781, "id": 899, "gridcode": 1, "shape_leng": 0.05008233897, "shape_area": 7.462032e-05, "from_time": "21-08-2022 06:00", "to_time": "21-08-2022 06:00"}}, {"type": "Feature", "id": "odflood50dsc21082022_0600hrs.782", "geometry": {"type": "MultiPolygon", "coordinates": [[[[85.86505608, 20.52561389], [85.86465517, 20.52569477], [85.86448972, 20.52603357], [85.86520241, 20.52590812], [85.86505608, 20.52561389]]]]}, "geometry_name": "geom", "properties": {"objectid": 782, "id": 900, "gridcode": 1, "shape_leng": 0.00183827903, "shape_area": 1.7525e-07, "from_time": "21-08-2022 06:00", "to_time": "21-08-2022 06:00"}}, {"type": "Feature", "id": "odflood50dsc21082022_0600hrs.783", "geometry": {"type": "MultiPolygon", "coordinates": [[[[85.85265933, 20.52543423], [85.85240299, 20.52562494], [85.85289847, 20.52602918], [85.85265933, 20.52543423]]]]}, "geometry_name": "geom", "properties": {"objectid": 783, "id": 901, "gridcode": 1, "shape_leng": 0.00160018153, "shape_area": 9.906e-08, "from_time": "21-08-2022 06:00", "to_time": "21-08-2022 06:00"}}, {"type": "Feature", "id": "odflood50dsc21082022_0600hrs.786", "geometry": {"type": "MultiPolygon", "coordinates": [[[[85.68952527, 20.52435625], [85.68888979, 20.52443941], [85.68818447, 20.52499174], [85.68734581, 20.52524421], [85.68709316, 20.52569705], [85.68692683, 20.52606971], [85.68655417, 20.52623604], [85.68638784, 20.52642904], [85.6855697, 20.52667537], [85.68495053, 20.5275486], [85.68511739, 20.5278674], [85.68585955, 20.52780774], [85.6866726, 20.52875133], [85.68694157, 20.52857535], [85.68688489, 20.52786968], [85.68709982, 20.52785248], [85.68791269, 20.52791775], [85.68870188, 20.52747754], [85.68954826, 20.52754544], [85.69004198, 20.52712015], [85.68962177, 20.5259762], [85.69017392, 20.52553072], [85.69054465, 20.52570881], [85.6909403, 20.52659537], [85.69165228, 20.52583198], [85.68995197, 20.52485155], [85.68952527, 20.52435625]]]]}, "geometry_name": "geom", "properties": {"objectid": 786, "id": 905, "gridcode": 1, "shape_leng": 0.01971239875, "shape_area": 1.228614e-05, "from_time": "21-08-2022 06:00", "to_time": "21-08-2022 06:00"}}, {"type": "Feature", "id": "odflood50dsc21082022_0600hrs.787", "geometry": {"type": "MultiPolygon", "coordinates": [[[[85.86541541, 20.5236376], [85.86362492, 20.52374918], [85.86316962, 20.52372199], [85.86274467, 20.52374743], [85.86197619, 20.52460732], [85.86232113, 20.52524211], [85.86376809, 20.52515578], [85.86459675, 20.5247054], [85.86587825, 20.5244073], [85.86585702, 20.52405131], [85.86550015, 20.52373251], [85.86541541, 20.5236376]]]]}, "geometry_name": "geom", "properties": {"objectid": 787, "id": 912, "gridcode": 1, "shape_leng": 0.0092222627, "shape_area": 4.24409e-06, "from_time": "21-08-2022 06:00", "to_time": "21-08-2022 06:00"}}, {"type": "Feature", "id": "odflood50dsc21082022_0600hrs.788", "geometry": {"type": "MultiPolygon", "coordinates": [[[[85.85697124, 20.52345793], [85.85615276, 20.52353776], [85.85493863, 20.5242515], [85.85388013, 20.52384463], [85.85322078, 20.52392657], [85.85293883, 20.52468733], [85.85339781, 20.52505507], [85.85394996, 20.52574443], [85.85420857, 20.52693925], [85.85534971, 20.52718629], [85.85592572, 20.52711471], [85.85615276, 20.52663116], [85.85557289, 20.52583724], [85.85605275, 20.52415676], [85.85689141, 20.52391709], [85.85697124, 20.52345793]]]]}, "geometry_name": "geom", "properties": {"objectid": 788, "id": 913, "gridcode": 1, "shape_leng": 0.01388563522, "shape_area": 7.40625e-06, "from_time": "21-08-2022 06:00", "to_time": "21-08-2022 06:00"}}, {"type": "Feature", "id": "odflood50dsc21082022_0600hrs.789", "geometry": {"type": "MultiPolygon", "coordinates": [[[[85.85948653, 20.52345793], [85.85856365, 20.52382972], [85.85830433, 20.5242594], [85.85835854, 20.52462574], [85.8582359, 20.52545563], [85.85892596, 20.5258718], [85.8600085, 20.52570583], [85.86076575, 20.52461679], [85.86136141, 20.52415711], [85.86114929, 20.52355934], [85.86082242, 20.52371585], [85.86055556, 20.52406149], [85.8602701, 20.52410377], [85.85956478, 20.52355934], [85.85948653, 20.52345793]]]]}, "geometry_name": "geom", "properties": {"objectid": 789, "id": 914, "gridcode": 1, "shape_leng": 0.00942695227, "shape_area": 4.71984e-06, "from_time": "21-08-2022 06:00", "to_time": "21-08-2022 06:00"}}, {"type": "Feature", "id": "odflood50dsc21082022_0600hrs.791", "geometry": {"type": "MultiPolygon", "coordinates": [[[[85.85840855, 20.52273928], [85.85804922, 20.52273928], [85.85804922, 20.52327827], [85.85840855, 20.52327827], [85.85840855, 20.52273928]]]]}, "geometry_name": "geom", "properties": {"objectid": 791, "id": 920, "gridcode": 1, "shape_leng": 0.00179663057, "shape_area": 1.9367e-07, "from_time": "21-08-2022 06:00", "to_time": "21-08-2022 06:00"}}, {"type": "Feature", "id": "odflood50dsc21082022_0600hrs.792", "geometry": {"type": "MultiPolygon", "coordinates": [[[[85.63418905, 20.52255962], [85.6335669, 20.522747], [85.63380236, 20.52389042], [85.6342573, 20.52392709], [85.63462803, 20.52326283], [85.63418905, 20.52255962]]]]}, "geometry_name": "geom", "properties": {"objectid": 792, "id": 921, "gridcode": 1, "shape_leng": 0.00386329211, "shape_area": 9.6372e-07, "from_time": "21-08-2022 06:00", "to_time": "21-08-2022 06:00"}}, {"type": "Feature", "id": "odflood50dsc21082022_0600hrs.793", "geometry": {"type": "MultiPolygon", "coordinates": [[[[85.78528568, 20.52220029], [85.7855436, 20.52284069], [85.78574642, 20.52299719], [85.78602381, 20.52335652], [85.78626225, 20.52290105], [85.78584941, 20.52235732], [85.78528568, 20.52220029]]]]}, "geometry_name": "geom", "properties": {"objectid": 793, "id": 922, "gridcode": 1, "shape_leng": 0.00318250648, "shape_area": 4.993e-07, "from_time": "21-08-2022 06:00", "to_time": "21-08-2022 06:00"}}, {"type": "Feature", "id": "odflood50dsc21082022_0600hrs.794", "geometry": {"type": "MultiPolygon", "coordinates": [[[[85.8542763, 20.52220029], [85.85381714, 20.52228012], [85.85290093, 20.5225419], [85.85188225, 20.52215029], [85.851115, 20.5226012], [85.85116746, 20.52302351], [85.85170417, 20.52393657], [85.85223298, 20.52387077], [85.85327043, 20.52304106], [85.8547123, 20.52322037], [85.85507478, 20.52287561], [85.85435613, 20.52230012], [85.8542763, 20.52220029]]]]}, "geometry_name": "geom", "properties": {"objectid": 794, "id": 923, "gridcode": 1, "shape_leng": 0.00974794266, "shape_area": 3.79415e-06, "from_time": "21-08-2022 06:00", "to_time": "21-08-2022 06:00"}}, {"type": "Feature", "id": "odflood50dsc21082022_0600hrs.795", "geometry": {"type": "MultiPolygon", "coordinates": [[[[85.78528568, 20.52220029], [85.78518568, 20.52196676], [85.78487741, 20.52212836], [85.78528568, 20.52220029]]]]}, "geometry_name": "geom", "properties": {"objectid": 795, "id": 924, "gridcode": 1, "shape_leng": 0.00101666061, "shape_area": 4.407e-08, "from_time": "21-08-2022 06:00", "to_time": "21-08-2022 06:00"}}, {"type": "Feature", "id": "odflood50dsc21082022_0600hrs.796", "geometry": {"type": "MultiPolygon", "coordinates": [[[[85.86451709, 20.5216613], [85.86407794, 20.52178693], [85.8643941, 20.52209134], [85.86451709, 20.5216613]]]]}, "geometry_name": "geom", "properties": {"objectid": 796, "id": 927, "gridcode": 1, "shape_leng": 0.00134293837, "shape_area": 8.67e-08, "from_time": "21-08-2022 06:00", "to_time": "21-08-2022 06:00"}}, {"type": "Feature", "id": "odflood50dsc21082022_0600hrs.797", "geometry": {"type": "MultiPolygon", "coordinates": [[[[85.83990325, 20.52076299], [85.83898318, 20.52088598], [85.83842138, 20.52223678], [85.83896739, 20.5232416], [85.83857596, 20.52433221], [85.83962867, 20.52583935], [85.83924794, 20.52687223], [85.83820154, 20.52753772], [85.83837103, 20.52948173], [85.83868684, 20.5303618], [85.83819645, 20.5303911], [85.83767343, 20.53035987], [85.83737779, 20.53090377], [85.83697303, 20.53178595], [85.83654808, 20.53201684], [85.83555081, 20.53195736], [85.8347239, 20.5324067], [85.83308167, 20.53230879], [85.83186982, 20.53324781], [85.82935805, 20.53383225], [85.82940367, 20.53459704], [85.82936594, 20.53522955], [85.83309167, 20.53546307], [85.83366751, 20.53652281], [85.83288885, 20.5368802], [85.83245232, 20.53756657], [85.83208282, 20.53809538], [85.83143628, 20.53911213], [85.83001056, 20.54032485], [85.82905382, 20.54076401], [85.82866922, 20.54168864], [85.82841464, 20.54305279], [85.82778109, 20.54349545], [85.82723192, 20.5438446], [85.82706243, 20.54403444], [85.82608727, 20.54421638], [85.8263336, 20.54475309], [85.82722157, 20.54583511], [85.82727385, 20.54671465], [85.82652344, 20.54705924], [85.82694435, 20.5475784], [85.82791039, 20.54763595], [85.82832007, 20.54744804], [85.82884906, 20.54661622], [85.83102239, 20.54779719], [85.83173367, 20.5476277], [85.8331608, 20.54707854], [85.83377348, 20.5468894], [85.83463565, 20.54570141], [85.83612507, 20.54542332], [85.83745184, 20.54333895], [85.83680354, 20.54241081], [85.83729305, 20.54104649], [85.83658457, 20.540431], [85.83558555, 20.53965182], [85.8352964, 20.53871526], [85.83478794, 20.53791572], [85.83406929, 20.53688687], [85.83460214, 20.53683739], [85.83512078, 20.53686827], [85.83588435, 20.53627665], [85.83670687, 20.53719707], [85.83690004, 20.53662632], [85.83653896, 20.53527797], [85.83661159, 20.53405805], [85.83655492, 20.53310798], [85.83764501, 20.53188806], [85.83837103, 20.53162751], [85.83892019, 20.53145803], [85.83944901, 20.53108852], [85.84069928, 20.53089377], [85.84107615, 20.53020039], [85.84126248, 20.52939909], [85.84249381, 20.52829901], [85.84290735, 20.52739806], [85.84387602, 20.52653238], [85.84520296, 20.52504718], [85.84689204, 20.52439801], [85.84728997, 20.52395253], [85.84802564, 20.52355285], [85.8493696, 20.52396622], [85.84969998, 20.52426133], [85.85048232, 20.52533931], [85.85129168, 20.52487524], [85.85135011, 20.5238934], [85.85041863, 20.52306106], [85.85058812, 20.52264436], [85.85094744, 20.52232328], [85.85029827, 20.52183535], [85.8484848, 20.52172727], [85.84790335, 20.52193588], [85.84682695, 20.52213678], [85.84570827, 20.52300369], [85.84328738, 20.52277156], [85.84233379, 20.52210537], [85.84177954, 20.52185114], [85.84125581, 20.52156638], [85.84045452, 20.52138005], [85.83990325, 20.52076299]], [[85.82768617, 20.54447851], [85.8275644, 20.54470958], [85.82708524, 20.54455659], [85.82768617, 20.54447851]], [[85.83325572, 20.54142424], [85.83341029, 20.54210499], [85.83259795, 20.54258205], [85.83227757, 20.54154653], [85.83325572, 20.54142424]], [[85.83109976, 20.54070559], [85.8314133, 20.54133406], [85.83116696, 20.54183831], [85.8305306, 20.54216026], [85.82979563, 20.54151986], [85.83016706, 20.54077278], [85.83109976, 20.54070559]], [[85.84080157, 20.52597322], [85.84090614, 20.52622797], [85.84105633, 20.52720892], [85.84062471, 20.52784494], [85.84036715, 20.52748561], [85.83984079, 20.52728244], [85.84008309, 20.52605691], [85.84080157, 20.52597322]]]]}, "geometry_name": "geom", "properties": {"objectid": 797, "id": 935, "gridcode": 1, "shape_leng": 0.12336792671, "shape_area": 0.00015008512, "from_time": "21-08-2022 06:00", "to_time": "21-08-2022 06:00"}}, {"type": "Feature", "id": "odflood50dsc21082022_0600hrs.798", "geometry": {"type": "MultiPolygon", "coordinates": [[[[85.84205921, 20.52076299], [85.84162163, 20.52088493], [85.84182042, 20.52131513], [85.84281383, 20.52159165], [85.84395094, 20.52227767], [85.84517296, 20.52245821], [85.84626971, 20.5218564], [85.84606215, 20.52146304], [85.84465274, 20.52122372], [85.84362863, 20.52098634], [85.84294068, 20.5210881], [85.84213746, 20.5208644], [85.84205921, 20.52076299]]]]}, "geometry_name": "geom", "properties": {"objectid": 798, "id": 936, "gridcode": 1, "shape_leng": 0.01035658881, "shape_area": 3.83064e-06, "from_time": "21-08-2022 06:00", "to_time": "21-08-2022 06:00"}}, {"type": "Feature", "id": "odflood50dsc21082022_0600hrs.799", "geometry": {"type": "MultiPolygon", "coordinates": [[[[85.64981974, 20.52058332], [85.64907038, 20.52069965], [85.64847227, 20.52065157], [85.64803223, 20.52068684], [85.64776028, 20.52155919], [85.64814698, 20.52369234], [85.64973342, 20.52390042], [85.65044189, 20.52325599], [85.6499029, 20.52301544], [85.64972096, 20.52103599], [85.64981974, 20.52058332]]]]}, "geometry_name": "geom", "properties": {"objectid": 799, "id": 937, "gridcode": 1, "shape_leng": 0.01048058864, "shape_area": 6.10979e-06, "from_time": "21-08-2022 06:00", "to_time": "21-08-2022 06:00"}}, {"type": "Feature", "id": "odflood50dsc21082022_0600hrs.800", "geometry": {"type": "MultiPolygon", "coordinates": [[[[85.73875295, 20.51788838], [85.73817115, 20.51803769], [85.73809904, 20.51835999], [85.73854802, 20.51901022], [85.73933247, 20.5191862], [85.73941107, 20.51883564], [85.73919053, 20.51824612], [85.73882629, 20.5179947], [85.73875295, 20.51788838]]]]}, "geometry_name": "geom", "properties": {"objectid": 800, "id": 950, "gridcode": 1, "shape_leng": 0.0040854786, "shape_area": 1.09686e-06, "from_time": "21-08-2022 06:00", "to_time": "21-08-2022 06:00"}}, {"type": "Feature", "id": "odflood50dsc21082022_0600hrs.801", "geometry": {"type": "MultiPolygon", "coordinates": [[[[85.76570241, 20.51788838], [85.76526325, 20.518014], [85.76557942, 20.51831841], [85.76570241, 20.51788838]]]]}, "geometry_name": "geom", "properties": {"objectid": 801, "id": 951, "gridcode": 1, "shape_leng": 0.00134293837, "shape_area": 8.67e-08, "from_time": "21-08-2022 06:00", "to_time": "21-08-2022 06:00"}}, {"type": "Feature", "id": "odflood50dsc21082022_0600hrs.802", "geometry": {"type": "MultiPolygon", "coordinates": [[[[85.69563382, 20.51770871], [85.69519466, 20.51783434], [85.69551083, 20.51813875], [85.69563382, 20.51770871]]]]}, "geometry_name": "geom", "properties": {"objectid": 802, "id": 953, "gridcode": 1, "shape_leng": 0.00134293837, "shape_area": 8.67e-08, "from_time": "21-08-2022 06:00", "to_time": "21-08-2022 06:00"}}, {"type": "Feature", "id": "odflood50dsc21082022_0600hrs.803", "geometry": {"type": "MultiPolygon", "coordinates": [[[[85.86541541, 20.51914602], [85.86541541, 20.51878669], [85.86559507, 20.51878669], [85.86565543, 20.5181284], [85.86613406, 20.51788838], [85.8659672, 20.51727272], [85.86507608, 20.51756028], [85.86426251, 20.51816542], [85.86390143, 20.51937832], [85.86432497, 20.52001416], [85.86515907, 20.519788], [85.86531242, 20.51922269], [85.86541541, 20.51914602]]]]}, "geometry_name": "geom", "properties": {"objectid": 803, "id": 954, "gridcode": 1, "shape_leng": 0.0079315242, "shape_area": 3.25273e-06, "from_time": "21-08-2022 06:00", "to_time": "21-08-2022 06:00"}}, {"type": "Feature", "id": "odflood50dsc21082022_0600hrs.804", "geometry": {"type": "MultiPolygon", "coordinates": [[[[85.86613406, 20.51788838], [85.86592527, 20.51870195], [85.86559507, 20.51878669], [85.86559507, 20.51914602], [85.86541541, 20.51914602], [85.86550015, 20.51995959], [85.86604932, 20.52030874], [85.86704764, 20.52100616], [85.86807017, 20.52035594], [85.86782507, 20.51696655], [85.86613406, 20.51788838]]]]}, "geometry_name": "geom", "properties": {"objectid": 804, "id": 956, "gridcode": 1, "shape_leng": 0.01094231209, "shape_area": 6.99085e-06, "from_time": "21-08-2022 06:00", "to_time": "21-08-2022 06:00"}}, {"type": "Feature", "id": "odflood50dsc21082022_0600hrs.805", "geometry": {"type": "MultiPolygon", "coordinates": [[[[85.77702118, 20.51627141], [85.77680222, 20.51633299], [85.7769596, 20.51649037], [85.77702118, 20.51627141]]]]}, "geometry_name": "geom", "properties": {"objectid": 805, "id": 961, "gridcode": 1, "shape_leng": 0.00067748933, "shape_area": 2.208e-08, "from_time": "21-08-2022 06:00", "to_time": "21-08-2022 06:00"}}, {"type": "Feature", "id": "odflood50dsc21082022_0600hrs.806", "geometry": {"type": "MultiPolygon", "coordinates": [[[[85.82014032, 20.51519343], [85.82014032, 20.51555276], [85.81996065, 20.51555276], [85.81987749, 20.51618825], [85.81968449, 20.51635457], [85.81951816, 20.51654757], [85.81908866, 20.5169176], [85.8192427, 20.51883477], [85.81882829, 20.5199631], [85.81872337, 20.52126794], [85.8194436, 20.52210379], [85.81987749, 20.52193746], [85.82040314, 20.5215648], [85.82130076, 20.52136093], [85.82197642, 20.5207786], [85.82279596, 20.51935726], [85.82506298, 20.51901197], [85.82512579, 20.51822911], [85.82405483, 20.51775117], [85.82317827, 20.51673373], [85.82292509, 20.51671337], [85.82260191, 20.51673934], [85.82232435, 20.5165002], [85.82240611, 20.51548451], [85.82202573, 20.51527221], [85.8211025, 20.51599525], [85.8206765, 20.51578681], [85.82023682, 20.5152766], [85.82014032, 20.51519343]]]]}, "geometry_name": "geom", "properties": {"objectid": 806, "id": 966, "gridcode": 1, "shape_leng": 0.02279762674, "shape_area": 2.391255e-05, "from_time": "21-08-2022 06:00", "to_time": "21-08-2022 06:00"}}, {"type": "Feature", "id": "odflood50dsc21082022_0600hrs.807", "geometry": {"type": "MultiPolygon", "coordinates": [[[[85.68269808, 20.51465444], [85.68211628, 20.51480375], [85.68197767, 20.51542222], [85.68270036, 20.51558434], [85.68283546, 20.51498149], [85.68269808, 20.51465444]]]]}, "geometry_name": "geom", "properties": {"objectid": 807, "id": 968, "gridcode": 1, "shape_leng": 0.00294764307, "shape_area": 5.6889e-07, "from_time": "21-08-2022 06:00", "to_time": "21-08-2022 06:00"}}, {"type": "Feature", "id": "odflood50dsc21082022_0600hrs.808", "geometry": {"type": "MultiPolygon", "coordinates": [[[[85.75132937, 20.51465444], [85.75054387, 20.51473498], [85.75072318, 20.51526028], [85.75123427, 20.51507026], [85.75132937, 20.51465444]]]]}, "geometry_name": "geom", "properties": {"objectid": 808, "id": 969, "gridcode": 1, "shape_leng": 0.00231651018, "shape_area": 3.1076e-07, "from_time": "21-08-2022 06:00", "to_time": "21-08-2022 06:00"}}, {"type": "Feature", "id": "odflood50dsc21082022_0600hrs.809", "geometry": {"type": "MultiPolygon", "coordinates": [[[[85.81996065, 20.51555276], [85.81996065, 20.51519343], [85.82014032, 20.51519343], [85.82003733, 20.51476849], [85.81962694, 20.51448741], [85.81863283, 20.51483709], [85.81933499, 20.51626983], [85.81949185, 20.51562294], [85.81996065, 20.51555276]]]]}, "geometry_name": "geom", "properties": {"objectid": 809, "id": 973, "gridcode": 1, "shape_leng": 0.00526268443, "shape_area": 1.33781e-06, "from_time": "21-08-2022 06:00", "to_time": "21-08-2022 06:00"}}, {"type": "Feature", "id": "odflood50dsc21082022_0600hrs.810", "geometry": {"type": "MultiPolygon", "coordinates": [[[[85.60723959, 20.51411545], [85.60661586, 20.51423195], [85.60696063, 20.51491885], [85.60786245, 20.51471024], [85.60740908, 20.51430529], [85.60723959, 20.51411545]]]]}, "geometry_name": "geom", "properties": {"objectid": 810, "id": 974, "gridcode": 1, "shape_leng": 0.00319109205, "shape_area": 5.5875e-07, "from_time": "21-08-2022 06:00", "to_time": "21-08-2022 06:00"}}, {"type": "Feature", "id": "odflood50dsc21082022_0600hrs.811", "geometry": {"type": "MultiPolygon", "coordinates": [[[[85.83684898, 20.51375613], [85.8358675, 20.51388456], [85.83603383, 20.51439162], [85.83694548, 20.51545626], [85.8374299, 20.51622948], [85.83866193, 20.51700129], [85.8392811, 20.51779188], [85.83972131, 20.51940885], [85.84021556, 20.51922936], [85.84094316, 20.51838491], [85.84178305, 20.51801014], [85.84110247, 20.51711674], [85.83927373, 20.51566733], [85.8379703, 20.51542959], [85.83699934, 20.51425582], [85.83684898, 20.51375613]]]]}, "geometry_name": "geom", "properties": {"objectid": 811, "id": 978, "gridcode": 1, "shape_leng": 0.0173582388, "shape_area": 9.29979e-06, "from_time": "21-08-2022 06:00", "to_time": "21-08-2022 06:00"}}, {"type": "Feature", "id": "odflood50dsc21082022_0600hrs.812", "geometry": {"type": "MultiPolygon", "coordinates": [[[[85.68754898, 20.5133968], [85.68689998, 20.51348172], [85.68722825, 20.51376437], [85.68687717, 20.51401895], [85.6865661, 20.51365805], [85.68507388, 20.51386035], [85.68405345, 20.51504465], [85.68387256, 20.51569259], [85.68517845, 20.51558767], [85.68598289, 20.51588313], [85.68619484, 20.51640423], [85.68571094, 20.5168211], [85.68548952, 20.51711183], [85.68620818, 20.51743255], [85.68673383, 20.51792996], [85.68613256, 20.51877792], [85.6849372, 20.51904952], [85.68435645, 20.51926269], [85.68444049, 20.52030769], [85.68370658, 20.52063508], [85.68338339, 20.5210102], [85.68376027, 20.52168534], [85.68474157, 20.52132496], [85.68571217, 20.52140304], [85.6856076, 20.52270489], [85.68623344, 20.52318177], [85.68655417, 20.52246312], [85.6868084, 20.52211713], [85.68751038, 20.52293193], [85.68844659, 20.52240961], [85.68899401, 20.52177429], [85.68991197, 20.52228661], [85.69086977, 20.52246312], [85.69194406, 20.52197905], [85.69134489, 20.52113407], [85.69001672, 20.52054139], [85.69036657, 20.51991432], [85.69031428, 20.51926375], [85.69059571, 20.51849772], [85.6900862, 20.51816454], [85.68930491, 20.51860036], [85.68947141, 20.5206714], [85.68886452, 20.52084615], [85.68840607, 20.51981888], [85.68762671, 20.5188767], [85.68829027, 20.51802962], [85.68816043, 20.51641353], [85.68687875, 20.51592717], [85.68638784, 20.51498587], [85.6877132, 20.51384403], [85.68754898, 20.5133968]]]]}, "geometry_name": "geom", "properties": {"objectid": 812, "id": 980, "gridcode": 1, "shape_leng": 0.04709952697, "shape_area": 3.154983e-05, "from_time": "21-08-2022 06:00", "to_time": "21-08-2022 06:00"}}, {"type": "Feature", "id": "odflood50dsc21082022_0600hrs.813", "geometry": {"type": "MultiPolygon", "coordinates": [[[[85.87188328, 20.5133968], [85.87126112, 20.51358418], [85.87154553, 20.51435073], [85.87231963, 20.51463497], [85.87235279, 20.51422248], [85.87188328, 20.5133968]]]]}, "geometry_name": "geom", "properties": {"objectid": 813, "id": 981, "gridcode": 1, "shape_leng": 0.00365565116, "shape_area": 7.9284e-07, "from_time": "21-08-2022 06:00", "to_time": "21-08-2022 06:00"}}, {"type": "Feature", "id": "odflood50dsc21082022_0600hrs.814", "geometry": {"type": "MultiPolygon", "coordinates": [[[[85.86793069, 20.51303747], [85.86754364, 20.51311555], [85.86715168, 20.5136091], [85.86758821, 20.51399615], [85.86812825, 20.51343487], [85.86793069, 20.51303747]]]]}, "geometry_name": "geom", "properties": {"objectid": 814, "id": 982, "gridcode": 1, "shape_leng": 0.00283119072, "shape_area": 5.1848e-07, "from_time": "21-08-2022 06:00", "to_time": "21-08-2022 06:00"}}, {"type": "Feature", "id": "odflood50dsc21082022_0600hrs.815", "geometry": {"type": "MultiPolygon", "coordinates": [[[[85.87547654, 20.51303747], [85.8746935, 20.5131331], [85.87361517, 20.51357453], [85.87396449, 20.51563101], [85.87461559, 20.51522221], [85.87506142, 20.51447688], [85.87554111, 20.51410651], [85.87563831, 20.51344891], [85.87547654, 20.51303747]]]]}, "geometry_name": "geom", "properties": {"objectid": 815, "id": 983, "gridcode": 1, "shape_leng": 0.00739013574, "shape_area": 3.17198e-06, "from_time": "21-08-2022 06:00", "to_time": "21-08-2022 06:00"}}, {"type": "Feature", "id": "odflood50dsc21082022_0600hrs.816", "geometry": {"type": "MultiPolygon", "coordinates": [[[[85.69078292, 20.51285781], [85.69018357, 20.51293343], [85.69031779, 20.51318187], [85.69072256, 20.51297712], [85.69078292, 20.51285781]]]]}, "geometry_name": "geom", "properties": {"objectid": 816, "id": 984, "gridcode": 1, "shape_leng": 0.00147378936, "shape_area": 9.749e-08, "from_time": "21-08-2022 06:00", "to_time": "21-08-2022 06:00"}}, {"type": "Feature", "id": "odflood50dsc21082022_0600hrs.817", "geometry": {"type": "MultiPolygon", "coordinates": [[[[85.83882528, 20.51285781], [85.83819996, 20.51297729], [85.83974903, 20.51418055], [85.8413467, 20.51521238], [85.84337949, 20.51709586], [85.84358284, 20.51816138], [85.84394216, 20.51884038], [85.84309964, 20.51936446], [85.84197289, 20.5196329], [85.84221729, 20.52009276], [85.8450819, 20.52032225], [85.84554159, 20.520304], [85.84630235, 20.52050332], [85.84711136, 20.52047121], [85.84855428, 20.52084931], [85.85093569, 20.52064789], [85.85100797, 20.51882512], [85.85076515, 20.51831069], [85.85024581, 20.51782943], [85.85023037, 20.51743922], [85.850263, 20.51661337], [85.84989122, 20.51582576], [85.84969138, 20.51599841], [85.8493596, 20.51635668], [85.84881096, 20.51637844], [85.8486134, 20.51600542], [85.84828408, 20.5153073], [85.84724488, 20.51459216], [85.84619146, 20.5145504], [85.84565247, 20.5145718], [85.84466906, 20.51453268], [85.84465029, 20.51501008], [85.84555913, 20.51633106], [85.84524788, 20.5167153], [85.84486188, 20.51673057], [85.84434395, 20.51625071], [85.84377285, 20.51536625], [85.84322351, 20.51510711], [85.84223712, 20.51430424], [85.84035592, 20.51348312], [85.83900985, 20.51305713], [85.83882528, 20.51285781]]]]}, "geometry_name": "geom", "properties": {"objectid": 817, "id": 985, "gridcode": 1, "shape_leng": 0.04246702899, "shape_area": 4.32321e-05, "from_time": "21-08-2022 06:00", "to_time": "21-08-2022 06:00"}}, {"type": "Feature", "id": "odflood50dsc21082022_0600hrs.818", "geometry": {"type": "MultiPolygon", "coordinates": [[[[85.86685271, 20.51285781], [85.86643952, 20.51293062], [85.86675516, 20.5130859], [85.86685271, 20.51285781]]]]}, "geometry_name": "geom", "properties": {"objectid": 818, "id": 986, "gridcode": 1, "shape_leng": 0.00101939394, "shape_area": 4.357e-08, "from_time": "21-08-2022 06:00", "to_time": "21-08-2022 06:00"}}, {"type": "Feature", "id": "odflood50dsc21082022_0600hrs.819", "geometry": {"type": "MultiPolygon", "coordinates": [[[[85.75582094, 20.51267815], [85.75539319, 20.51277886], [85.75588779, 20.51346523], [85.75600762, 20.51309485], [85.75582094, 20.51267815]]]]}, "geometry_name": "geom", "properties": {"objectid": 819, "id": 987, "gridcode": 1, "shape_leng": 0.00213134481, "shape_area": 2.3124e-07, "from_time": "21-08-2022 06:00", "to_time": "21-08-2022 06:00"}}, {"type": "Feature", "id": "odflood50dsc21082022_0600hrs.820", "geometry": {"type": "MultiPolygon", "coordinates": [[[[85.83379471, 20.51231882], [85.83317256, 20.51250621], [85.83370839, 20.51347856], [85.83494304, 20.5139986], [85.83499305, 20.5133761], [85.83387787, 20.51241532], [85.83379471, 20.51231882]]]]}, "geometry_name": "geom", "properties": {"objectid": 820, "id": 989, "gridcode": 1, "shape_leng": 0.00532356269, "shape_area": 1.47663e-06, "from_time": "21-08-2022 06:00", "to_time": "21-08-2022 06:00"}}, {"type": "Feature", "id": "odflood50dsc21082022_0600hrs.821", "geometry": {"type": "MultiPolygon", "coordinates": [[[[85.8377473, 20.51231882], [85.83713497, 20.51247603], [85.83733446, 20.51289536], [85.83774063, 20.51298642], [85.8380482, 20.51277412], [85.8377473, 20.51231882]]]]}, "geometry_name": "geom", "properties": {"objectid": 821, "id": 990, "gridcode": 1, "shape_leng": 0.00243227149, "shape_area": 3.819e-07, "from_time": "21-08-2022 06:00", "to_time": "21-08-2022 06:00"}}, {"type": "Feature", "id": "odflood50dsc21082022_0600hrs.822", "geometry": {"type": "MultiPolygon", "coordinates": [[[[85.76911601, 20.51213916], [85.76841402, 20.51220355], [85.76869633, 20.51255884], [85.76881704, 20.51315678], [85.76905565, 20.51327749], [85.76923742, 20.51363682], [85.77013802, 20.51351558], [85.77037154, 20.51303747], [85.76917636, 20.51243813], [85.76911601, 20.51213916]]]]}, "geometry_name": "geom", "properties": {"objectid": 822, "id": 991, "gridcode": 1, "shape_leng": 0.00552167256, "shape_area": 1.46456e-06, "from_time": "21-08-2022 06:00", "to_time": "21-08-2022 06:00"}}, {"type": "Feature", "id": "odflood50dsc21082022_0600hrs.823", "geometry": {"type": "MultiPolygon", "coordinates": [[[[85.61262949, 20.5119595], [85.61206874, 20.5120302], [85.6117052, 20.51248796], [85.61209471, 20.51267815], [85.61256913, 20.51243813], [85.61262949, 20.5119595]]]]}, "geometry_name": "geom", "properties": {"objectid": 823, "id": 992, "gridcode": 1, "shape_leng": 0.00259729934, "shape_area": 4.126e-07, "from_time": "21-08-2022 06:00", "to_time": "21-08-2022 06:00"}}, {"type": "Feature", "id": "odflood50dsc21082022_0600hrs.824", "geometry": {"type": "MultiPolygon", "coordinates": [[[[85.69365753, 20.51267815], [85.6944625, 20.51211056], [85.69416985, 20.51169667], [85.69339154, 20.5122325], [85.69267587, 20.51269447], [85.69265446, 20.51323556], [85.69320486, 20.51294413], [85.6935712, 20.51277149], [85.69365753, 20.51267815]], [[85.69365753, 20.51267815], [85.69343856, 20.51261657], [85.69359594, 20.51245918], [85.69365753, 20.51267815]]]]}, "geometry_name": "geom", "properties": {"objectid": 824, "id": 993, "gridcode": 1, "shape_leng": 0.00566251938, "shape_area": 9.7545e-07, "from_time": "21-08-2022 06:00", "to_time": "21-08-2022 06:00"}}, {"type": "Feature", "id": "odflood50dsc21082022_0600hrs.825", "geometry": {"type": "MultiPolygon", "coordinates": [[[[85.80163502, 20.51177983], [85.80109603, 20.51177983], [85.80109603, 20.51231882], [85.80163502, 20.51231882], [85.80163502, 20.51177983]]]]}, "geometry_name": "geom", "properties": {"objectid": 825, "id": 994, "gridcode": 1, "shape_leng": 0.00215595668, "shape_area": 2.9051e-07, "from_time": "21-08-2022 06:00", "to_time": "21-08-2022 06:00"}}, {"type": "Feature", "id": "odflood50dsc21082022_0600hrs.826", "geometry": {"type": "MultiPolygon", "coordinates": [[[[85.68808797, 20.51160017], [85.68767478, 20.51167298], [85.68799042, 20.51182826], [85.68808797, 20.51160017]]]]}, "geometry_name": "geom", "properties": {"objectid": 826, "id": 995, "gridcode": 1, "shape_leng": 0.00101939394, "shape_area": 4.357e-08, "from_time": "21-08-2022 06:00", "to_time": "21-08-2022 06:00"}}, {"type": "Feature", "id": "odflood50dsc21082022_0600hrs.827", "geometry": {"type": "MultiPolygon", "coordinates": [[[[85.86128316, 20.51160017], [85.85992902, 20.51168333], [85.8589428, 20.51189844], [85.8592237, 20.51240199], [85.85939003, 20.51290167], [85.85795272, 20.51312064], [85.85742707, 20.51331364], [85.85588239, 20.51354909], [85.85561026, 20.51504149], [85.85507513, 20.51600069], [85.85442806, 20.51635457], [85.85338061, 20.51513869], [85.85129203, 20.5153066], [85.8509592, 20.51632422], [85.85180049, 20.51861493], [85.85166399, 20.52031383], [85.85168118, 20.52052876], [85.85225702, 20.52048244], [85.85272916, 20.5199345], [85.85317534, 20.51955009], [85.85445596, 20.5196529], [85.85568483, 20.51955412], [85.85708774, 20.51993819], [85.85782447, 20.52034927], [85.85813239, 20.52103915], [85.85855751, 20.52163867], [85.86044765, 20.52198343], [85.86127772, 20.52191676], [85.8616095, 20.52081474], [85.86242675, 20.51977116], [85.86265783, 20.51850421], [85.86353561, 20.51726622], [85.86370194, 20.5169162], [85.86280363, 20.51564926], [85.86245763, 20.51504588], [85.86328314, 20.51388158], [85.86213901, 20.51289589], [85.86188268, 20.5123211], [85.86136632, 20.51187633], [85.86128316, 20.51160017]]]]}, "geometry_name": "geom", "properties": {"objectid": 827, "id": 996, "gridcode": 1, "shape_leng": 0.04293462849, "shape_area": 7.755319e-05, "from_time": "21-08-2022 06:00", "to_time": "21-08-2022 06:00"}}, {"type": "Feature", "id": "odflood50dsc21082022_0600hrs.828", "geometry": {"type": "MultiPolygon", "coordinates": [[[[85.7594142, 20.51142051], [85.75899505, 20.51151929], [85.75873275, 20.511893], [85.75956737, 20.51215302], [85.75971616, 20.51167561], [85.75948263, 20.51153174], [85.7594142, 20.51142051]]]]}, "geometry_name": "geom", "properties": {"objectid": 828, "id": 997, "gridcode": 1, "shape_leng": 0.0026663448, "shape_area": 4.3413e-07, "from_time": "21-08-2022 06:00", "to_time": "21-08-2022 06:00"}}, {"type": "Feature", "id": "odflood50dsc21082022_0600hrs.829", "geometry": {"type": "MultiPolygon", "coordinates": [[[[85.76498376, 20.51142051], [85.76438283, 20.51149858], [85.76486199, 20.51165158], [85.76498376, 20.51142051]]]]}, "geometry_name": "geom", "properties": {"objectid": 829, "id": 998, "gridcode": 1, "shape_leng": 0.0013701569, "shape_area": 6.467e-08, "from_time": "21-08-2022 06:00", "to_time": "21-08-2022 06:00"}}, {"type": "Feature", "id": "odflood50dsc21082022_0600hrs.830", "geometry": {"type": "MultiPolygon", "coordinates": [[[[85.76426511, 20.51106118], [85.76404614, 20.51112277], [85.76420352, 20.51128015], [85.76426511, 20.51106118]]]]}, "geometry_name": "geom", "properties": {"objectid": 830, "id": 999, "gridcode": 1, "shape_leng": 0.00067748933, "shape_area": 2.208e-08, "from_time": "21-08-2022 06:00", "to_time": "21-08-2022 06:00"}}, {"type": "Feature", "id": "odflood50dsc21082022_0600hrs.831", "geometry": {"type": "MultiPolygon", "coordinates": [[[[85.76516342, 20.51106118], [85.76523623, 20.51147437], [85.76539151, 20.51115873], [85.76516342, 20.51106118]]]]}, "geometry_name": "geom", "properties": {"objectid": 831, "id": 1000, "gridcode": 1, "shape_leng": 0.00101939394, "shape_area": 4.357e-08, "from_time": "21-08-2022 06:00", "to_time": "21-08-2022 06:00"}}, {"type": "Feature", "id": "odflood50dsc21082022_0600hrs.832", "geometry": {"type": "MultiPolygon", "coordinates": [[[[85.81528941, 20.51878669], [85.81537258, 20.51869019], [85.81627089, 20.51848614], [85.81607421, 20.51723973], [85.81556786, 20.51728044], [85.81555136, 20.51707498], [85.81574524, 20.51672723], [85.81639248, 20.51527695], [85.8171157, 20.51465374], [85.8173994, 20.51414546], [85.81711271, 20.5135033], [85.81630669, 20.51343838], [85.81596122, 20.51383929], [85.81537258, 20.51367296], [85.81440549, 20.51331785], [85.81297292, 20.51411721], [85.81105681, 20.51427108], [85.81020446, 20.5138907], [85.80975197, 20.51307993], [85.81016235, 20.51196248], [85.80952914, 20.51224496], [85.80861995, 20.5133003], [85.80813763, 20.51264411], [85.80824027, 20.5113677], [85.80766672, 20.51104767], [85.80674875, 20.51132401], [85.8046128, 20.51215249], [85.80262984, 20.51245462], [85.80279616, 20.51277465], [85.80316883, 20.51294098], [85.80336393, 20.51401001], [85.80384116, 20.51507956], [85.80480702, 20.5147248], [85.80513845, 20.51475147], [85.80567867, 20.51470813], [85.80585044, 20.51564926], [85.80638943, 20.51692918], [85.80584026, 20.51728131], [85.80514512, 20.51689356], [85.80441313, 20.51672723], [85.80343165, 20.51591542], [85.80245017, 20.51672723], [85.80040072, 20.51693637], [85.79992156, 20.51761222], [85.79975523, 20.5183442], [85.79915044, 20.518723], [85.79896639, 20.52101511], [85.79988594, 20.52180728], [85.80017298, 20.52285631], [85.79991822, 20.52355022], [85.80050107, 20.52429449], [85.80044774, 20.52495717], [85.80067811, 20.52558424], [85.80063161, 20.52616323], [85.80107305, 20.52762948], [85.80171819, 20.52786634], [85.80353184, 20.52805127], [85.80566358, 20.53000019], [85.80696403, 20.53054796], [85.80758636, 20.53024091], [85.80907297, 20.52896011], [85.80872961, 20.52856149], [85.80849555, 20.52908574], [85.80789288, 20.52913416], [85.8073016, 20.52887028], [85.80712141, 20.52749368], [85.80658242, 20.52725314], [85.80705404, 20.52635658], [85.8074674, 20.52587672], [85.8076604, 20.52571039], [85.80789656, 20.5251814], [85.80827536, 20.52515087], [85.80909771, 20.52533773], [85.80927597, 20.52689329], [85.80981636, 20.52713436], [85.80998655, 20.52843498], [85.81097487, 20.52835551], [85.8120525, 20.52875133], [85.81307117, 20.52858149], [85.81346524, 20.52769844], [85.81534714, 20.52727086], [85.81542978, 20.52624271], [85.81535942, 20.52536738], [85.81624019, 20.52338301], [85.81634441, 20.52208783], [85.81579752, 20.52059876], [85.81570243, 20.51941551], [85.81574629, 20.51887003], [85.81528941, 20.51878669]], [[85.81528941, 20.51878669], [85.8151494, 20.51902268], [85.81450392, 20.51886723], [85.81528941, 20.51878669]], [[85.80882154, 20.51609175], [85.80869855, 20.51652178], [85.80838239, 20.51621737], [85.80882154, 20.51609175]], [[85.80289266, 20.52705119], [85.80302653, 20.52732051], [85.80280546, 20.527773], [85.80248228, 20.52713401], [85.80289266, 20.52705119]], [[85.8061266, 20.52489524], [85.80600062, 20.52563635], [85.80530654, 20.52605147], [85.80479071, 20.52643395], [85.80412241, 20.52659046], [85.8042954, 20.52542001], [85.80486685, 20.52497875], [85.8061266, 20.52489524]], [[85.81187582, 20.52417658], [85.81165685, 20.524115], [85.81181423, 20.52395762], [85.81187582, 20.52417658]], [[85.81187582, 20.52417658], [85.81205548, 20.52417658], [85.81205548, 20.52435625], [85.81187582, 20.52435625], [85.81187582, 20.52417658]], [[85.81205548, 20.52435625], [85.8121618, 20.52442959], [85.81240638, 20.52538282], [85.81214145, 20.52532334], [85.81205548, 20.52435625]], [[85.81277413, 20.52309861], [85.81269728, 20.52369058], [85.81253253, 20.52322581], [85.81277413, 20.52309861]], [[85.8109775, 20.52202063], [85.81075854, 20.52195904], [85.81091592, 20.52180166], [85.8109775, 20.52202063]], [[85.8109775, 20.52202063], [85.81115716, 20.52202063], [85.81115716, 20.52381726], [85.8109775, 20.52381726], [85.8109775, 20.52202063]], [[85.81115716, 20.52381726], [85.81137613, 20.52387884], [85.81121875, 20.52403622], [85.81115716, 20.52381726]], [[85.81115716, 20.52130198], [85.81121875, 20.52108301], [85.81137613, 20.52124039], [85.81115716, 20.52130198]], [[85.81115716, 20.52130198], [85.81108523, 20.52171025], [85.81092364, 20.52140198], [85.81115716, 20.52130198]], [[85.81313346, 20.52112231], [85.81319504, 20.52090335], [85.81335242, 20.52106073], [85.81313346, 20.52112231]], [[85.81313346, 20.52112231], [85.81307187, 20.52134128], [85.81291449, 20.5211839], [85.81313346, 20.52112231]], [[85.81187582, 20.52094265], [85.81181423, 20.52116161], [85.81165685, 20.52100423], [85.81187582, 20.52094265]], [[85.81241481, 20.52094265], [85.81231725, 20.52117074], [85.81200162, 20.52101546], [85.81241481, 20.52094265]], [[85.8143911, 20.51932568], [85.81445268, 20.51910672], [85.81461006, 20.5192641], [85.8143911, 20.51932568]], [[85.8143911, 20.51932568], [85.8143911, 20.51968501], [85.81421144, 20.51968501], [85.81421144, 20.51932568], [85.8143911, 20.51932568]], [[85.81421144, 20.51968501], [85.81421144, 20.520224], [85.81403177, 20.520224], [85.81403177, 20.51968501], [85.81421144, 20.51968501]], [[85.81403177, 20.520224], [85.81397791, 20.5203498], [85.81354665, 20.52045752], [85.81339383, 20.52081457], [85.81325926, 20.52028663], [85.81403177, 20.520224]], [[85.81259447, 20.51878669], [85.81249692, 20.51901478], [85.81218128, 20.51885951], [85.81259447, 20.51878669]]]]}, "geometry_name": "geom", "properties": {"objectid": 832, "id": 1001, "gridcode": 1, "shape_leng": 0.12198537438, "shape_area": 0.00022185497, "from_time": "21-08-2022 06:00", "to_time": "21-08-2022 06:00"}}, {"type": "Feature", "id": "odflood50dsc21082022_0600hrs.834", "geometry": {"type": "MultiPolygon", "coordinates": [[[[85.75097004, 20.51088152], [85.75036526, 20.5109696], [85.75069423, 20.51193511], [85.75157746, 20.51233075], [85.7514406, 20.51148893], [85.75121813, 20.51135208], [85.75097004, 20.51088152]]]]}, "geometry_name": "geom", "properties": {"objectid": 834, "id": 1003, "gridcode": 1, "shape_leng": 0.00424499912, "shape_area": 9.4743e-07, "from_time": "21-08-2022 06:00", "to_time": "21-08-2022 06:00"}}, {"type": "Feature", "id": "odflood50dsc21082022_0600hrs.836", "geometry": {"type": "MultiPolygon", "coordinates": [[[[85.69653213, 20.51052219], [85.69505588, 20.51107838], [85.69475831, 20.51161175], [85.69553732, 20.51271026], [85.69537099, 20.51367296], [85.69508079, 20.5144632], [85.696413, 20.51560417], [85.69713569, 20.51566224], [85.69768082, 20.51489341], [85.6977231, 20.5143667], [85.69706428, 20.51331504], [85.69590998, 20.51279991], [85.6961314, 20.51250919], [85.69697462, 20.51178282], [85.6968083, 20.51078502], [85.6966153, 20.51061869], [85.69653213, 20.51052219]]]]}, "geometry_name": "geom", "properties": {"objectid": 836, "id": 1005, "gridcode": 1, "shape_leng": 0.01468085993, "shape_area": 8.18139e-06, "from_time": "21-08-2022 06:00", "to_time": "21-08-2022 06:00"}}, {"type": "Feature", "id": "odflood50dsc21082022_0600hrs.837", "geometry": {"type": "MultiPolygon", "coordinates": [[[[85.7594142, 20.51088152], [85.75949737, 20.51097802], [85.75995214, 20.51118102], [85.76039568, 20.51227198], [85.75997618, 20.51263341], [85.75878538, 20.51253779], [85.75793181, 20.51260639], [85.75826833, 20.51446232], [85.76029427, 20.51536643], [85.76137944, 20.51621614], [85.76325099, 20.51725289], [85.76431686, 20.51641809], [85.76544801, 20.51607754], [85.76578558, 20.51523326], [85.76500762, 20.51529572], [85.7651064, 20.5140658], [85.76441828, 20.51283237], [85.76335346, 20.51251182], [85.76310396, 20.51168333], [85.76275236, 20.5113805], [85.76201265, 20.51115768], [85.76100906, 20.51044605], [85.76004969, 20.51079835], [85.7594142, 20.51088152]], [[85.76228881, 20.51465444], [85.76228881, 20.51519343], [85.76192949, 20.51519343], [85.76192949, 20.51465444], [85.76228881, 20.51465444]]]]}, "geometry_name": "geom", "properties": {"objectid": 837, "id": 1006, "gridcode": 1, "shape_leng": 0.02680512668, "shape_area": 2.834519e-05, "from_time": "21-08-2022 06:00", "to_time": "21-08-2022 06:00"}}, {"type": "Feature", "id": "odflood50dsc21082022_0600hrs.838", "geometry": {"type": "MultiPolygon", "coordinates": [[[[85.8309201, 20.50980354], [85.83056077, 20.50980354], [85.83056077, 20.51034253], [85.8309201, 20.51034253], [85.8309201, 20.50980354]]]]}, "geometry_name": "geom", "properties": {"objectid": 838, "id": 1007, "gridcode": 1, "shape_leng": 0.00179663057, "shape_area": 1.9367e-07, "from_time": "21-08-2022 06:00", "to_time": "21-08-2022 06:00"}}, {"type": "Feature", "id": "odflood50dsc21082022_0600hrs.839", "geometry": {"type": "MultiPolygon", "coordinates": [[[[85.75869555, 20.50962388], [85.75825639, 20.5097495], [85.75857256, 20.51005391], [85.75869555, 20.50962388]]]]}, "geometry_name": "geom", "properties": {"objectid": 839, "id": 1008, "gridcode": 1, "shape_leng": 0.00134293837, "shape_area": 8.67e-08, "from_time": "21-08-2022 06:00", "to_time": "21-08-2022 06:00"}}, {"type": "Feature", "id": "odflood50dsc21082022_0600hrs.840", "geometry": {"type": "MultiPolygon", "coordinates": [[[[85.7594142, 20.51088152], [85.75967054, 20.50979687], [85.75917085, 20.50965212], [85.75897943, 20.51076361], [85.7594142, 20.51088152]]]]}, "geometry_name": "geom", "properties": {"objectid": 840, "id": 1009, "gridcode": 1, "shape_leng": 0.0032130808, "shape_area": 5.4245e-07, "from_time": "21-08-2022 06:00", "to_time": "21-08-2022 06:00"}}, {"type": "Feature", "id": "odflood50dsc21082022_0600hrs.841", "geometry": {"type": "MultiPolygon", "coordinates": [[[[85.76246848, 20.50962388], [85.76185773, 20.50971774], [85.76254532, 20.51022831], [85.7628278, 20.50980354], [85.76246848, 20.50980354], [85.76246848, 20.50962388]]]]}, "geometry_name": "geom", "properties": {"objectid": 841, "id": 1010, "gridcode": 1, "shape_leng": 0.00252345739, "shape_area": 2.576e-07, "from_time": "21-08-2022 06:00", "to_time": "21-08-2022 06:00"}}, {"type": "Feature", "id": "odflood50dsc21082022_0600hrs.843", "geometry": {"type": "MultiPolygon", "coordinates": [[[[85.77037365, 20.50944421], [85.76970167, 20.50953405], [85.76884529, 20.50999952], [85.76810119, 20.51083222], [85.76777362, 20.51185493], [85.76961254, 20.51207021], [85.77000415, 20.51250866], [85.77046032, 20.51291624], [85.77063806, 20.51349172], [85.77083527, 20.51366787], [85.77032031, 20.51390438], [85.76848912, 20.51366086], [85.76809154, 20.51368454], [85.76815313, 20.51471778], [85.76802435, 20.51491885], [85.76775924, 20.51377946], [85.76735693, 20.51349172], [85.76652528, 20.51394351], [85.76699391, 20.51524958], [85.76668547, 20.51581716], [85.76651598, 20.51618667], [85.7661163, 20.51675864], [85.76616367, 20.51755361], [85.76717252, 20.5170055], [85.76744377, 20.51730886], [85.7673771, 20.51842737], [85.76741798, 20.51911461], [85.76848719, 20.51905075], [85.76895529, 20.51907882], [85.76841894, 20.52006574], [85.7674929, 20.51973361], [85.76639913, 20.51896951], [85.76612701, 20.51927392], [85.76615981, 20.51982344], [85.76690356, 20.52088826], [85.76785275, 20.52083176], [85.76989046, 20.52225503], [85.77017662, 20.52378813], [85.76969676, 20.52467118], [85.77028891, 20.52551897], [85.77047331, 20.52592093], [85.77093685, 20.52633517], [85.77254803, 20.52695452], [85.77471434, 20.52612095], [85.77565108, 20.5271691], [85.77641342, 20.52836796], [85.77744016, 20.52860693], [85.77806881, 20.52856938], [85.77872974, 20.52821023], [85.7789787, 20.52848885], [85.77854271, 20.52911311], [85.77855586, 20.52933242], [85.77897941, 20.52971087], [85.78034495, 20.52962946], [85.78051953, 20.53038005], [85.78075656, 20.5307292], [85.78143995, 20.53035794], [85.78139608, 20.53109361], [85.7814317, 20.53168945], [85.78255319, 20.53234617], [85.78340291, 20.53188455], [85.78393312, 20.53125748], [85.78357415, 20.53127889], [85.7831964, 20.53068498], [85.78285514, 20.53038005], [85.78268425, 20.53000739], [85.78214667, 20.53020039], [85.78160768, 20.53032268], [85.78214667, 20.52984106], [85.78277988, 20.52913241], [85.78375346, 20.52948173], [85.78430263, 20.52965122], [85.78447211, 20.52984106], [85.78466195, 20.53001055], [85.78501461, 20.53115256], [85.78690774, 20.53103975], [85.78751182, 20.53136802], [85.78770956, 20.53200807], [85.78816977, 20.5319807], [85.78788571, 20.53145803], [85.78771622, 20.53086991], [85.78857717, 20.52963736], [85.78943811, 20.528868], [85.78999008, 20.52825041], [85.78877402, 20.52787477], [85.78842979, 20.52748965], [85.78825521, 20.5276851], [85.78752638, 20.52785459], [85.78684282, 20.5282262], [85.78648297, 20.52820462], [85.78561273, 20.52843779], [85.78507321, 20.52814461], [85.78484161, 20.52840375], [85.78465178, 20.52857324], [85.78438737, 20.52886923], [85.78412296, 20.52857324], [85.78393312, 20.52840375], [85.78367837, 20.52784845], [85.78252477, 20.52791723], [85.78232633, 20.52632815], [85.78314973, 20.52588847], [85.78465178, 20.52642746], [85.78520094, 20.52659695], [85.78559746, 20.52704067], [85.78551289, 20.52562284], [85.78575853, 20.52493822], [85.78738164, 20.52503507], [85.787339, 20.52431993], [85.7869402, 20.52373251], [85.78645858, 20.5242715], [85.78624067, 20.52444099], [85.78540429, 20.52350495], [85.78520094, 20.52373251], [85.78386698, 20.52428887], [85.78277391, 20.52422378], [85.78232633, 20.52198887], [85.78322465, 20.52157656], [85.78339413, 20.52138672], [85.78415103, 20.52085791], [85.78449983, 20.52124829], [85.78530586, 20.52120021], [85.78604399, 20.51959219], [85.78682019, 20.51889863], [85.78659789, 20.51638317], [85.78681791, 20.51618667], [85.7869874, 20.51575084], [85.78672299, 20.51501377], [85.78734672, 20.51513027], [85.78717723, 20.51654599], [85.78681791, 20.51686707], [85.78700371, 20.51868142], [85.78759358, 20.51871669], [85.79016203, 20.51726464], [85.79041117, 20.51743413], [85.790654, 20.51796347], [85.79166881, 20.51815278], [85.79273661, 20.51906128], [85.79364037, 20.51963588], [85.7952047, 20.52138672], [85.79565701, 20.52120267], [85.79739487, 20.52023137], [85.79758892, 20.51795786], [85.79866374, 20.51746449], [85.79869076, 20.51700954], [85.79839109, 20.5147555], [85.79940853, 20.51469497], [85.80091549, 20.51509851], [85.80083163, 20.51455952], [85.80059301, 20.51412054], [85.80065758, 20.51303747], [85.80063073, 20.51258832], [85.80065249, 20.51222513], [85.80028246, 20.51133576], [85.80000665, 20.51044236], [85.79942064, 20.51040745], [85.79872287, 20.5107866], [85.79829248, 20.51047868], [85.79832705, 20.50989846], [85.79655621, 20.51022515], [85.79606354, 20.51066536], [85.79569316, 20.51186458], [85.79522277, 20.51168386], [85.79479432, 20.51120435], [85.79381459, 20.51097644], [85.79297347, 20.51075116], [85.79189093, 20.51081555], [85.79111105, 20.51053588], [85.78969778, 20.51112364], [85.78888456, 20.51117207], [85.78764797, 20.51030832], [85.78623049, 20.5097188], [85.78495057, 20.50989671], [85.78340782, 20.51127506], [85.78336711, 20.5119595], [85.78341431, 20.51275201], [85.78304498, 20.51295273], [85.78231616, 20.51312222], [85.78102027, 20.51366121], [85.7805297, 20.51340206], [85.7810915, 20.51237374], [85.78195683, 20.51197652], [85.78162803, 20.51141121], [85.78081481, 20.51111943], [85.77974789, 20.51186458], [85.77944155, 20.51151543], [85.77897677, 20.51050254], [85.77781791, 20.51014479], [85.77669361, 20.50935947], [85.77602795, 20.50970862], [85.77470013, 20.51052956], [85.77342792, 20.51087029], [85.77262189, 20.51024568], [85.77187131, 20.51044675], [85.77121354, 20.51040745], [85.77061139, 20.51073466], [85.7702375, 20.5104006], [85.77028891, 20.50953913], [85.77037365, 20.50944421]], [[85.78672299, 20.51501377], [85.78570537, 20.51495341], [85.78546535, 20.51483411], [85.7855257, 20.5147148], [85.78651069, 20.51459409], [85.78672299, 20.51501377]], [[85.78546535, 20.51483411], [85.7853871, 20.51493552], [85.78466125, 20.51523256], [85.78422279, 20.51630422], [85.78440369, 20.51752905], [85.78422683, 20.51872616], [85.78332887, 20.51904461], [85.78312973, 20.51878669], [85.78375609, 20.51867247], [85.78393154, 20.51581559], [85.78412454, 20.51564926], [85.78444176, 20.5149385], [85.78546535, 20.51483411]], [[85.78312973, 20.51878669], [85.78267882, 20.51869862], [85.78250266, 20.51833578], [85.78231949, 20.51815963], [85.78214334, 20.51796593], [85.78252143, 20.51760274], [85.78285848, 20.51688795], [85.78249915, 20.51654266], [85.782323, 20.51635949], [85.78148592, 20.51615544], [85.78301375, 20.51618649], [85.7832178, 20.5174515], [85.78285848, 20.51779679], [85.78268232, 20.51834982], [85.78304165, 20.51869511], [85.78312973, 20.51878669]], [[85.7958858, 20.51878669], [85.79580896, 20.51937867], [85.79564421, 20.5189139], [85.7958858, 20.51878669]], [[85.79175355, 20.51716973], [85.79175355, 20.51752905], [85.7910349, 20.51752905], [85.7910349, 20.51716973], [85.79175355, 20.51716973]], [[85.7930112, 20.51411545], [85.79309278, 20.51421353], [85.79334403, 20.51442249], [85.79402952, 20.51553363], [85.79442411, 20.51586138], [85.79490239, 20.5158126], [85.7954284, 20.51601016], [85.79613846, 20.5162186], [85.79632672, 20.51722569], [85.79553332, 20.51743097], [85.79482818, 20.51702708], [85.79375652, 20.51742975], [85.79382968, 20.51671232], [85.79168811, 20.51653722], [85.79185847, 20.51486569], [85.79221096, 20.51457286], [85.79237413, 20.51419704], [85.7930112, 20.51411545]], [[85.77001432, 20.51860703], [85.77008766, 20.51871335], [85.77105897, 20.51936744], [85.77081614, 20.51975835], [85.77012065, 20.51921936], [85.76954867, 20.51907268], [85.769402, 20.51870353], [85.77001432, 20.51860703]], [[85.77953647, 20.52579355], [85.77946962, 20.52626569], [85.77917275, 20.52657905], [85.77893063, 20.52587935], [85.77953647, 20.52579355]], [[85.77773984, 20.52327827], [85.77784441, 20.5235697], [85.77779352, 20.52442274], [85.77835866, 20.52546247], [85.77777738, 20.5258783], [85.77666923, 20.52527614], [85.77603812, 20.52439379], [85.77716681, 20.5233853], [85.77773984, 20.52327827]], [[85.78151276, 20.52417658], [85.7816733, 20.52455889], [85.78140047, 20.52497787], [85.78038741, 20.52514824], [85.7805497, 20.5244238], [85.78151276, 20.52417658]], [[85.77127197, 20.52417658], [85.77127197, 20.52489524], [85.77091264, 20.52489524], [85.77091264, 20.52417658], [85.77127197, 20.52417658]], [[85.77432624, 20.52327827], [85.77424764, 20.52397008], [85.77374444, 20.52385726], [85.77353425, 20.52348144], [85.77432624, 20.52327827]], [[85.77881781, 20.52309861], [85.77881781, 20.52345793], [85.77827882, 20.52345793], [85.77827882, 20.52309861], [85.77881781, 20.52309861]], [[85.77037365, 20.52130198], [85.77031329, 20.52178061], [85.76980729, 20.52190132], [85.77007012, 20.52136321], [85.77037365, 20.52130198]], [[85.78169242, 20.51842737], [85.78162049, 20.51883564], [85.7814589, 20.51852737], [85.78169242, 20.51842737]], [[85.77252961, 20.51519343], [85.77314088, 20.51604332], [85.77243556, 20.51672109], [85.77297701, 20.51698392], [85.77273103, 20.51712042], [85.77175621, 20.51678689], [85.77091264, 20.51722148], [85.77028557, 20.51689848], [85.76938375, 20.51672232], [85.76820278, 20.51582629], [85.7671513, 20.51653915], [85.76730289, 20.51547065], [85.76806645, 20.51545503], [85.7692076, 20.51564083], [85.77131425, 20.51600016], [85.77190254, 20.51564434], [85.77252961, 20.51519343]], [[85.77468556, 20.51663074], [85.7746024, 20.51617491], [85.77370672, 20.51503114], [85.77407832, 20.51436495], [85.77446116, 20.51439583], [85.77548738, 20.51401895], [85.77602637, 20.51392807], [85.77530772, 20.51437828], [85.77505822, 20.51466778], [85.77465661, 20.51501377], [85.77496173, 20.5152766], [85.77524122, 20.51560101], [85.77633481, 20.51581559], [85.77620498, 20.51419932], [85.77644377, 20.51403229], [85.77674502, 20.51600858], [85.77780212, 20.51624878], [85.77881781, 20.51616719], [85.77910819, 20.51619053], [85.77907959, 20.51654705], [85.7794533, 20.5167139], [85.77953647, 20.5168104], [85.77898572, 20.51694058], [85.77773159, 20.5165674], [85.77662063, 20.51675864], [85.77570389, 20.51639002], [85.77468556, 20.51663074]], [[85.77953647, 20.5168104], [85.78058883, 20.51668127], [85.7810636, 20.51672969], [85.78156504, 20.51667863], [85.78077744, 20.51733272], [85.78040513, 20.51778118], [85.7800251, 20.51796996], [85.77981421, 20.51725131], [85.77953647, 20.5168104]], [[85.77468556, 20.51663074], [85.77468556, 20.5168104], [85.7745059, 20.5168104], [85.7745059, 20.51663074], [85.77468556, 20.51663074]], [[85.7745059, 20.5168104], [85.77432747, 20.51705042], [85.77299192, 20.51689567], [85.7745059, 20.5168104]], [[85.78025512, 20.51375613], [85.78039794, 20.51412773], [85.78014511, 20.51569593], [85.77957261, 20.51562469], [85.77978842, 20.51388947], [85.78025512, 20.51375613]], [[85.77342792, 20.51357646], [85.77332563, 20.51417862], [85.77252978, 20.51479305], [85.77209203, 20.51463286], [85.77267365, 20.51366858], [85.77342792, 20.51357646]], [[85.78456703, 20.51447478], [85.78446948, 20.51470287], [85.78415384, 20.51454759], [85.78456703, 20.51447478]]]]}, "geometry_name": "geom", "properties": {"objectid": 843, "id": 1013, "gridcode": 1, "shape_leng": 0.305317793, "shape_area": 0.00038500373, "from_time": "21-08-2022 06:00", "to_time": "21-08-2022 06:00"}}, {"type": "Feature", "id": "odflood50dsc21082022_0600hrs.844", "geometry": {"type": "MultiPolygon", "coordinates": [[[[85.87206294, 20.50944421], [85.86972715, 20.50957615], [85.86820369, 20.51005847], [85.86845108, 20.51059869], [85.8700405, 20.51085187], [85.87063932, 20.51140682], [85.87159448, 20.51243778], [85.87352744, 20.51294413], [85.87395291, 20.51277149], [85.87462858, 20.51241374], [85.87607729, 20.5120688], [85.87646118, 20.51171299], [85.87628853, 20.51132717], [85.87572463, 20.51106118], [85.87576937, 20.50993267], [85.8742089, 20.50966107], [85.8730546, 20.51050781], [85.87322724, 20.5107952], [85.87376623, 20.51157841], [85.87320706, 20.51204582], [85.87230752, 20.51186879], [85.87234279, 20.510981], [85.87214926, 20.51061553], [85.87206294, 20.50944421]]]]}, "geometry_name": "geom", "properties": {"objectid": 844, "id": 1014, "gridcode": 1, "shape_leng": 0.02419667697, "shape_area": 1.448817e-05, "from_time": "21-08-2022 06:00", "to_time": "21-08-2022 06:00"}}, {"type": "Feature", "id": "odflood50dsc21082022_0600hrs.845", "geometry": {"type": "MultiPolygon", "coordinates": [[[[85.77037365, 20.50944421], [85.77085649, 20.50968423], [85.77085088, 20.5092042], [85.77043401, 20.50932491], [85.77037365, 20.50944421]]]]}, "geometry_name": "geom", "properties": {"objectid": 845, "id": 1015, "gridcode": 1, "shape_leng": 0.00158698489, "shape_area": 1.3644e-07, "from_time": "21-08-2022 06:00", "to_time": "21-08-2022 06:00"}}, {"type": "Feature", "id": "odflood50dsc21082022_0600hrs.846", "geometry": {"type": "MultiPolygon", "coordinates": [[[[85.67964381, 20.50908489], [85.67870321, 20.50917472], [85.67848758, 20.51044394], [85.67777594, 20.51132454], [85.67750575, 20.51201161], [85.67760786, 20.51270236], [85.6774096, 20.51295922], [85.67678358, 20.51344242], [85.67716046, 20.51436319], [85.67757768, 20.51442478], [85.67853688, 20.51428301], [85.68004226, 20.51472199], [85.68079618, 20.51414002], [85.6812327, 20.51247673], [85.68223734, 20.51203775], [85.68313478, 20.5117879], [85.68331532, 20.51113943], [85.68367465, 20.51022533], [85.68336497, 20.50954563], [85.68247122, 20.50978336], [85.6817766, 20.51031937], [85.68142096, 20.51078011], [85.68083583, 20.51057255], [85.68058037, 20.50965493], [85.67995243, 20.50974775], [85.67972206, 20.50936596], [85.67964381, 20.50908489]]]]}, "geometry_name": "geom", "properties": {"objectid": 846, "id": 1016, "gridcode": 1, "shape_leng": 0.02230291786, "shape_area": 2.102188e-05, "from_time": "21-08-2022 06:00", "to_time": "21-08-2022 06:00"}}, {"type": "Feature", "id": "odflood50dsc21082022_0600hrs.847", "geometry": {"type": "MultiPolygon", "coordinates": [[[[85.83343538, 20.50908489], [85.83302219, 20.5091577], [85.83333783, 20.50931298], [85.83343538, 20.50908489]]]]}, "geometry_name": "geom", "properties": {"objectid": 847, "id": 1017, "gridcode": 1, "shape_leng": 0.00101939394, "shape_area": 4.357e-08, "from_time": "21-08-2022 06:00", "to_time": "21-08-2022 06:00"}}, {"type": "Feature", "id": "odflood50dsc21082022_0600hrs.848", "geometry": {"type": "MultiPolygon", "coordinates": [[[[85.74540049, 20.5085459], [85.74494133, 20.50862573], [85.74406301, 20.50918472], [85.74352402, 20.50941176], [85.74404301, 20.51044236], [85.74449392, 20.51063238], [85.74470815, 20.51235409], [85.74389704, 20.51284676], [85.74386107, 20.51313625], [85.744582, 20.51344014], [85.74442234, 20.51385596], [85.74172739, 20.51424424], [85.74188706, 20.51475427], [85.74225691, 20.51505044], [85.74245956, 20.51598648], [85.74377141, 20.51621474], [85.74422267, 20.51698252], [85.74395581, 20.51776223], [85.7431647, 20.51798821], [85.74145755, 20.51823665], [85.74063134, 20.51926831], [85.73976163, 20.51916023], [85.73971162, 20.51956219], [85.74015569, 20.51982309], [85.74100365, 20.51958096], [85.74201549, 20.52043156], [85.74334436, 20.52014417], [85.74422267, 20.51958518], [85.74500221, 20.51936235], [85.74601931, 20.5185072], [85.74726589, 20.51823753], [85.74735801, 20.51749677], [85.74666567, 20.51708989], [85.74568086, 20.51733325], [85.74546575, 20.51832753], [85.74487448, 20.51814734], [85.74498484, 20.51725956], [85.74490764, 20.51663916], [85.74530065, 20.51599191], [85.74615581, 20.51497482], [85.74640407, 20.51410668], [85.74764768, 20.51426125], [85.74997189, 20.51397071], [85.74981223, 20.51347663], [85.74913762, 20.5131924], [85.74869723, 20.51244322], [85.74907358, 20.51146384], [85.74845107, 20.51086134], [85.74726642, 20.51036218], [85.7457342, 20.50913612], [85.74540049, 20.5085459]]]]}, "geometry_name": "geom", "properties": {"objectid": 848, "id": 1018, "gridcode": 1, "shape_leng": 0.04962465263, "shape_area": 4.131451e-05, "from_time": "21-08-2022 06:00", "to_time": "21-08-2022 06:00"}}, {"type": "Feature", "id": "odflood50dsc21082022_0600hrs.849", "geometry": {"type": "MultiPolygon", "coordinates": [[[[85.68539302, 20.50800691], [85.68461823, 20.5081385], [85.68455436, 20.50857011], [85.68514388, 20.50933403], [85.68599658, 20.50999215], [85.68603518, 20.5102527], [85.68598623, 20.5105836], [85.68644539, 20.51134506], [85.68629222, 20.51238216], [85.68688332, 20.51246954], [85.6870986, 20.51144981], [85.68758355, 20.51107539], [85.68765285, 20.51060676], [85.68740651, 20.50998004], [85.68751758, 20.50922858], [85.6870714, 20.50895944], [85.68612185, 20.5090998], [85.6858292, 20.50838466], [85.68547128, 20.50810832], [85.68539302, 20.50800691]]]]}, "geometry_name": "geom", "properties": {"objectid": 849, "id": 1019, "gridcode": 1, "shape_leng": 0.01279275721, "shape_area": 5.71842e-06, "from_time": "21-08-2022 06:00", "to_time": "21-08-2022 06:00"}}, {"type": "Feature", "id": "odflood50dsc21082022_0600hrs.850", "geometry": {"type": "MultiPolygon", "coordinates": [[[[85.73354272, 20.50800691], [85.73276793, 20.5081385], [85.73265143, 20.50892663], [85.73334148, 20.5093428], [85.73396942, 20.50867117], [85.73354272, 20.50800691]]]]}, "geometry_name": "geom", "properties": {"objectid": 850, "id": 1020, "gridcode": 1, "shape_leng": 0.00409738534, "shape_area": 1.1523e-06, "from_time": "21-08-2022 06:00", "to_time": "21-08-2022 06:00"}}, {"type": "Feature", "id": "odflood50dsc21082022_0600hrs.851", "geometry": {"type": "MultiPolygon", "coordinates": [[[[85.80720458, 20.50746792], [85.80659874, 20.50758618], [85.81104242, 20.51177861], [85.81332505, 20.51276623], [85.81291344, 20.51197283], [85.81195073, 20.51150578], [85.81160808, 20.51114926], [85.81114997, 20.51070905], [85.81070976, 20.51025094], [85.81016007, 20.50972266], [85.80950054, 20.50903629], [85.80873347, 20.50845431], [85.80837063, 20.50827816], [85.8080185, 20.50791164], [85.80729265, 20.50755951], [85.80720458, 20.50746792]]]]}, "geometry_name": "geom", "properties": {"objectid": 851, "id": 1021, "gridcode": 1, "shape_leng": 0.01746517214, "shape_area": 6.03755e-06, "from_time": "21-08-2022 06:00", "to_time": "21-08-2022 06:00"}}, {"type": "Feature", "id": "odflood50dsc21082022_0600hrs.853", "geometry": {"type": "MultiPolygon", "coordinates": [[[[85.74396318, 20.50692893], [85.74334594, 20.50740546], [85.74350929, 20.50813867], [85.7441167, 20.50731931], [85.74396318, 20.50692893]]]]}, "geometry_name": "geom", "properties": {"objectid": 853, "id": 1023, "gridcode": 1, "shape_leng": 0.00297041272, "shape_area": 4.4666e-07, "from_time": "21-08-2022 06:00", "to_time": "21-08-2022 06:00"}}, {"type": "Feature", "id": "odflood50dsc21082022_0600hrs.854", "geometry": {"type": "MultiPolygon", "coordinates": [[[[85.78241108, 20.50692893], [85.78178401, 20.5070514], [85.78283549, 20.5073437], [85.78249915, 20.50702052], [85.78241108, 20.50692893]]]]}, "geometry_name": "geom", "properties": {"objectid": 854, "id": 1025, "gridcode": 1, "shape_leng": 0.0023237834, "shape_area": 1.5486e-07, "from_time": "21-08-2022 06:00", "to_time": "21-08-2022 06:00"}}, {"type": "Feature", "id": "odflood50dsc21082022_0600hrs.855", "geometry": {"type": "MultiPolygon", "coordinates": [[[[85.78151276, 20.50674927], [85.78109957, 20.50682208], [85.78141521, 20.50697736], [85.78151276, 20.50674927]]]]}, "geometry_name": "geom", "properties": {"objectid": 855, "id": 1026, "gridcode": 1, "shape_leng": 0.00101939394, "shape_area": 4.357e-08, "from_time": "21-08-2022 06:00", "to_time": "21-08-2022 06:00"}}, {"type": "Feature", "id": "odflood50dsc21082022_0600hrs.856", "geometry": {"type": "MultiPolygon", "coordinates": [[[[85.78043478, 20.50638994], [85.78021582, 20.50645153], [85.7803732, 20.50660891], [85.78043478, 20.50638994]]]]}, "geometry_name": "geom", "properties": {"objectid": 856, "id": 1027, "gridcode": 1, "shape_leng": 0.00067748933, "shape_area": 2.208e-08, "from_time": "21-08-2022 06:00", "to_time": "21-08-2022 06:00"}}, {"type": "Feature", "id": "odflood50dsc21082022_0600hrs.857", "geometry": {"type": "MultiPolygon", "coordinates": [[[[85.69940674, 20.50585095], [85.69896759, 20.50597658], [85.69928375, 20.50628099], [85.69940674, 20.50585095]]]]}, "geometry_name": "geom", "properties": {"objectid": 857, "id": 1028, "gridcode": 1, "shape_leng": 0.00134293837, "shape_area": 8.67e-08, "from_time": "21-08-2022 06:00", "to_time": "21-08-2022 06:00"}}, {"type": "Feature", "id": "odflood50dsc21082022_0600hrs.859", "geometry": {"type": "MultiPolygon", "coordinates": [[[[85.74360385, 20.50567129], [85.74303328, 20.50574112], [85.74282643, 20.5061315], [85.7435328, 20.50625239], [85.74360385, 20.50567129]]]]}, "geometry_name": "geom", "properties": {"objectid": 859, "id": 1030, "gridcode": 1, "shape_leng": 0.00231869457, "shape_area": 3.1368e-07, "from_time": "21-08-2022 06:00", "to_time": "21-08-2022 06:00"}}, {"type": "Feature", "id": "odflood50dsc21082022_0600hrs.860", "geometry": {"type": "MultiPolygon", "coordinates": [[[[85.69725079, 20.50549163], [85.6965774, 20.50560602], [85.69591489, 20.5064996], [85.6964495, 20.50677208], [85.6971213, 20.50625344], [85.69725079, 20.50549163]]]]}, "geometry_name": "geom", "properties": {"objectid": 860, "id": 1031, "gridcode": 1, "shape_leng": 0.00401690258, "shape_area": 9.3672e-07, "from_time": "21-08-2022 06:00", "to_time": "21-08-2022 06:00"}}, {"type": "Feature", "id": "odflood50dsc21082022_0600hrs.861", "geometry": {"type": "MultiPolygon", "coordinates": [[[[85.74019026, 20.50549163], [85.73976724, 20.50558269], [85.7399655, 20.50590166], [85.74019026, 20.50549163]]]]}, "geometry_name": "geom", "properties": {"objectid": 861, "id": 1032, "gridcode": 1, "shape_leng": 0.00127586242, "shape_area": 7.649e-08, "from_time": "21-08-2022 06:00", "to_time": "21-08-2022 06:00"}}, {"type": "Feature", "id": "odflood50dsc21082022_0600hrs.862", "geometry": {"type": "MultiPolygon", "coordinates": [[[[85.60454465, 20.50477297], [85.60303629, 20.50489912], [85.6029819, 20.50557479], [85.60441832, 20.50519248], [85.60454465, 20.50477297]]]]}, "geometry_name": "geom", "properties": {"objectid": 862, "id": 1033, "gridcode": 1, "shape_leng": 0.0041160278, "shape_area": 7.8329e-07, "from_time": "21-08-2022 06:00", "to_time": "21-08-2022 06:00"}}, {"type": "Feature", "id": "odflood50dsc21082022_0600hrs.863", "geometry": {"type": "MultiPolygon", "coordinates": [[[[85.76246848, 20.50962388], [85.7628278, 20.50962388], [85.7628278, 20.50980354], [85.76372647, 20.51003408], [85.76426511, 20.51106118], [85.76516342, 20.51106118], [85.76526922, 20.51094714], [85.76606788, 20.51097872], [85.76686671, 20.51042885], [85.76766362, 20.51023919], [85.76797364, 20.50925999], [85.77010065, 20.50800937], [85.76981957, 20.50756126], [85.76938199, 20.50773391], [85.76870299, 20.50809323], [85.76848368, 20.50792059], [85.76826173, 20.50698823], [85.76597541, 20.50593728], [85.76524974, 20.50576463], [85.76442407, 20.50547513], [85.76157893, 20.50468665], [85.76065114, 20.50575673], [85.76022742, 20.50696595], [85.76148384, 20.50845256], [85.76183615, 20.50899857], [85.76202283, 20.50917121], [85.76219547, 20.50935789], [85.76238215, 20.50953054], [85.76246848, 20.50962388]]]]}, "geometry_name": "geom", "properties": {"objectid": 863, "id": 1034, "gridcode": 1, "shape_leng": 0.02604161478, "shape_area": 3.475282e-05, "from_time": "21-08-2022 06:00", "to_time": "21-08-2022 06:00"}}, {"type": "Feature", "id": "odflood50dsc21082022_0600hrs.864", "geometry": {"type": "MultiPolygon", "coordinates": [[[[85.7730686, 20.50441365], [85.7731686, 20.50464718], [85.77347687, 20.50448558], [85.7730686, 20.50441365]]]]}, "geometry_name": "geom", "properties": {"objectid": 864, "id": 1035, "gridcode": 1, "shape_leng": 0.00101666061, "shape_area": 4.407e-08, "from_time": "21-08-2022 06:00", "to_time": "21-08-2022 06:00"}}, {"type": "Feature", "id": "odflood50dsc21082022_0600hrs.865", "geometry": {"type": "MultiPolygon", "coordinates": [[[[85.70551529, 20.503695], [85.70490945, 20.50378079], [85.70508946, 20.50430083], [85.70569004, 20.50407713], [85.70551529, 20.503695]]]]}, "geometry_name": "geom", "properties": {"objectid": 865, "id": 1036, "gridcode": 1, "shape_leng": 0.00222327517, "shape_area": 2.9955e-07, "from_time": "21-08-2022 06:00", "to_time": "21-08-2022 06:00"}}, {"type": "Feature", "id": "odflood50dsc21082022_0600hrs.866", "geometry": {"type": "MultiPolygon", "coordinates": [[[[85.69940674, 20.50333567], [85.69898706, 20.50354797], [85.69914041, 20.50411468], [85.69934639, 20.50399397], [85.69940674, 20.50333567]]]]}, "geometry_name": "geom", "properties": {"objectid": 866, "id": 1037, "gridcode": 1, "shape_leng": 0.00195721585, "shape_area": 1.9935e-07, "from_time": "21-08-2022 06:00", "to_time": "21-08-2022 06:00"}}, {"type": "Feature", "id": "odflood50dsc21082022_0600hrs.867", "geometry": {"type": "MultiPolygon", "coordinates": [[[[85.69832876, 20.50243735], [85.69790908, 20.5025221], [85.69806681, 20.5030367], [85.69855054, 20.50288353], [85.69832876, 20.50243735]]]]}, "geometry_name": "geom", "properties": {"objectid": 867, "id": 1038, "gridcode": 1, "shape_leng": 0.00197202878, "shape_area": 2.3956e-07, "from_time": "21-08-2022 06:00", "to_time": "21-08-2022 06:00"}}, {"type": "Feature", "id": "odflood50dsc21082022_0600hrs.868", "geometry": {"type": "MultiPolygon", "coordinates": [[[[85.74450217, 20.50243735], [85.74422601, 20.50252052], [85.74345911, 20.50280212], [85.74226305, 20.50379149], [85.74155282, 20.50423627], [85.74053555, 20.50449681], [85.7393537, 20.5035713], [85.73870733, 20.50362324], [85.73849013, 20.50504914], [85.73829713, 20.50539513], [85.7381308, 20.50578516], [85.73973443, 20.50562971], [85.73914684, 20.50480087], [85.73977794, 20.50433048], [85.74045379, 20.50540951], [85.74081908, 20.50538021], [85.74119928, 20.50541074], [85.74114858, 20.50604255], [85.74150597, 20.50734861], [85.74096593, 20.50831658], [85.74101997, 20.50899032], [85.742708, 20.50996355], [85.74223621, 20.51080923], [85.74226866, 20.51121505], [85.74316084, 20.51114329], [85.74332769, 20.51147999], [85.74242938, 20.51204266], [85.74175055, 20.51252393], [85.74213743, 20.51321749], [85.74319189, 20.51292905], [85.74351981, 20.51295536], [85.7437672, 20.51266832], [85.74404635, 20.51204266], [85.74435146, 20.51177983], [85.74404635, 20.51151701], [85.74388002, 20.51078502], [85.74351753, 20.51047271], [85.74334103, 20.5098867], [85.74314803, 20.50972038], [85.742981, 20.50790322], [85.74262062, 20.50810429], [85.74230165, 20.50807867], [85.74263518, 20.50717053], [85.74260132, 20.50674927], [85.74262518, 20.50645065], [85.74215322, 20.50604395], [85.7416316, 20.50543846], [85.74211286, 20.5050237], [85.74353701, 20.50513809], [85.74467446, 20.50424732], [85.74536048, 20.50271001], [85.74458533, 20.50253385], [85.74450217, 20.50243735]]]]}, "geometry_name": "geom", "properties": {"objectid": 868, "id": 1039, "gridcode": 1, "shape_leng": 0.04261794732, "shape_area": 2.023565e-05, "from_time": "21-08-2022 06:00", "to_time": "21-08-2022 06:00"}}, {"type": "Feature", "id": "odflood50dsc21082022_0600hrs.869", "geometry": {"type": "MultiPolygon", "coordinates": [[[[85.74504116, 20.50207803], [85.74462797, 20.50215084], [85.74494361, 20.50230612], [85.74504116, 20.50207803]]]]}, "geometry_name": "geom", "properties": {"objectid": 869, "id": 1040, "gridcode": 1, "shape_leng": 0.00101939394, "shape_area": 4.357e-08, "from_time": "21-08-2022 06:00", "to_time": "21-08-2022 06:00"}}, {"type": "Feature", "id": "odflood50dsc21082022_0600hrs.870", "geometry": {"type": "MultiPolygon", "coordinates": [[[[85.736597, 20.50189837], [85.73597572, 20.50209505], [85.73573079, 20.50363341], [85.73495827, 20.50449997], [85.73415505, 20.5039473], [85.73354272, 20.50397168], [85.73292847, 20.5039473], [85.73218507, 20.50451734], [85.73220753, 20.50508107], [85.73362922, 20.50502475], [85.73388696, 20.50557111], [85.7354534, 20.50578516], [85.73635838, 20.50574919], [85.73670367, 20.50537653], [85.73667577, 20.50467437], [85.73721038, 20.50366394], [85.73758163, 20.50257175], [85.73668332, 20.50199171], [85.736597, 20.50189837]]]]}, "geometry_name": "geom", "properties": {"objectid": 870, "id": 1041, "gridcode": 1, "shape_leng": 0.0162913271, "shape_area": 9.24085e-06, "from_time": "21-08-2022 06:00", "to_time": "21-08-2022 06:00"}}, {"type": "Feature", "id": "odflood50dsc21082022_0600hrs.871", "geometry": {"type": "MultiPolygon", "coordinates": [[[[85.72707485, 20.50153904], [85.72633918, 20.50163536], [85.72555438, 20.5037722], [85.72610004, 20.50442523], [85.72779351, 20.5045612], [85.72895377, 20.50446804], [85.72997139, 20.5050358], [85.73056969, 20.50480649], [85.73075128, 20.50341883], [85.73110622, 20.50245209], [85.73029949, 20.50200188], [85.72954978, 20.5019417], [85.7287334, 20.50252052], [85.72742628, 20.50214874], [85.72707485, 20.50153904]]]]}, "geometry_name": "geom", "properties": {"objectid": 871, "id": 1042, "gridcode": 1, "shape_leng": 0.01570701738, "shape_area": 1.256695e-05, "from_time": "21-08-2022 06:00", "to_time": "21-08-2022 06:00"}}, {"type": "Feature", "id": "odflood50dsc21082022_0600hrs.872", "geometry": {"type": "MultiPolygon", "coordinates": [[[[85.70048472, 20.50082039], [85.70006381, 20.50108988], [85.70048472, 20.50135938], [85.70048472, 20.50082039]]]]}, "geometry_name": "geom", "properties": {"objectid": 872, "id": 1044, "gridcode": 1, "shape_leng": 0.00153857393, "shape_area": 1.1343e-07, "from_time": "21-08-2022 06:00", "to_time": "21-08-2022 06:00"}}, {"type": "Feature", "id": "odflood50dsc21082022_0600hrs.874", "geometry": {"type": "MultiPolygon", "coordinates": [[[[85.70048472, 20.50082039], [85.70070369, 20.5007588], [85.70054631, 20.50060142], [85.70048472, 20.50082039]]]]}, "geometry_name": "geom", "properties": {"objectid": 874, "id": 1046, "gridcode": 1, "shape_leng": 0.00067748933, "shape_area": 2.208e-08, "from_time": "21-08-2022 06:00", "to_time": "21-08-2022 06:00"}}, {"type": "Feature", "id": "odflood50dsc21082022_0600hrs.875", "geometry": {"type": "MultiPolygon", "coordinates": [[[[85.70048472, 20.50135938], [85.70056508, 20.50167273], [85.7017864, 20.50205118], [85.70140549, 20.50056739], [85.70091739, 20.50071406], [85.70059105, 20.50128604], [85.70048472, 20.50135938]]]]}, "geometry_name": "geom", "properties": {"objectid": 875, "id": 1047, "gridcode": 1, "shape_leng": 0.00443137973, "shape_area": 1.11743e-06, "from_time": "21-08-2022 06:00", "to_time": "21-08-2022 06:00"}}, {"type": "Feature", "id": "odflood50dsc21082022_0600hrs.876", "geometry": {"type": "MultiPolygon", "coordinates": [[[[85.75186836, 20.50064072], [85.75123445, 20.50108479], [85.75090284, 20.50145588], [85.75060106, 20.50143798], [85.75034631, 20.50199329], [85.749791, 20.50278808], [85.74980767, 20.50306618], [85.74978223, 20.50349112], [85.74796191, 20.50511774], [85.74803192, 20.50629169], [85.74745591, 20.50665786], [85.74837001, 20.50773233], [85.7485395, 20.50810183], [85.74882426, 20.50862555], [85.74916323, 20.50936456], [85.75007558, 20.50994478], [85.75060054, 20.51053237], [85.75158623, 20.5108366], [85.7519531, 20.51241374], [85.75265859, 20.51286237], [85.75437539, 20.5121067], [85.75565391, 20.51105767], [85.75590569, 20.50970862], [85.75609553, 20.50917981], [85.75626501, 20.50827132], [85.75648696, 20.50723264], [85.75565426, 20.50621765], [85.75632239, 20.50594587], [85.75683365, 20.50651785], [85.7568019, 20.50704876], [85.7572286, 20.50783374], [85.75945807, 20.50824991], [85.75967861, 20.50683401], [85.75989108, 20.50563848], [85.76076676, 20.50450857], [85.76093625, 20.50408257], [85.75981687, 20.50327005], [85.75860063, 20.50271194], [85.75839149, 20.50247788], [85.75843957, 20.50167273], [85.75766477, 20.50109497], [85.7571735, 20.50168116], [85.75753283, 20.50234243], [85.75770232, 20.50275317], [85.75572602, 20.50306109], [85.75532248, 20.5032804], [85.75332724, 20.50316145], [85.75173571, 20.50358779], [85.75061019, 20.50377974], [85.75034631, 20.50330584], [85.75250226, 20.50271194], [85.75321074, 20.50221225], [85.75186836, 20.50064072]], [[85.75294633, 20.50692893], [85.75313775, 20.50732212], [85.7527965, 20.50770952], [85.75252507, 20.50715088], [85.75294633, 20.50692893]]]]}, "geometry_name": "geom", "properties": {"objectid": 876, "id": 1048, "gridcode": 1, "shape_leng": 0.05700182322, "shape_area": 8.478728e-05, "from_time": "21-08-2022 06:00", "to_time": "21-08-2022 06:00"}}, {"type": "Feature", "id": "odflood50dsc21082022_0600hrs.877", "geometry": {"type": "MultiPolygon", "coordinates": [[[[85.76696005, 20.5002814], [85.76882757, 20.50229699], [85.77082632, 20.50342199], [85.77177867, 20.5040052], [85.7730686, 20.50441365], [85.77298543, 20.50413749], [85.771429, 20.50354691], [85.77092597, 20.50296301], [85.77034698, 20.50246402], [85.769848, 20.50188503], [85.7693655, 20.50146921], [85.76889354, 20.50092162], [85.76848052, 20.50073722], [85.76787907, 20.50040158], [85.76696005, 20.5002814]]]]}, "geometry_name": "geom", "properties": {"objectid": 877, "id": 1049, "gridcode": 1, "shape_leng": 0.0151914528, "shape_area": 4.08804e-06, "from_time": "21-08-2022 06:00", "to_time": "21-08-2022 06:00"}}, {"type": "Feature", "id": "odflood50dsc21082022_0600hrs.878", "geometry": {"type": "MultiPolygon", "coordinates": [[[[85.76696005, 20.5002814], [85.76689847, 20.50006243], [85.76674109, 20.50021981], [85.76696005, 20.5002814]]]]}, "geometry_name": "geom", "properties": {"objectid": 878, "id": 1050, "gridcode": 1, "shape_leng": 0.00067748933, "shape_area": 2.208e-08, "from_time": "21-08-2022 06:00", "to_time": "21-08-2022 06:00"}}, {"type": "Feature", "id": "odflood50dsc21082022_0600hrs.879", "geometry": {"type": "MultiPolygon", "coordinates": [[[[85.56753406, 20.49866443], [85.56692173, 20.49876093], [85.56719824, 20.49945642], [85.56794146, 20.49928097], [85.56753406, 20.49866443]]]]}, "geometry_name": "geom", "properties": {"objectid": 879, "id": 1051, "gridcode": 1, "shape_leng": 0.00287095674, "shape_area": 4.9113e-07, "from_time": "21-08-2022 06:00", "to_time": "21-08-2022 06:00"}}, {"type": "Feature", "id": "odflood50dsc21082022_0600hrs.880", "geometry": {"type": "MultiPolygon", "coordinates": [[[[85.736597, 20.49866443], [85.73597818, 20.49877216], [85.73626785, 20.49973504], [85.73705615, 20.50072055], [85.73749268, 20.50143921], [85.73788095, 20.50121937], [85.73759514, 20.50054089], [85.73739548, 20.50020157], [85.73717932, 20.49920237], [85.73675683, 20.49886392], [85.736597, 20.49866443]]]]}, "geometry_name": "geom", "properties": {"objectid": 880, "id": 1052, "gridcode": 1, "shape_leng": 0.00713188026, "shape_area": 2.0888e-06, "from_time": "21-08-2022 06:00", "to_time": "21-08-2022 06:00"}}, {"type": "Feature", "id": "odflood50dsc21082022_0600hrs.881", "geometry": {"type": "MultiPolygon", "coordinates": [[[[85.5901716, 20.49848477], [85.58993159, 20.49860618], [85.590093, 20.49908411], [85.59038197, 20.49890778], [85.5901716, 20.49848477]]]]}, "geometry_name": "geom", "properties": {"objectid": 881, "id": 1053, "gridcode": 1, "shape_leng": 0.00158438998, "shape_area": 1.4682e-07, "from_time": "21-08-2022 06:00", "to_time": "21-08-2022 06:00"}}, {"type": "Feature", "id": "odflood50dsc21082022_0600hrs.882", "geometry": {"type": "MultiPolygon", "coordinates": [[[[85.5687917, 20.49794578], [85.56823096, 20.49801649], [85.5679176, 20.4984109], [85.56856028, 20.49872479], [85.56901838, 20.4984016], [85.5687917, 20.49794578]]]]}, "geometry_name": "geom", "properties": {"objectid": 882, "id": 1054, "gridcode": 1, "shape_leng": 0.00285387644, "shape_area": 5.2719e-07, "from_time": "21-08-2022 06:00", "to_time": "21-08-2022 06:00"}}, {"type": "Feature", "id": "odflood50dsc21082022_0600hrs.883", "geometry": {"type": "MultiPolygon", "coordinates": [[[[85.7049763, 20.49794578], [85.70487647, 20.49802561], [85.70461329, 20.49924219], [85.70429484, 20.49949713], [85.70395903, 20.50029421], [85.70180202, 20.5006695], [85.70205835, 20.50214259], [85.70274051, 20.50233752], [85.7032595, 20.50253719], [85.70381849, 20.50269685], [85.70461627, 20.50316583], [85.70556564, 20.50276598], [85.70577478, 20.50179853], [85.70685276, 20.50045071], [85.70662414, 20.50032263], [85.70580268, 20.50042492], [85.70573881, 20.4999119], [85.70621446, 20.49931799], [85.70715226, 20.49920131], [85.70741175, 20.49964258], [85.70767107, 20.50084162], [85.70835165, 20.50124165], [85.70918838, 20.50009612], [85.70783248, 20.49828458], [85.7066366, 20.49874426], [85.70548353, 20.49856741], [85.70505613, 20.49822527], [85.7049763, 20.49794578]], [[85.70515596, 20.50135938], [85.7050342, 20.50159045], [85.70455504, 20.50143745], [85.70515596, 20.50135938]]]]}, "geometry_name": "geom", "properties": {"objectid": 883, "id": 1055, "gridcode": 1, "shape_leng": 0.02702642491, "shape_area": 1.63129e-05, "from_time": "21-08-2022 06:00", "to_time": "21-08-2022 06:00"}}, {"type": "Feature", "id": "odflood50dsc21082022_0600hrs.884", "geometry": {"type": "MultiPolygon", "coordinates": [[[[85.70425765, 20.49776612], [85.70412886, 20.49786928], [85.7030272, 20.49935431], [85.70243522, 20.50036123], [85.70309984, 20.50020157], [85.7032595, 20.5000019], [85.70393043, 20.49971925], [85.70423782, 20.4986446], [85.7046968, 20.49827686], [85.70453714, 20.49802561], [85.70433748, 20.49786595], [85.70425765, 20.49776612]]]]}, "geometry_name": "geom", "properties": {"objectid": 884, "id": 1056, "gridcode": 1, "shape_leng": 0.0072363524, "shape_area": 1.92601e-06, "from_time": "21-08-2022 06:00", "to_time": "21-08-2022 06:00"}}, {"type": "Feature", "id": "odflood50dsc21082022_0600hrs.885", "geometry": {"type": "MultiPolygon", "coordinates": [[[[85.67928448, 20.49740679], [85.67862636, 20.49749101], [85.67704694, 20.49817597], [85.67743416, 20.49883865], [85.67813808, 20.49924184], [85.67882708, 20.49874602], [85.67972539, 20.49819194], [85.67956222, 20.4978477], [85.67928448, 20.49740679]]]]}, "geometry_name": "geom", "properties": {"objectid": 885, "id": 1057, "gridcode": 1, "shape_leng": 0.00677013138, "shape_area": 2.76078e-06, "from_time": "21-08-2022 06:00", "to_time": "21-08-2022 06:00"}}, {"type": "Feature", "id": "odflood50dsc21082022_0600hrs.886", "geometry": {"type": "MultiPolygon", "coordinates": [[[[85.74414284, 20.49740679], [85.7439595, 20.4975647], [85.74470113, 20.4988941], [85.74536417, 20.50072389], [85.74578894, 20.50049773], [85.74586842, 20.49950906], [85.74567665, 20.49928658], [85.74548365, 20.49912026], [85.74528469, 20.49867443], [85.74441901, 20.49766962], [85.74422601, 20.49750329], [85.74414284, 20.49740679]]]]}, "geometry_name": "geom", "properties": {"objectid": 886, "id": 1058, "gridcode": 1, "shape_leng": 0.00792872252, "shape_area": 2.02943e-06, "from_time": "21-08-2022 06:00", "to_time": "21-08-2022 06:00"}}, {"type": "Feature", "id": "odflood50dsc21082022_0600hrs.887", "geometry": {"type": "MultiPolygon", "coordinates": [[[[85.58029014, 20.49704746], [85.57989151, 20.49710554], [85.58023347, 20.49743574], [85.58029014, 20.49704746]]]]}, "geometry_name": "geom", "properties": {"objectid": 887, "id": 1059, "gridcode": 1, "shape_leng": 0.00127058494, "shape_area": 7.574e-08, "from_time": "21-08-2022 06:00", "to_time": "21-08-2022 06:00"}}, {"type": "Feature", "id": "odflood50dsc21082022_0600hrs.888", "geometry": {"type": "MultiPolygon", "coordinates": [[[[85.67712852, 20.4968678], [85.67633162, 20.49700325], [85.67700729, 20.4976647], [85.67734766, 20.49742539], [85.67712852, 20.4968678]]]]}, "geometry_name": "geom", "properties": {"objectid": 888, "id": 1060, "gridcode": 1, "shape_leng": 0.00276906597, "shape_area": 4.3043e-07, "from_time": "21-08-2022 06:00", "to_time": "21-08-2022 06:00"}}, {"type": "Feature", "id": "odflood50dsc21082022_0600hrs.889", "geometry": {"type": "MultiPolygon", "coordinates": [[[[85.69491517, 20.4968678], [85.69415598, 20.49706799], [85.69391228, 20.49766155], [85.69361208, 20.49915798], [85.69304344, 20.49956555], [85.69324855, 20.49995014], [85.69436512, 20.50028947], [85.69484007, 20.49966732], [85.69509027, 20.49901919], [85.69573839, 20.498769], [85.6962479, 20.4983802], [85.69714622, 20.49785928], [85.69670846, 20.49728204], [85.69570014, 20.49748136], [85.69499026, 20.49697237], [85.69491517, 20.4968678]]]]}, "geometry_name": "geom", "properties": {"objectid": 889, "id": 1061, "gridcode": 1, "shape_leng": 0.01186155436, "shape_area": 6.46531e-06, "from_time": "21-08-2022 06:00", "to_time": "21-08-2022 06:00"}}, {"type": "Feature", "id": "odflood50dsc21082022_0600hrs.890", "geometry": {"type": "MultiPolygon", "coordinates": [[[[85.75043105, 20.49668814], [85.74984732, 20.49702465], [85.7497603, 20.49810877], [85.75111426, 20.49999471], [85.75176852, 20.50004717], [85.75182362, 20.4993601], [85.75160553, 20.49910692], [85.75129059, 20.49883567], [85.75101548, 20.49762453], [85.75043105, 20.49668814]]]]}, "geometry_name": "geom", "properties": {"objectid": 890, "id": 1062, "gridcode": 1, "shape_leng": 0.00852426378, "shape_area": 3.40022e-06, "from_time": "21-08-2022 06:00", "to_time": "21-08-2022 06:00"}}, {"type": "Feature", "id": "odflood50dsc21082022_0600hrs.891", "geometry": {"type": "MultiPolygon", "coordinates": [[[[85.60238869, 20.49650847], [85.60214709, 20.49663568], [85.60231184, 20.49710045], [85.60238869, 20.49650847]]]]}, "geometry_name": "geom", "properties": {"objectid": 891, "id": 1063, "gridcode": 1, "shape_leng": 0.00136309021, "shape_area": 6.662e-08, "from_time": "21-08-2022 06:00", "to_time": "21-08-2022 06:00"}}, {"type": "Feature", "id": "odflood50dsc21082022_0600hrs.893", "geometry": {"type": "MultiPolygon", "coordinates": [[[[85.70048472, 20.49632881], [85.70004714, 20.49666656], [85.70038261, 20.49693009], [85.70048472, 20.49632881]]]]}, "geometry_name": "geom", "properties": {"objectid": 893, "id": 1065, "gridcode": 1, "shape_leng": 0.00158924237, "shape_area": 1.1431e-07, "from_time": "21-08-2022 06:00", "to_time": "21-08-2022 06:00"}}, {"type": "Feature", "id": "odflood50dsc21082022_0600hrs.894", "geometry": {"type": "MultiPolygon", "coordinates": [[[[85.74306487, 20.49632881], [85.74245254, 20.49648602], [85.74272624, 20.49706132], [85.74367719, 20.4972745], [85.74351069, 20.49669217], [85.7431382, 20.49643513], [85.74306487, 20.49632881]]]]}, "geometry_name": "geom", "properties": {"objectid": 894, "id": 1066, "gridcode": 1, "shape_leng": 0.00343122557, "shape_area": 6.7122e-07, "from_time": "21-08-2022 06:00", "to_time": "21-08-2022 06:00"}}, {"type": "Feature", "id": "odflood50dsc21082022_0600hrs.895", "geometry": {"type": "MultiPolygon", "coordinates": [[[[85.7648041, 20.49632881], [85.76458513, 20.49639039], [85.76474251, 20.49654778], [85.7648041, 20.49632881]]]]}, "geometry_name": "geom", "properties": {"objectid": 895, "id": 1067, "gridcode": 1, "shape_leng": 0.00067748933, "shape_area": 2.208e-08, "from_time": "21-08-2022 06:00", "to_time": "21-08-2022 06:00"}}, {"type": "Feature", "id": "odflood50dsc21082022_0600hrs.896", "geometry": {"type": "MultiPolygon", "coordinates": [[[[85.6801828, 20.49596948], [85.67938098, 20.49611581], [85.67966276, 20.49694465], [85.68007998, 20.49697816], [85.6801828, 20.49596948]]]]}, "geometry_name": "geom", "properties": {"objectid": 896, "id": 1068, "gridcode": 1, "shape_leng": 0.00312295342, "shape_area": 5.6505e-07, "from_time": "21-08-2022 06:00", "to_time": "21-08-2022 06:00"}}, {"type": "Feature", "id": "odflood50dsc21082022_0600hrs.897", "geometry": {"type": "MultiPolygon", "coordinates": [[[[85.76462443, 20.49507117], [85.76439091, 20.49517118], [85.7645525, 20.49547945], [85.76462443, 20.49507117]]]]}, "geometry_name": "geom", "properties": {"objectid": 897, "id": 1069, "gridcode": 1, "shape_leng": 0.00101666061, "shape_area": 4.407e-08, "from_time": "21-08-2022 06:00", "to_time": "21-08-2022 06:00"}}, {"type": "Feature", "id": "odflood50dsc21082022_0600hrs.898", "geometry": {"type": "MultiPolygon", "coordinates": [[[[85.75492263, 20.49453218], [85.75430381, 20.49472325], [85.75425626, 20.49552033], [85.75432591, 20.49668814], [85.75428837, 20.49731696], [85.75431819, 20.49781472], [85.75375991, 20.49915692], [85.75396501, 20.50171976], [85.75499965, 20.5022819], [85.75586919, 20.50172905], [85.75661574, 20.50089338], [85.75752265, 20.50094741], [85.7573351, 20.50030421], [85.75688874, 20.49948309], [85.75663451, 20.49892884], [85.75644468, 20.49857969], [85.75627519, 20.49731187], [85.75554636, 20.49642373], [85.75537687, 20.4956949], [85.75492263, 20.49453218]]]]}, "geometry_name": "geom", "properties": {"objectid": 898, "id": 1070, "gridcode": 1, "shape_leng": 0.01904270443, "shape_area": 1.577485e-05, "from_time": "21-08-2022 06:00", "to_time": "21-08-2022 06:00"}}, {"type": "Feature", "id": "odflood50dsc21082022_0600hrs.899", "geometry": {"type": "MultiPolygon", "coordinates": [[[[85.76390578, 20.48986094], [85.76368682, 20.48992252], [85.7638442, 20.49007991], [85.76390578, 20.48986094]]]]}, "geometry_name": "geom", "properties": {"objectid": 899, "id": 1072, "gridcode": 1, "shape_leng": 0.00067748933, "shape_area": 2.208e-08, "from_time": "21-08-2022 06:00", "to_time": "21-08-2022 06:00"}}, {"type": "Feature", "id": "odflood50dsc21082022_0600hrs.900", "geometry": {"type": "MultiPolygon", "coordinates": [[[[85.70066438, 20.48932195], [85.69993696, 20.48950863], [85.69956184, 20.49008464], [85.70021031, 20.49023009], [85.70059105, 20.48996726], [85.70066438, 20.48932195]]]]}, "geometry_name": "geom", "properties": {"objectid": 900, "id": 1074, "gridcode": 1, "shape_leng": 0.00321507238, "shape_area": 6.1517e-07, "from_time": "21-08-2022 06:00", "to_time": "21-08-2022 06:00"}}, {"type": "Feature", "id": "odflood50dsc21082022_0600hrs.901", "geometry": {"type": "MultiPolygon", "coordinates": [[[[85.73246475, 20.48896263], [85.73185242, 20.48911983], [85.73215437, 20.48975462], [85.73266459, 20.48943863], [85.73246475, 20.48896263]]]]}, "geometry_name": "geom", "properties": {"objectid": 901, "id": 1075, "gridcode": 1, "shape_leng": 0.00245151958, "shape_area": 3.7109e-07, "from_time": "21-08-2022 06:00", "to_time": "21-08-2022 06:00"}}, {"type": "Feature", "id": "odflood50dsc21082022_0600hrs.903", "geometry": {"type": "MultiPolygon", "coordinates": [[[[85.76354645, 20.48716599], [85.76328205, 20.48740233], [85.76352417, 20.48976602], [85.76371103, 20.48949547], [85.76354645, 20.48716599]]]]}, "geometry_name": "geom", "properties": {"objectid": 903, "id": 1077, "gridcode": 1, "shape_leng": 0.00539478158, "shape_area": 5.81e-07, "from_time": "21-08-2022 06:00", "to_time": "21-08-2022 06:00"}}, {"type": "Feature", "id": "odflood50dsc21082022_0600hrs.905", "geometry": {"type": "MultiPolygon", "coordinates": [[[[85.73533935, 20.48536936], [85.73473843, 20.48544744], [85.73503407, 20.48597029], [85.73551323, 20.48572623], [85.73533935, 20.48536936]]]]}, "geometry_name": "geom", "properties": {"objectid": 905, "id": 1079, "gridcode": 1, "shape_leng": 0.00214132297, "shape_area": 2.7535e-07, "from_time": "21-08-2022 06:00", "to_time": "21-08-2022 06:00"}}, {"type": "Feature", "id": "odflood50dsc21082022_0600hrs.906", "geometry": {"type": "MultiPolygon", "coordinates": [[[[85.72671553, 20.48536936], [85.72662342, 20.48522549], [85.72560737, 20.48493986], [85.72580405, 20.48529217], [85.72671553, 20.48536936]]]]}, "geometry_name": "geom", "properties": {"objectid": 906, "id": 1081, "gridcode": 1, "shape_leng": 0.00254449026, "shape_area": 2.129e-07, "from_time": "21-08-2022 06:00", "to_time": "21-08-2022 06:00"}}, {"type": "Feature", "id": "odflood50dsc21082022_0600hrs.907", "geometry": {"type": "MultiPolygon", "coordinates": [[[[85.72671553, 20.48536936], [85.72686835, 20.48561745], [85.7280337, 20.48546341], [85.72816634, 20.48503758], [85.72736575, 20.48530094], [85.72671553, 20.48536936]]]]}, "geometry_name": "geom", "properties": {"objectid": 907, "id": 1082, "gridcode": 1, "shape_leng": 0.00340948109, "shape_area": 3.8499e-07, "from_time": "21-08-2022 06:00", "to_time": "21-08-2022 06:00"}}, {"type": "Feature", "id": "odflood50dsc21082022_0600hrs.909", "geometry": {"type": "MultiPolygon", "coordinates": [[[[85.72994946, 20.48411172], [85.7297305, 20.48417331], [85.72988788, 20.48433069], [85.72994946, 20.48411172]]]]}, "geometry_name": "geom", "properties": {"objectid": 909, "id": 1084, "gridcode": 1, "shape_leng": 0.00067748933, "shape_area": 2.208e-08, "from_time": "21-08-2022 06:00", "to_time": "21-08-2022 06:00"}}, {"type": "Feature", "id": "odflood50dsc21082022_0600hrs.911", "geometry": {"type": "MultiPolygon", "coordinates": [[[[85.72563755, 20.48357273], [85.72553754, 20.48333921], [85.72522927, 20.4835008], [85.72563755, 20.48357273]]]]}, "geometry_name": "geom", "properties": {"objectid": 911, "id": 1086, "gridcode": 1, "shape_leng": 0.00101666061, "shape_area": 4.407e-08, "from_time": "21-08-2022 06:00", "to_time": "21-08-2022 06:00"}}, {"type": "Feature", "id": "odflood50dsc21082022_0600hrs.912", "geometry": {"type": "MultiPolygon", "coordinates": [[[[85.75671926, 20.48303374], [85.75611921, 20.48321446], [85.75605517, 20.48401189], [85.75661486, 20.48405681], [85.75671926, 20.48303374]]]]}, "geometry_name": "geom", "properties": {"objectid": 912, "id": 1088, "gridcode": 1, "shape_leng": 0.00301653274, "shape_area": 5.2211e-07, "from_time": "21-08-2022 06:00", "to_time": "21-08-2022 06:00"}}, {"type": "Feature", "id": "odflood50dsc21082022_0600hrs.913", "geometry": {"type": "MultiPolygon", "coordinates": [[[[85.72887148, 20.48267442], [85.72847198, 20.48299444], [85.72837162, 20.48380012], [85.72868533, 20.48489705], [85.72924099, 20.48496618], [85.72966997, 20.48462246], [85.72951031, 20.4834729], [85.72887148, 20.48267442]]]]}, "geometry_name": "geom", "properties": {"objectid": 913, "id": 1089, "gridcode": 1, "shape_leng": 0.00575749538, "shape_area": 2.07805e-06, "from_time": "21-08-2022 06:00", "to_time": "21-08-2022 06:00"}}, {"type": "Feature", "id": "odflood50dsc21082022_0600hrs.915", "geometry": {"type": "MultiPolygon", "coordinates": [[[[85.72563755, 20.48357273], [85.72575949, 20.48401031], [85.72663728, 20.48385381], [85.72679378, 20.48365099], [85.72715311, 20.4833736], [85.72697643, 20.48226754], [85.726259, 20.48346711], [85.72563755, 20.48357273]]]]}, "geometry_name": "geom", "properties": {"objectid": 915, "id": 1091, "gridcode": 1, "shape_leng": 0.00520417339, "shape_area": 1.02028e-06, "from_time": "21-08-2022 06:00", "to_time": "21-08-2022 06:00"}}, {"type": "Feature", "id": "odflood50dsc21082022_0600hrs.916", "geometry": {"type": "MultiPolygon", "coordinates": [[[[85.76246848, 20.48213543], [85.76216459, 20.4822293], [85.76255322, 20.48348799], [85.76287623, 20.48438806], [85.76316292, 20.48653209], [85.76333416, 20.48628838], [85.7628643, 20.48277565], [85.76246848, 20.48213543]]]]}, "geometry_name": "geom", "properties": {"objectid": 916, "id": 1092, "gridcode": 1, "shape_leng": 0.00934932281, "shape_area": 1.28144e-06, "from_time": "21-08-2022 06:00", "to_time": "21-08-2022 06:00"}}, {"type": "Feature", "id": "odflood50dsc21082022_0600hrs.917", "geometry": {"type": "MultiPolygon", "coordinates": [[[[85.72815283, 20.48105745], [85.72734786, 20.48121115], [85.7277521, 20.48149012], [85.72815283, 20.48105745]]]]}, "geometry_name": "geom", "properties": {"objectid": 917, "id": 1095, "gridcode": 1, "shape_leng": 0.00190040697, "shape_area": 1.4335e-07, "from_time": "21-08-2022 06:00", "to_time": "21-08-2022 06:00"}}, {"type": "Feature", "id": "odflood50dsc21082022_0600hrs.918", "geometry": {"type": "MultiPolygon", "coordinates": [[[[85.70623394, 20.4803388], [85.70623394, 20.48051846], [85.70551529, 20.48051846], [85.70559354, 20.48115886], [85.70651501, 20.48167469], [85.70668889, 20.48269828], [85.70719682, 20.48230614], [85.70727314, 20.48179049], [85.70667152, 20.4809792], [85.70649045, 20.48053688], [85.70623394, 20.4803388]]]]}, "geometry_name": "geom", "properties": {"objectid": 918, "id": 1100, "gridcode": 1, "shape_leng": 0.00661277733, "shape_area": 1.72329e-06, "from_time": "21-08-2022 06:00", "to_time": "21-08-2022 06:00"}}, {"type": "Feature", "id": "odflood50dsc21082022_0600hrs.919", "geometry": {"type": "MultiPolygon", "coordinates": [[[[85.73713598, 20.47908116], [85.73670332, 20.47919222], [85.7369107, 20.47969349], [85.7372495, 20.47954347], [85.73713598, 20.47908116]]]]}, "geometry_name": "geom", "properties": {"objectid": 919, "id": 1102, "gridcode": 1, "shape_leng": 0.00183573767, "shape_area": 2.0679e-07, "from_time": "21-08-2022 06:00", "to_time": "21-08-2022 06:00"}}, {"type": "Feature", "id": "odflood50dsc21082022_0600hrs.920", "geometry": {"type": "MultiPolygon", "coordinates": [[[[85.74180722, 20.47872183], [85.74156563, 20.47884903], [85.74173038, 20.47931381], [85.74180722, 20.47872183]]]]}, "geometry_name": "geom", "properties": {"objectid": 920, "id": 1103, "gridcode": 1, "shape_leng": 0.00136309022, "shape_area": 6.662e-08, "from_time": "21-08-2022 06:00", "to_time": "21-08-2022 06:00"}}, {"type": "Feature", "id": "odflood50dsc21082022_0600hrs.923", "geometry": {"type": "MultiPolygon", "coordinates": [[[[85.70407798, 20.47674554], [85.70407798, 20.4769252], [85.70389832, 20.4769252], [85.70397833, 20.47824758], [85.70438994, 20.47835128], [85.70418904, 20.47755402], [85.70437415, 20.4768194], [85.70407798, 20.47674554]]]]}, "geometry_name": "geom", "properties": {"objectid": 923, "id": 1107, "gridcode": 1, "shape_leng": 0.00399358954, "shape_area": 5.0282e-07, "from_time": "21-08-2022 06:00", "to_time": "21-08-2022 06:00"}}, {"type": "Feature", "id": "odflood50dsc21082022_0600hrs.925", "geometry": {"type": "MultiPolygon", "coordinates": [[[[85.71934934, 20.47494891], [85.71895071, 20.47500698], [85.71929267, 20.47533718], [85.71934934, 20.47494891]]]]}, "geometry_name": "geom", "properties": {"objectid": 925, "id": 1109, "gridcode": 1, "shape_leng": 0.00127058494, "shape_area": 7.574e-08, "from_time": "21-08-2022 06:00", "to_time": "21-08-2022 06:00"}}, {"type": "Feature", "id": "odflood50dsc21082022_0600hrs.926", "geometry": {"type": "MultiPolygon", "coordinates": [[[[85.73498003, 20.47494891], [85.73454929, 20.47530665], [85.73448595, 20.47592881], [85.73523671, 20.47563212], [85.73498003, 20.47494891]]]]}, "geometry_name": "geom", "properties": {"objectid": 926, "id": 1110, "gridcode": 1, "shape_leng": 0.00272239102, "shape_area": 4.172e-07, "from_time": "21-08-2022 06:00", "to_time": "21-08-2022 06:00"}}, {"type": "Feature", "id": "odflood50dsc21082022_0600hrs.928", "geometry": {"type": "MultiPolygon", "coordinates": [[[[85.73749531, 20.47369127], [85.7367556, 20.47391391], [85.73615451, 20.47443185], [85.73669139, 20.47467275], [85.73763427, 20.47406989], [85.73749531, 20.47369127]]]]}, "geometry_name": "geom", "properties": {"objectid": 928, "id": 1115, "gridcode": 1, "shape_leng": 0.00367684996, "shape_area": 7.0533e-07, "from_time": "21-08-2022 06:00", "to_time": "21-08-2022 06:00"}}, {"type": "Feature", "id": "odflood50dsc21082022_0600hrs.929", "geometry": {"type": "MultiPolygon", "coordinates": [[[[85.62269062, 20.47297261], [85.62244902, 20.47309982], [85.62261377, 20.47356459], [85.62269062, 20.47297261]]]]}, "geometry_name": "geom", "properties": {"objectid": 929, "id": 1118, "gridcode": 1, "shape_leng": 0.00136309022, "shape_area": 6.662e-08, "from_time": "21-08-2022 06:00", "to_time": "21-08-2022 06:00"}}, {"type": "Feature", "id": "odflood50dsc21082022_0600hrs.930", "geometry": {"type": "MultiPolygon", "coordinates": [[[[85.59628015, 20.47279295], [85.59566466, 20.47289489], [85.59548482, 20.47393953], [85.59632103, 20.47412726], [85.59678194, 20.47356669], [85.59628015, 20.47279295]]]]}, "geometry_name": "geom", "properties": {"objectid": 930, "id": 1119, "gridcode": 1, "shape_leng": 0.00418883956, "shape_area": 1.18532e-06, "from_time": "21-08-2022 06:00", "to_time": "21-08-2022 06:00"}}, {"type": "Feature", "id": "odflood50dsc21082022_0600hrs.931", "geometry": {"type": "MultiPolygon", "coordinates": [[[[85.74019026, 20.47243362], [85.73957793, 20.47259083], [85.73978338, 20.47302279], [85.74019026, 20.47243362]]]]}, "geometry_name": "geom", "properties": {"objectid": 931, "id": 1121, "gridcode": 1, "shape_leng": 0.00182652737, "shape_area": 1.484e-07, "from_time": "21-08-2022 06:00", "to_time": "21-08-2022 06:00"}}, {"type": "Feature", "id": "odflood50dsc21082022_0600hrs.932", "geometry": {"type": "MultiPolygon", "coordinates": [[[[85.74019026, 20.47243362], [85.74040922, 20.47237204], [85.74025184, 20.47221466], [85.74019026, 20.47243362]]]]}, "geometry_name": "geom", "properties": {"objectid": 932, "id": 1122, "gridcode": 1, "shape_leng": 0.00067748933, "shape_area": 2.208e-08, "from_time": "21-08-2022 06:00", "to_time": "21-08-2022 06:00"}}, {"type": "Feature", "id": "odflood50dsc21082022_0600hrs.933", "geometry": {"type": "MultiPolygon", "coordinates": [[[[85.70856956, 20.47171497], [85.70785635, 20.47183217], [85.70676942, 20.47167146], [85.70651501, 20.4724552], [85.707054, 20.4728712], [85.70721051, 20.47343335], [85.70840165, 20.47410024], [85.70939173, 20.47430851], [85.71112607, 20.47380285], [85.71044444, 20.47361301], [85.70956929, 20.47233221], [85.70880431, 20.47201921], [85.70856956, 20.47171497]]]]}, "geometry_name": "geom", "properties": {"objectid": 933, "id": 1123, "gridcode": 1, "shape_leng": 0.01156295525, "shape_area": 6.68662e-06, "from_time": "21-08-2022 06:00", "to_time": "21-08-2022 06:00"}}, {"type": "Feature", "id": "odflood50dsc21082022_0600hrs.934", "geometry": {"type": "MultiPolygon", "coordinates": [[[[85.7146781, 20.47135565], [85.71460968, 20.47164655], [85.71430351, 20.47183516], [85.71419473, 20.47218431], [85.71568765, 20.47232239], [85.71587118, 20.47286138], [85.71586679, 20.47184446], [85.71528552, 20.47164655], [85.71514867, 20.47142407], [85.7146781, 20.47135565]]]]}, "geometry_name": "geom", "properties": {"objectid": 934, "id": 1124, "gridcode": 1, "shape_leng": 0.005460491, "shape_area": 1.09636e-06, "from_time": "21-08-2022 06:00", "to_time": "21-08-2022 06:00"}}, {"type": "Feature", "id": "odflood50dsc21082022_0600hrs.935", "geometry": {"type": "MultiPolygon", "coordinates": [[[[85.64784345, 20.47063699], [85.64762448, 20.47069858], [85.64778186, 20.47085596], [85.64784345, 20.47063699]]]]}, "geometry_name": "geom", "properties": {"objectid": 935, "id": 1126, "gridcode": 1, "shape_leng": 0.00067748933, "shape_area": 2.208e-08, "from_time": "21-08-2022 06:00", "to_time": "21-08-2022 06:00"}}, {"type": "Feature", "id": "odflood50dsc21082022_0600hrs.937", "geometry": {"type": "MultiPolygon", "coordinates": [[[[85.7112645, 20.470098], [85.7112645, 20.47081666], [85.71090518, 20.47081666], [85.71090518, 20.470098], [85.70974404, 20.47021643], [85.70997493, 20.4711837], [85.71082201, 20.47143881], [85.71098834, 20.47163181], [85.711827, 20.47188428], [85.71223897, 20.47262259], [85.71226704, 20.47297261], [85.71221107, 20.47366916], [85.7133687, 20.47401761], [85.71422228, 20.47468608], [85.71495426, 20.47485241], [85.71565958, 20.47540473], [85.71699267, 20.47633305], [85.71735971, 20.47675887], [85.71813311, 20.47742524], [85.71835453, 20.47863867], [85.71887404, 20.48037336], [85.71898352, 20.48173557], [85.71800854, 20.48405084], [85.71817487, 20.48438788], [85.71912687, 20.48549955], [85.71954339, 20.48643296], [85.72041293, 20.48682106], [85.72083174, 20.48775937], [85.72152548, 20.4881466], [85.72247643, 20.48836258], [85.72369336, 20.48922545], [85.72479064, 20.48892297], [85.7253363, 20.487945], [85.72500206, 20.4867235], [85.72483573, 20.48545253], [85.72461659, 20.48505969], [85.72466168, 20.48449859], [85.72411182, 20.4841919], [85.72333263, 20.48447807], [85.72249134, 20.48388153], [85.72114896, 20.48437455], [85.72101824, 20.4839203], [85.72136231, 20.48298357], [85.72088315, 20.48221859], [85.72022713, 20.48138081], [85.7200508, 20.47918678], [85.72069067, 20.47913537], [85.72092385, 20.47965822], [85.72194709, 20.48053969], [85.72224553, 20.4818533], [85.72253029, 20.48187611], [85.72247467, 20.48118343], [85.72266644, 20.48096095], [85.72293225, 20.48073199], [85.72347089, 20.47976647], [85.72330193, 20.47836251], [85.72286435, 20.47808143], [85.72202113, 20.47784668], [85.72178637, 20.47754244], [85.72085911, 20.47734681], [85.71891405, 20.47657359], [85.71847857, 20.47600952], [85.71881562, 20.47545088], [85.71835979, 20.47509909], [85.71728339, 20.47541298], [85.71675581, 20.47526402], [85.71818434, 20.47474275], [85.71827136, 20.47423025], [85.7180917, 20.47423025], [85.71799187, 20.47325211], [85.71701372, 20.47315228], [85.71701372, 20.47333194], [85.71647473, 20.47333194], [85.71647473, 20.47369127], [85.71611541, 20.47369127], [85.71603224, 20.47378776], [85.71522358, 20.47395409], [85.71495426, 20.47351932], [85.71569151, 20.47305753], [85.71286551, 20.47279786], [85.71261864, 20.4719778], [85.71242565, 20.47181147], [85.71225932, 20.47089982], [85.71206632, 20.47055383], [85.71189999, 20.47018117], [85.7112645, 20.470098]], [[85.7180917, 20.47423025], [85.71803012, 20.47444922], [85.71787274, 20.47429184], [85.7180917, 20.47423025]], [[85.71773237, 20.47440992], [85.71760938, 20.47483995], [85.71729322, 20.47453554], [85.71773237, 20.47440992]]]]}, "geometry_name": "geom", "properties": {"objectid": 937, "id": 1129, "gridcode": 1, "shape_leng": 0.07820774822, "shape_area": 6.187658e-05, "from_time": "21-08-2022 06:00", "to_time": "21-08-2022 06:00"}}, {"type": "Feature", "id": "odflood50dsc21082022_0600hrs.938", "geometry": {"type": "MultiPolygon", "coordinates": [[[[85.71090518, 20.470098], [85.7112645, 20.470098], [85.71108484, 20.46984728], [85.71090518, 20.470098]]]]}, "geometry_name": "geom", "properties": {"objectid": 938, "id": 1130, "gridcode": 1, "shape_leng": 0.00097622135, "shape_area": 4.505e-08, "from_time": "21-08-2022 06:00", "to_time": "21-08-2022 06:00"}}, {"type": "Feature", "id": "odflood50dsc21082022_0600hrs.939", "geometry": {"type": "MultiPolygon", "coordinates": [[[[85.74558015, 20.46991834], [85.74496449, 20.4702596], [85.7451359, 20.47139986], [85.74578701, 20.47151197], [85.74619072, 20.47085999], [85.74558015, 20.46991834]]]]}, "geometry_name": "geom", "properties": {"objectid": 939, "id": 1131, "gridcode": 1, "shape_leng": 0.0044068071, "shape_area": 1.27659e-06, "from_time": "21-08-2022 06:00", "to_time": "21-08-2022 06:00"}}, {"type": "Feature", "id": "odflood50dsc21082022_0600hrs.944", "geometry": {"type": "MultiPolygon", "coordinates": [[[[85.74019026, 20.46578609], [85.73982023, 20.46590329], [85.74015166, 20.46695039], [85.74072188, 20.46630508], [85.74036308, 20.4659726], [85.74019026, 20.46578609]]]]}, "geometry_name": "geom", "properties": {"objectid": 944, "id": 1137, "gridcode": 1, "shape_leng": 0.00309102589, "shape_area": 5.2792e-07, "from_time": "21-08-2022 06:00", "to_time": "21-08-2022 06:00"}}, {"type": "Feature", "id": "odflood50dsc21082022_0600hrs.945", "geometry": {"type": "MultiPolygon", "coordinates": [[[[85.66059952, 20.4638098], [85.65998228, 20.46391472], [85.66065233, 20.46498217], [85.66123992, 20.46514569], [85.66151731, 20.46550502], [85.66238054, 20.46456126], [85.6619791, 20.46404139], [85.66133976, 20.46442704], [85.66076866, 20.46402894], [85.66059952, 20.4638098]]]]}, "geometry_name": "geom", "properties": {"objectid": 945, "id": 1142, "gridcode": 1, "shape_leng": 0.00660572171, "shape_area": 1.88285e-06, "from_time": "21-08-2022 06:00", "to_time": "21-08-2022 06:00"}}, {"type": "Feature", "id": "odflood50dsc21082022_0600hrs.949", "geometry": {"type": "MultiPolygon", "coordinates": [[[[85.65251469, 20.46291148], [85.65240362, 20.4630071], [85.65243205, 20.46336064], [85.65240783, 20.46366224], [85.65148636, 20.46314817], [85.65090526, 20.46319484], [85.65063489, 20.4636082], [85.65099509, 20.46425404], [85.65096948, 20.46457354], [85.64848139, 20.46412245], [85.64732516, 20.46476759], [85.64454845, 20.46513078], [85.64416702, 20.4653436], [85.64379436, 20.46550993], [85.64307694, 20.46601857], [85.64262515, 20.46654299], [85.64273673, 20.46793275], [85.64312641, 20.46863105], [85.64416702, 20.46928285], [85.645052, 20.47001484], [85.64617928, 20.47022047], [85.64680214, 20.47017047], [85.6461784, 20.46929075], [85.64508358, 20.46904213], [85.64473303, 20.46787713], [85.64608208, 20.46757079], [85.64656089, 20.46701496], [85.64735937, 20.46651474], [85.64763343, 20.46590049], [85.64847893, 20.46552326], [85.64865193, 20.46532255], [85.64885037, 20.46555274], [85.64882405, 20.46588084], [85.64911583, 20.46640386], [85.65008976, 20.46604629], [85.65098088, 20.46642158], [85.65306982, 20.46673985], [85.65349616, 20.465052], [85.65295718, 20.46408596], [85.65251469, 20.46291148]], [[85.65251469, 20.4652471], [85.65258153, 20.46553958], [85.65293788, 20.46631841], [85.65266084, 20.46657159], [85.65244784, 20.46621226], [85.65204254, 20.46607857], [85.65190885, 20.4653329], [85.65251469, 20.4652471]]]]}, "geometry_name": "geom", "properties": {"objectid": 949, "id": 1148, "gridcode": 1, "shape_leng": 0.04094418133, "shape_area": 2.761452e-05, "from_time": "21-08-2022 06:00", "to_time": "21-08-2022 06:00"}}, {"type": "Feature", "id": "odflood50dsc21082022_0600hrs.950", "geometry": {"type": "MultiPolygon", "coordinates": [[[[85.71791204, 20.46309115], [85.718131, 20.46302956], [85.71797362, 20.46287218], [85.71791204, 20.46309115]]]]}, "geometry_name": "geom", "properties": {"objectid": 950, "id": 1149, "gridcode": 1, "shape_leng": 0.00067748933, "shape_area": 2.208e-08, "from_time": "21-08-2022 06:00", "to_time": "21-08-2022 06:00"}}, {"type": "Feature", "id": "odflood50dsc21082022_0600hrs.953", "geometry": {"type": "MultiPolygon", "coordinates": [[[[85.63418905, 20.46219283], [85.63263788, 20.46256444], [85.63194906, 20.46217002], [85.63071071, 20.46251619], [85.63043841, 20.46494375], [85.63052105, 20.46575451], [85.63097179, 20.46612875], [85.63163464, 20.46692688], [85.63231084, 20.46712532], [85.63296598, 20.46737148], [85.6334597, 20.46796573], [85.63432731, 20.4682033], [85.63480963, 20.46701934], [85.6338585, 20.46581767], [85.63344882, 20.46487286], [85.63293457, 20.46415842], [85.63433924, 20.46259233], [85.63418905, 20.46219283]]]]}, "geometry_name": "geom", "properties": {"objectid": 953, "id": 1153, "gridcode": 1, "shape_leng": 0.01888401398, "shape_area": 1.594593e-05, "from_time": "21-08-2022 06:00", "to_time": "21-08-2022 06:00"}}, {"type": "Feature", "id": "odflood50dsc21082022_0600hrs.954", "geometry": {"type": "MultiPolygon", "coordinates": [[[[85.66113851, 20.46219283], [85.66057443, 20.46236267], [85.66101534, 20.46335081], [85.66125431, 20.46336994], [85.66113851, 20.46219283]]]]}, "geometry_name": "geom", "properties": {"objectid": 954, "id": 1154, "gridcode": 1, "shape_leng": 0.00309366546, "shape_area": 4.5568e-07, "from_time": "21-08-2022 06:00", "to_time": "21-08-2022 06:00"}}, {"type": "Feature", "id": "odflood50dsc21082022_0600hrs.958", "geometry": {"type": "MultiPolygon", "coordinates": [[[[85.6334704, 20.46111485], [85.6335976, 20.46135645], [85.63406238, 20.4611917], [85.6334704, 20.46111485]]]]}, "geometry_name": "geom", "properties": {"objectid": 958, "id": 1161, "gridcode": 1, "shape_leng": 0.00136309021, "shape_area": 6.662e-08, "from_time": "21-08-2022 06:00", "to_time": "21-08-2022 06:00"}}, {"type": "Feature", "id": "odflood50dsc21082022_0600hrs.963", "geometry": {"type": "MultiPolygon", "coordinates": [[[[85.63095512, 20.45949788], [85.63118865, 20.45939788], [85.63102705, 20.45908961], [85.63095512, 20.45949788]]]]}, "geometry_name": "geom", "properties": {"objectid": 963, "id": 1167, "gridcode": 1, "shape_leng": 0.00101666061, "shape_area": 4.407e-08, "from_time": "21-08-2022 06:00", "to_time": "21-08-2022 06:00"}}, {"type": "Feature", "id": "odflood50dsc21082022_0600hrs.965", "geometry": {"type": "MultiPolygon", "coordinates": [[[[85.66563009, 20.45824024], [85.66466668, 20.4583385], [85.66259336, 20.45921155], [85.66019616, 20.45941209], [85.65873148, 20.46032935], [85.65805669, 20.46153892], [85.65883254, 20.46277761], [85.65925749, 20.46301482], [85.65946505, 20.46187684], [85.66066637, 20.46088325], [85.66159434, 20.46067236], [85.66411892, 20.45948595], [85.66480862, 20.45987072], [85.66677211, 20.45927962], [85.6668072, 20.45884415], [85.66574027, 20.45836815], [85.66563009, 20.45824024]]]]}, "geometry_name": "geom", "properties": {"objectid": 965, "id": 1171, "gridcode": 1, "shape_leng": 0.02175625985, "shape_area": 1.197398e-05, "from_time": "21-08-2022 06:00", "to_time": "21-08-2022 06:00"}}, {"type": "Feature", "id": "odflood50dsc21082022_0600hrs.966", "geometry": {"type": "MultiPolygon", "coordinates": [[[[85.66742672, 20.45806058], [85.66706722, 20.45824252], [85.66748988, 20.45908382], [85.66796746, 20.45931699], [85.66829187, 20.45866414], [85.66748707, 20.45853921], [85.66742672, 20.45806058]]]]}, "geometry_name": "geom", "properties": {"objectid": 966, "id": 1172, "gridcode": 1, "shape_leng": 0.00390176146, "shape_area": 6.1813e-07, "from_time": "21-08-2022 06:00", "to_time": "21-08-2022 06:00"}}, {"type": "Feature", "id": "odflood50dsc21082022_0600hrs.967", "geometry": {"type": "MultiPolygon", "coordinates": [[[[85.66742672, 20.45806058], [85.66840486, 20.45796513], [85.66777604, 20.45762441], [85.66742672, 20.45806058]]]]}, "geometry_name": "geom", "properties": {"objectid": 967, "id": 1173, "gridcode": 1, "shape_leng": 0.00225680853, "shape_area": 1.9665e-07, "from_time": "21-08-2022 06:00", "to_time": "21-08-2022 06:00"}}, {"type": "Feature", "id": "odflood50dsc21082022_0600hrs.968", "geometry": {"type": "MultiPolygon", "coordinates": [[[[85.73048845, 20.45770125], [85.73009246, 20.45781144], [85.72915256, 20.45853711], [85.72930906, 20.45906031], [85.7298663, 20.45981194], [85.73033563, 20.46149716], [85.73092989, 20.46193772], [85.73164468, 20.4618321], [85.73148818, 20.46211458], [85.73118342, 20.46234968], [85.73219771, 20.4631694], [85.73257949, 20.46285288], [85.73218367, 20.46157559], [85.73202717, 20.46047445], [85.73182434, 20.46031795], [85.73148818, 20.45903715], [85.73128536, 20.45852132], [85.73112885, 20.45795917], [85.7305667, 20.45780266], [85.73048845, 20.45770125]]]]}, "geometry_name": "geom", "properties": {"objectid": 968, "id": 1174, "gridcode": 1, "shape_leng": 0.01467899296, "shape_area": 8.6182e-06, "from_time": "21-08-2022 06:00", "to_time": "21-08-2022 06:00"}}, {"type": "Feature", "id": "odflood50dsc21082022_0600hrs.969", "geometry": {"type": "MultiPolygon", "coordinates": [[[[85.71216282, 20.45716226], [85.7119228, 20.45728368], [85.71208422, 20.45776161], [85.71237319, 20.45758528], [85.71216282, 20.45716226]]]]}, "geometry_name": "geom", "properties": {"objectid": 969, "id": 1175, "gridcode": 1, "shape_leng": 0.00158438998, "shape_area": 1.4682e-07, "from_time": "21-08-2022 06:00", "to_time": "21-08-2022 06:00"}}, {"type": "Feature", "id": "odflood50dsc21082022_0600hrs.970", "geometry": {"type": "MultiPolygon", "coordinates": [[[[85.72851216, 20.4569826], [85.72827863, 20.45708261], [85.72844022, 20.45739088], [85.72851216, 20.4569826]]]]}, "geometry_name": "geom", "properties": {"objectid": 970, "id": 1176, "gridcode": 1, "shape_leng": 0.00101666061, "shape_area": 4.407e-08, "from_time": "21-08-2022 06:00", "to_time": "21-08-2022 06:00"}}, {"type": "Feature", "id": "odflood50dsc21082022_0600hrs.972", "geometry": {"type": "MultiPolygon", "coordinates": [[[[85.70551529, 20.48051846], [85.70551529, 20.4803388], [85.70623394, 20.4803388], [85.70637956, 20.47997649], [85.70533562, 20.47979683], [85.70400131, 20.48002649], [85.70422431, 20.47954698], [85.70536229, 20.47923836], [85.70577162, 20.47857726], [85.7052307, 20.47835286], [85.70487331, 20.47861884], [85.70460592, 20.47897817], [85.70415466, 20.47882482], [85.70400131, 20.47861884], [85.70366023, 20.47836496], [85.70346741, 20.47724575], [85.70389832, 20.4769252], [85.70389832, 20.47674554], [85.70407798, 20.47674554], [85.7041708, 20.47641235], [85.70459995, 20.4760811], [85.70426168, 20.47522051], [85.70451556, 20.47430851], [85.70489805, 20.47379268], [85.70517649, 20.47311245], [85.70685118, 20.47335984], [85.70666064, 20.47298349], [85.70619938, 20.4726275], [85.70609972, 20.47195324], [85.70634412, 20.47135565], [85.70809005, 20.47109773], [85.70880695, 20.4713774], [85.70900714, 20.47163672], [85.71003722, 20.47221326], [85.71047637, 20.47294787], [85.71124292, 20.47341019], [85.71185823, 20.47321053], [85.71194579, 20.47261785], [85.71159751, 20.47216676], [85.71064726, 20.47179322], [85.71004406, 20.47162532], [85.70956929, 20.47083824], [85.70978439, 20.46968166], [85.71065463, 20.46955305], [85.71193298, 20.4698229], [85.71262356, 20.47035592], [85.71298025, 20.47209605], [85.71333063, 20.47254995], [85.71349871, 20.47233221], [85.71401174, 20.47193622], [85.71421737, 20.4714339], [85.7146781, 20.47135565], [85.71496479, 20.47092456], [85.71568432, 20.47106808], [85.71601733, 20.47129055], [85.71675669, 20.47110422], [85.71678441, 20.4718148], [85.71622331, 20.4720185], [85.71636683, 20.4721822], [85.71690582, 20.47237783], [85.7167623, 20.47290085], [85.716044, 20.47308017], [85.71570432, 20.47358863], [85.71611541, 20.47369127], [85.71611541, 20.47333194], [85.71647473, 20.47333194], [85.71647473, 20.47315228], [85.71701372, 20.47315228], [85.71709355, 20.47305244], [85.71890141, 20.47282646], [85.71906985, 20.47372372], [85.71847682, 20.47397357], [85.71827136, 20.47423025], [85.71945075, 20.47430851], [85.71960726, 20.47469099], [85.72023555, 20.47517594], [85.72117159, 20.47573563], [85.72090385, 20.4762848], [85.71966919, 20.4757995], [85.71945075, 20.47624392], [85.71998974, 20.47646446], [85.7202245, 20.4767687], [85.72106772, 20.47700345], [85.72227589, 20.4774784], [85.72248187, 20.47774526], [85.72318455, 20.47794089], [85.72330193, 20.47836251], [85.72355265, 20.47858656], [85.72363494, 20.47996684], [85.72324473, 20.48068479], [85.72445763, 20.48134379], [85.72500873, 20.4813108], [85.72548894, 20.48133958], [85.72674062, 20.48054355], [85.72747857, 20.47938311], [85.72805177, 20.47907168], [85.72806861, 20.47935434], [85.72783719, 20.4799993], [85.72883095, 20.48063145], [85.72940661, 20.48127554], [85.73004438, 20.48168118], [85.73036318, 20.48203805], [85.73072163, 20.48205946], [85.73165117, 20.48186085], [85.73488511, 20.4816582], [85.73463702, 20.48011422], [85.73399697, 20.47988455], [85.73315217, 20.47962366], [85.73290881, 20.47917608], [85.73273933, 20.47880657], [85.73245106, 20.47854919], [85.7320105, 20.47791844], [85.73167697, 20.47719171], [85.72944135, 20.47689274], [85.72840197, 20.47646043], [85.72697993, 20.47665062], [85.72631865, 20.47700994], [85.72582177, 20.47665448], [85.72555281, 20.47521331], [85.72501382, 20.47444167], [85.72523927, 20.47260136], [85.7264613, 20.47193727], [85.72768227, 20.47200991], [85.72861708, 20.47128564], [85.72986472, 20.47109124], [85.73159257, 20.47037259], [85.73289688, 20.47088912], [85.73292461, 20.47135565], [85.73287723, 20.47215167], [85.73470545, 20.47247661], [85.73453596, 20.47197938], [85.73363764, 20.47156707], [85.73380713, 20.47126073], [85.7354241, 20.47104457], [85.73516285, 20.46999361], [85.73420892, 20.4693869], [85.73368642, 20.46824856], [85.73296952, 20.46785906], [85.7317003, 20.46874544], [85.73104025, 20.46847139], [85.73038879, 20.46801644], [85.72967541, 20.4680589], [85.72917642, 20.46750043], [85.72895816, 20.46748728], [85.72761472, 20.46784713], [85.72662061, 20.46749798], [85.72563755, 20.46669125], [85.72422884, 20.46784713], [85.7238153, 20.46761588], [85.72351423, 20.46632192], [85.7226096, 20.4660426], [85.72215763, 20.46409982], [85.72146775, 20.46372505], [85.72139424, 20.46417246], [85.72147144, 20.46546887], [85.72063874, 20.4660505], [85.72021081, 20.46531167], [85.72064821, 20.46409245], [85.72023801, 20.46406806], [85.71990535, 20.46479286], [85.71943409, 20.46462337], [85.71918249, 20.46380857], [85.71835874, 20.4631701], [85.71810872, 20.46371488], [85.71799678, 20.46354539], [85.71791204, 20.46309115], [85.71745937, 20.46317747], [85.71675002, 20.46366575], [85.71602207, 20.46389612], [85.71584942, 20.4640828], [85.71556466, 20.46425545], [85.71531043, 20.46371646], [85.71505147, 20.46336415], [85.71324764, 20.4639963], [85.71198561, 20.46439581], [85.71097185, 20.46481233], [85.71063919, 20.46441563], [85.71151961, 20.46359978], [85.71180139, 20.46270989], [85.71342502, 20.46245127], [85.71299376, 20.46163612], [85.71390032, 20.46045375], [85.71386295, 20.45950894], [85.71278813, 20.45851325], [85.71245126, 20.45814953], [85.71135083, 20.45797426], [85.71117818, 20.45722911], [85.71156155, 20.45687382], [85.71097097, 20.45689733], [85.71035075, 20.45756668], [85.71081886, 20.45778758], [85.7109915, 20.45865677], [85.70999107, 20.45886555], [85.70974088, 20.45830709], [85.7101002, 20.45797426], [85.71027285, 20.45772476], [85.70945419, 20.45801163], [85.70861956, 20.45943139], [85.70687925, 20.45936243], [85.70668661, 20.45977089], [85.70636149, 20.45994353], [85.70614235, 20.45902381], [85.70540826, 20.45905294], [85.70491278, 20.46010319], [85.70347337, 20.46180648], [85.70220503, 20.46220792], [85.70201537, 20.46300482], [85.70188343, 20.46317747], [85.70165586, 20.46245864], [85.7013804, 20.46246952], [85.70004592, 20.46390998], [85.69953745, 20.46438089], [85.69856949, 20.46386875], [85.6973443, 20.46391735], [85.69609859, 20.46325818], [85.69498149, 20.46355083], [85.69428985, 20.46401122], [85.69485586, 20.46483409], [85.69481656, 20.46582767], [85.6936956, 20.46831541], [85.69339154, 20.46931531], [85.6962751, 20.47194095], [85.69624123, 20.47279295], [85.69626632, 20.47342423], [85.69596683, 20.4745673], [85.69656494, 20.47627392], [85.69607262, 20.47720435], [85.69609017, 20.47764385], [85.6960728, 20.47808108], [85.6943953, 20.47940013], [85.69323732, 20.47892448], [85.69245129, 20.47977279], [85.69139437, 20.47933872], [85.6914363, 20.47828285], [85.69083853, 20.47789685], [85.69031656, 20.47791756], [85.68957089, 20.47949786], [85.68889295, 20.48060478], [85.6887203, 20.48115079], [85.68813955, 20.48199472], [85.68841414, 20.48383591], [85.68756933, 20.4846186], [85.68575235, 20.48454667], [85.68530039, 20.48456456], [85.68440523, 20.48419682], [85.68383203, 20.48439771], [85.68296757, 20.4843635], [85.68172028, 20.4844128], [85.68031509, 20.48366923], [85.67964117, 20.48471282], [85.68063055, 20.48615048], [85.68080811, 20.48702335], [85.6793708, 20.48725232], [85.67872882, 20.48747742], [85.67829984, 20.48822994], [85.67940695, 20.48925581], [85.68027368, 20.48922142], [85.68049931, 20.4899341], [85.68159238, 20.49127702], [85.68283265, 20.49176004], [85.68379553, 20.49279924], [85.68548444, 20.49300154], [85.68798779, 20.49029975], [85.68871433, 20.48962671], [85.68943193, 20.48954916], [85.68860117, 20.49063275], [85.68836097, 20.49139159], [85.68744862, 20.49247097], [85.68748933, 20.49349684], [85.68719913, 20.49404548], [85.68647872, 20.49509222], [85.68494036, 20.49533715], [85.68421504, 20.49559156], [85.6838694, 20.4961609], [85.68476543, 20.49658374], [85.68494036, 20.49750013], [85.68550198, 20.49823229], [85.68613571, 20.4982072], [85.68658347, 20.49725836], [85.68655066, 20.49643198], [85.68669821, 20.49606283], [85.68830097, 20.49729169], [85.68900804, 20.49767277], [85.68979126, 20.49713379], [85.69008602, 20.49696114], [85.69100241, 20.49759154], [85.69226233, 20.49808228], [85.69338452, 20.49713379], [85.69428985, 20.49642215], [85.69466339, 20.49584333], [85.69580067, 20.49478974], [85.69661477, 20.49352912], [85.69688462, 20.49382037], [85.69717885, 20.49409302], [85.69755221, 20.49407829], [85.69750589, 20.49291241], [85.69698427, 20.49318839], [85.69649687, 20.49316909], [85.69680531, 20.4922892], [85.69677689, 20.4915709], [85.69723447, 20.49114701], [85.69779943, 20.49144598], [85.69713411, 20.49231341], [85.69721026, 20.49282187], [85.69823542, 20.49246255], [85.69906917, 20.4922899], [85.69990871, 20.49286749], [85.69961992, 20.49369141], [85.70018768, 20.49421742], [85.70075071, 20.49386722], [85.70039138, 20.49318822], [85.70020944, 20.49223481], [85.69933463, 20.4914244], [85.69892776, 20.49079417], [85.69897531, 20.48959145], [85.69895337, 20.48903649], [85.70013013, 20.48794623], [85.70093704, 20.48797816], [85.70252084, 20.48663964], [85.702727, 20.4849167], [85.70291368, 20.48456439], [85.70308633, 20.48401838], [85.70381217, 20.48312673], [85.70379603, 20.48271969], [85.70324529, 20.48220929], [85.70327669, 20.48141678], [85.70325178, 20.48079094], [85.70364795, 20.4806118], [85.70436397, 20.48172048], [85.70433713, 20.48239527], [85.70454521, 20.48278846], [85.70609867, 20.48272688], [85.70632026, 20.48209683], [85.70560161, 20.48186944], [85.70542896, 20.48168276], [85.70524228, 20.48151012], [85.70504929, 20.48130168], [85.7050749, 20.48065795], [85.70551529, 20.48051846]], [[85.69383719, 20.48303374], [85.69408633, 20.48361432], [85.69357822, 20.48400382], [85.6934061, 20.4831413], [85.69383719, 20.48303374]], [[85.6947355, 20.48932195], [85.69513115, 20.48992077], [85.69467497, 20.49011394], [85.6944825, 20.4894967], [85.6947355, 20.48932195]], [[85.68431505, 20.49219656], [85.68431505, 20.49255589], [85.68377606, 20.49255589], [85.68377606, 20.49219656], [85.68431505, 20.49219656]], [[85.6850337, 20.4851897], [85.68512178, 20.48528129], [85.68546671, 20.48561272], [85.68483579, 20.48599643], [85.68440663, 20.48539323], [85.6850337, 20.4851897]], [[85.70228135, 20.48069812], [85.70254488, 20.48146783], [85.70158007, 20.48305848], [85.70119688, 20.48330148], [85.70093563, 20.48220929], [85.70186939, 20.48083182], [85.70228135, 20.48069812]], [[85.69958641, 20.4817761], [85.69966624, 20.48187594], [85.70023979, 20.48211753], [85.70018908, 20.48252458], [85.69910321, 20.48238948], [85.69860826, 20.48189839], [85.69958641, 20.4817761]], [[85.69096258, 20.48141678], [85.69096258, 20.48159644], [85.69132191, 20.48159644], [85.69132191, 20.48213543], [85.69078292, 20.48213543], [85.69078292, 20.48141678], [85.69096258, 20.48141678]], [[85.69491517, 20.48069812], [85.69483077, 20.48129396], [85.69448899, 20.4807955], [85.69491517, 20.48069812]], [[85.69078292, 20.48069812], [85.69068536, 20.48092621], [85.69036973, 20.48077094], [85.69078292, 20.48069812]], [[85.69725079, 20.47908116], [85.69733711, 20.4791745], [85.69768714, 20.47949856], [85.6972557, 20.4800658], [85.69680514, 20.47949417], [85.69725079, 20.47908116]], [[85.69635247, 20.46470811], [85.69625036, 20.46530939], [85.69591489, 20.46504586], [85.69635247, 20.46470811]], [[85.70623394, 20.46201317], [85.70569495, 20.46201317], [85.70569495, 20.46147418], [85.70623394, 20.46147418], [85.70623394, 20.46201317]], [[85.70623394, 20.46201317], [85.70677293, 20.46201317], [85.70677293, 20.46255216], [85.70623394, 20.46255216], [85.70623394, 20.46201317]], [[85.70731192, 20.4603962], [85.70731192, 20.46147418], [85.70677293, 20.46147418], [85.70677293, 20.46093519], [85.70623394, 20.46093519], [85.70623394, 20.4603962], [85.70731192, 20.4603962]], [[85.71090518, 20.45913856], [85.71090518, 20.4603962], [85.71018653, 20.4603962], [85.71018653, 20.45985721], [85.7098272, 20.45985721], [85.7098272, 20.45913856], [85.71090518, 20.45913856]]]]}, "geometry_name": "geom", "properties": {"objectid": 972, "id": 1178, "gridcode": 1, "shape_leng": 0.3548258859, "shape_area": 0.00073589751, "from_time": "21-08-2022 06:00", "to_time": "21-08-2022 06:00"}}, {"type": "Feature", "id": "odflood50dsc21082022_0600hrs.976", "geometry": {"type": "MultiPolygon", "coordinates": [[[[85.62089399, 20.45572496], [85.62008375, 20.45581304], [85.61954108, 20.45618078], [85.61955037, 20.45663556], [85.62149789, 20.45889363], [85.62117348, 20.45922663], [85.61868697, 20.45693944], [85.61671226, 20.45669802], [85.61541584, 20.45617219], [85.61522565, 20.45617605], [85.61487703, 20.45689452], [85.61464613, 20.45734298], [85.61379905, 20.45759212], [85.61419382, 20.45682592], [85.61413732, 20.45635554], [85.61342551, 20.45672223], [85.6129274, 20.45774898], [85.6132669, 20.45907364], [85.61324217, 20.46028461], [85.61399064, 20.46151892], [85.61397327, 20.46237583], [85.6146993, 20.46344714], [85.61469333, 20.46373979], [85.61382677, 20.46457231], [85.61358816, 20.46628122], [85.61290354, 20.46693899], [85.61255895, 20.46764922], [85.61417101, 20.46948164], [85.61522934, 20.46946006], [85.616088, 20.47035364], [85.61694087, 20.47076753], [85.61794885, 20.4710844], [85.61880874, 20.47018942], [85.61976074, 20.47000361], [85.62081275, 20.46964358], [85.62121191, 20.46965165], [85.62250745, 20.47099983], [85.62313714, 20.47160496], [85.62339874, 20.47267838], [85.62449707, 20.47349265], [85.62622914, 20.47529525], [85.62712272, 20.47558527], [85.62816508, 20.47612216], [85.62853862, 20.47592968], [85.62852756, 20.47538543], [85.62749362, 20.47439202], [85.62806489, 20.47328299], [85.62973555, 20.47270487], [85.63032454, 20.47360319], [85.63071194, 20.47413867], [85.63142393, 20.47339756], [85.63139708, 20.47208518], [85.63038034, 20.47074525], [85.629871, 20.47054892], [85.62953466, 20.47124195], [85.62870758, 20.47144372], [85.62800945, 20.47180322], [85.62689375, 20.47202114], [85.62655513, 20.4730642], [85.62609983, 20.47324035], [85.62583648, 20.47162339], [85.62556523, 20.47109668], [85.62691445, 20.47090824], [85.62762591, 20.47054172], [85.62891724, 20.47012274], [85.62947062, 20.46841735], [85.62942149, 20.46600348], [85.6290162, 20.46442248], [85.62834825, 20.46354206], [85.62816227, 20.46258953], [85.62817911, 20.46176227], [85.62798892, 20.46120644], [85.62776803, 20.46007477], [85.62741098, 20.45973176], [85.62556645, 20.45852255], [85.62439566, 20.45833183], [85.62421951, 20.45689102], [85.62379158, 20.45625956], [85.62267114, 20.45716402], [85.62173072, 20.45618517], [85.62099154, 20.45582655], [85.62089399, 20.45572496]], [[85.62538556, 20.47081666], [85.62532521, 20.47129529], [85.62470534, 20.471416], [85.62442689, 20.47088578], [85.62538556, 20.47081666]], [[85.62700253, 20.46488778], [85.62700253, 20.4652471], [85.62736186, 20.4652471], [85.62736186, 20.46812171], [85.62808051, 20.46812171], [85.62808051, 20.4686607], [85.62843984, 20.4686607], [85.62843984, 20.46973868], [85.62628388, 20.46973868], [85.62628388, 20.46919969], [85.62592455, 20.46919969], [85.62592455, 20.46812171], [85.62448725, 20.46812171], [85.62448725, 20.46758272], [85.62394826, 20.46758272], [85.62394826, 20.46704373], [85.62502624, 20.46704373], [85.62502624, 20.4652471], [85.62592455, 20.4652471], [85.62592455, 20.46488778], [85.62700253, 20.46488778]], [[85.61640241, 20.4686607], [85.61640241, 20.46919969], [85.61586342, 20.46919969], [85.61586342, 20.4686607], [85.61640241, 20.4686607]], [[85.62143298, 20.46434879], [85.62161404, 20.46480935], [85.62138174, 20.46638175], [85.62109383, 20.46685916], [85.62053589, 20.46652264], [85.62009708, 20.46534378], [85.6206387, 20.46444581], [85.62143298, 20.46434879]], [[85.61999567, 20.46255216], [85.61987268, 20.46298219], [85.61955651, 20.46267778], [85.61999567, 20.46255216]], [[85.62394826, 20.45895889], [85.62386352, 20.45949683], [85.62333769, 20.45993055], [85.62315627, 20.45916207], [85.62394826, 20.45895889]]]]}, "geometry_name": "geom", "properties": {"objectid": 976, "id": 1182, "gridcode": 1, "shape_leng": 0.12624931372, "shape_area": 0.0002032319, "from_time": "21-08-2022 06:00", "to_time": "21-08-2022 06:00"}}, {"type": "Feature", "id": "odflood50dsc21082022_0600hrs.977", "geometry": {"type": "MultiPolygon", "coordinates": [[[[85.72923081, 20.4555453], [85.72917045, 20.45656292], [85.72864831, 20.45671363], [85.72851216, 20.4569826], [85.72914958, 20.45687979], [85.72937258, 20.45740877], [85.73055547, 20.45646151], [85.73020896, 20.45618412], [85.73003929, 20.45578128], [85.7296719, 20.4558269], [85.72951031, 20.45562513], [85.72923081, 20.4555453]]]]}, "geometry_name": "geom", "properties": {"objectid": 977, "id": 1183, "gridcode": 1, "shape_leng": 0.00639987697, "shape_area": 1.62616e-06, "from_time": "21-08-2022 06:00", "to_time": "21-08-2022 06:00"}}, {"type": "Feature", "id": "odflood50dsc21082022_0600hrs.978", "geometry": {"type": "MultiPolygon", "coordinates": [[[[85.72959014, 20.45446732], [85.72923081, 20.45446732], [85.72923081, 20.45482664], [85.72959014, 20.45482664], [85.72959014, 20.45446732]]]]}, "geometry_name": "geom", "properties": {"objectid": 978, "id": 1185, "gridcode": 1, "shape_leng": 0.00143730445, "shape_area": 1.2912e-07, "from_time": "21-08-2022 06:00", "to_time": "21-08-2022 06:00"}}, {"type": "Feature", "id": "odflood50dsc21082022_0600hrs.980", "geometry": {"type": "MultiPolygon", "coordinates": [[[[85.6334704, 20.46111485], [85.63329232, 20.46085694], [85.63243295, 20.46053533], [85.63210468, 20.46006003], [85.63102846, 20.45978387], [85.63095512, 20.45949788], [85.63031156, 20.45942279], [85.63013751, 20.458555], [85.62959291, 20.45834481], [85.62922411, 20.45783056], [85.62855388, 20.45757195], [85.62818508, 20.45705769], [85.62733221, 20.4565631], [85.6271071, 20.45597972], [85.6263502, 20.45577988], [85.62584946, 20.4550814], [85.62543101, 20.4547812], [85.62505168, 20.45379797], [85.6240716, 20.45399167], [85.6237686, 20.453569], [85.62349401, 20.45348426], [85.62209303, 20.45340074], [85.62314486, 20.45401307], [85.62439233, 20.45510123], [85.62507045, 20.45553249], [85.62675778, 20.45684013], [85.6296759, 20.45938524], [85.63105197, 20.46038392], [85.63194835, 20.46066061], [85.63247717, 20.46085045], [85.6334704, 20.46111485]]]]}, "geometry_name": "geom", "properties": {"objectid": 980, "id": 1187, "gridcode": 1, "shape_leng": 0.02925899151, "shape_area": 9.08625e-06, "from_time": "21-08-2022 06:00", "to_time": "21-08-2022 06:00"}}, {"type": "Feature", "id": "odflood50dsc21082022_0600hrs.981", "geometry": {"type": "MultiPolygon", "coordinates": [[[[85.56699507, 20.45267069], [85.56658188, 20.4527435], [85.56689752, 20.45289878], [85.56699507, 20.45267069]]]]}, "geometry_name": "geom", "properties": {"objectid": 981, "id": 1190, "gridcode": 1, "shape_leng": 0.00101939394, "shape_area": 4.357e-08, "from_time": "21-08-2022 06:00", "to_time": "21-08-2022 06:00"}}, {"type": "Feature", "id": "odflood50dsc21082022_0600hrs.983", "geometry": {"type": "MultiPolygon", "coordinates": [[[[85.59035127, 20.45249102], [85.59041285, 20.45270999], [85.59057023, 20.45255261], [85.59035127, 20.45249102]]]]}, "geometry_name": "geom", "properties": {"objectid": 983, "id": 1194, "gridcode": 1, "shape_leng": 0.00067748933, "shape_area": 2.208e-08, "from_time": "21-08-2022 06:00", "to_time": "21-08-2022 06:00"}}, {"type": "Feature", "id": "odflood50dsc21082022_0600hrs.985", "geometry": {"type": "MultiPolygon", "coordinates": [[[[85.61388713, 20.45195204], [85.61326831, 20.45212907], [85.61353061, 20.45406676], [85.61391538, 20.45454715], [85.61429084, 20.45403992], [85.61392801, 20.45342285], [85.61405626, 20.45239207], [85.61388713, 20.45195204]]]]}, "geometry_name": "geom", "properties": {"objectid": 985, "id": 1197, "gridcode": 1, "shape_leng": 0.00607155742, "shape_area": 1.47076e-06, "from_time": "21-08-2022 06:00", "to_time": "21-08-2022 06:00"}}, {"type": "Feature", "id": "odflood50dsc21082022_0600hrs.986", "geometry": {"type": "MultiPolygon", "coordinates": [[[[85.72923081, 20.4555453], [85.72923081, 20.45482664], [85.72851216, 20.45482664], [85.72851216, 20.45446732], [85.72923081, 20.45446732], [85.72923081, 20.45338934], [85.72959014, 20.45338934], [85.72959014, 20.45446732], [85.7310327, 20.45433906], [85.73133431, 20.45316248], [85.73094972, 20.4527621], [85.73039687, 20.45258261], [85.73004105, 20.45239944], [85.72967821, 20.45222328], [85.72933292, 20.45186396], [85.72895763, 20.45204099], [85.7293924, 20.45268227], [85.72896675, 20.45312528], [85.72770543, 20.45433696], [85.72856023, 20.45541441], [85.72923081, 20.4555453]]]]}, "geometry_name": "geom", "properties": {"objectid": 986, "id": 1198, "gridcode": 1, "shape_leng": 0.01574343484, "shape_area": 5.58977e-06, "from_time": "21-08-2022 06:00", "to_time": "21-08-2022 06:00"}}, {"type": "Feature", "id": "odflood50dsc21082022_0600hrs.987", "geometry": {"type": "MultiPolygon", "coordinates": [[[[85.67658953, 20.45159271], [85.67557121, 20.45217995], [85.67459991, 20.45301668], [85.67435041, 20.45330618], [85.67381142, 20.45354672], [85.67421058, 20.45383183], [85.67526434, 20.45329828], [85.67650637, 20.4522282], [85.67658953, 20.45159271]]]]}, "geometry_name": "geom", "properties": {"objectid": 987, "id": 1201, "gridcode": 1, "shape_leng": 0.00738191895, "shape_area": 1.74e-06, "from_time": "21-08-2022 06:00", "to_time": "21-08-2022 06:00"}}, {"type": "Feature", "id": "odflood50dsc21082022_0600hrs.988", "geometry": {"type": "MultiPolygon", "coordinates": [[[[85.71575608, 20.45087406], [85.71581766, 20.45109302], [85.71597505, 20.45093564], [85.71575608, 20.45087406]]]]}, "geometry_name": "geom", "properties": {"objectid": 988, "id": 1204, "gridcode": 1, "shape_leng": 0.00067748933, "shape_area": 2.208e-08, "from_time": "21-08-2022 06:00", "to_time": "21-08-2022 06:00"}}, {"type": "Feature", "id": "odflood50dsc21082022_0600hrs.989", "geometry": {"type": "MultiPolygon", "coordinates": [[[[85.71539676, 20.45069439], [85.71539676, 20.45087406], [85.71575608, 20.45087406], [85.71575608, 20.45069439], [85.71539676, 20.45069439]]]]}, "geometry_name": "geom", "properties": {"objectid": 989, "id": 1206, "gridcode": 1, "shape_leng": 0.00107797834, "shape_area": 6.456e-08, "from_time": "21-08-2022 06:00", "to_time": "21-08-2022 06:00"}}, {"type": "Feature", "id": "odflood50dsc21082022_0600hrs.992", "geometry": {"type": "MultiPolygon", "coordinates": [[[[85.71503743, 20.45051473], [85.71503743, 20.45069439], [85.71539676, 20.45069439], [85.71539676, 20.45051473], [85.71503743, 20.45051473]]]]}, "geometry_name": "geom", "properties": {"objectid": 992, "id": 1209, "gridcode": 1, "shape_leng": 0.00107797834, "shape_area": 6.456e-08, "from_time": "21-08-2022 06:00", "to_time": "21-08-2022 06:00"}}, {"type": "Feature", "id": "odflood50dsc21082022_0600hrs.993", "geometry": {"type": "MultiPolygon", "coordinates": [[[[85.71503743, 20.45051473], [85.71491023, 20.45027313], [85.71444545, 20.45043788], [85.71503743, 20.45051473]]]]}, "geometry_name": "geom", "properties": {"objectid": 993, "id": 1210, "gridcode": 1, "shape_leng": 0.00136309021, "shape_area": 6.662e-08, "from_time": "21-08-2022 06:00", "to_time": "21-08-2022 06:00"}}, {"type": "Feature", "id": "odflood50dsc21082022_0600hrs.994", "geometry": {"type": "MultiPolygon", "coordinates": [[[[85.71431878, 20.45015541], [85.71409981, 20.45021699], [85.71425719, 20.45037437], [85.71431878, 20.45015541]]]]}, "geometry_name": "geom", "properties": {"objectid": 994, "id": 1211, "gridcode": 1, "shape_leng": 0.00067748933, "shape_area": 2.208e-08, "from_time": "21-08-2022 06:00", "to_time": "21-08-2022 06:00"}}, {"type": "Feature", "id": "odflood50dsc21082022_0600hrs.995", "geometry": {"type": "MultiPolygon", "coordinates": [[[[85.60975488, 20.44997574], [85.60952135, 20.45007575], [85.60968294, 20.45038402], [85.60975488, 20.44997574]]]]}, "geometry_name": "geom", "properties": {"objectid": 995, "id": 1212, "gridcode": 1, "shape_leng": 0.00101666061, "shape_area": 4.407e-08, "from_time": "21-08-2022 06:00", "to_time": "21-08-2022 06:00"}}, {"type": "Feature", "id": "odflood50dsc21082022_0600hrs.996", "geometry": {"type": "MultiPolygon", "coordinates": [[[[85.61191083, 20.44997574], [85.61092778, 20.45027927], [85.61110095, 20.45080037], [85.61156011, 20.450773], [85.61285494, 20.45167745], [85.61342692, 20.45093669], [85.61231244, 20.45042525], [85.61191083, 20.44997574]]]]}, "geometry_name": "geom", "properties": {"objectid": 996, "id": 1213, "gridcode": 1, "shape_leng": 0.00638227475, "shape_area": 1.82398e-06, "from_time": "21-08-2022 06:00", "to_time": "21-08-2022 06:00"}}, {"type": "Feature", "id": "odflood50dsc21082022_0600hrs.997", "geometry": {"type": "MultiPolygon", "coordinates": [[[[85.61712106, 20.44997574], [85.61624222, 20.45008558], [85.61539023, 20.45060316], [85.6156234, 20.45079002], [85.61470561, 20.45098845], [85.61486527, 20.45151288], [85.61519477, 20.45207327], [85.61473035, 20.45328144], [85.61540479, 20.45488174], [85.6162445, 20.45498613], [85.61668191, 20.45438749], [85.61684578, 20.45362936], [85.61703141, 20.45386113], [85.61823904, 20.45227434], [85.61935685, 20.45159534], [85.61906174, 20.45107407], [85.61720089, 20.45007557], [85.61712106, 20.44997574]], [[85.6169414, 20.45285035], [85.61686455, 20.45344233], [85.6166998, 20.45297755], [85.6169414, 20.45285035]], [[85.61712106, 20.45249102], [85.61705948, 20.45270999], [85.6169021, 20.45255261], [85.61712106, 20.45249102]], [[85.61604308, 20.45087406], [85.61582412, 20.45081247], [85.6159815, 20.45065509], [85.61604308, 20.45087406]], [[85.61604308, 20.45087406], [85.61622275, 20.45087406], [85.61622275, 20.45123338], [85.61604308, 20.45123338], [85.61604308, 20.45087406]], [[85.61622275, 20.45123338], [85.61640241, 20.45123338], [85.61640241, 20.45159271], [85.61622275, 20.45159271], [85.61622275, 20.45123338]], [[85.61640241, 20.45159271], [85.61670138, 20.45165307], [85.61698789, 20.45221942], [85.61647382, 20.45237172], [85.61640241, 20.45159271]]]]}, "geometry_name": "geom", "properties": {"objectid": 997, "id": 1214, "gridcode": 1, "shape_leng": 0.02328254092, "shape_area": 1.275134e-05, "from_time": "21-08-2022 06:00", "to_time": "21-08-2022 06:00"}}, {"type": "Feature", "id": "odflood50dsc21082022_0600hrs.998", "geometry": {"type": "MultiPolygon", "coordinates": [[[[85.71342046, 20.44979608], [85.71348362, 20.449921], [85.71401981, 20.45018278], [85.7138991, 20.44985643], [85.71342046, 20.44979608]]]]}, "geometry_name": "geom", "properties": {"objectid": 998, "id": 1215, "gridcode": 1, "shape_leng": 0.00156702863, "shape_area": 9.968e-08, "from_time": "21-08-2022 06:00", "to_time": "21-08-2022 06:00"}}, {"type": "Feature", "id": "odflood50dsc21082022_0600hrs.999", "geometry": {"type": "MultiPolygon", "coordinates": [[[[85.67856583, 20.44961642], [85.67806982, 20.44977345], [85.6775768, 20.45081791], [85.67703045, 20.45132427], [85.67740153, 20.45149937], [85.67757417, 20.45168605], [85.67811316, 20.45194028], [85.67794052, 20.4524047], [85.67686254, 20.45261051], [85.67869707, 20.453296], [85.67955748, 20.45294369], [85.67973013, 20.45257735], [85.68008946, 20.45224451], [85.67987505, 20.45131953], [85.67856583, 20.44961642]], [[85.67910482, 20.45177237], [85.67910482, 20.45249102], [85.67856583, 20.45249102], [85.67856583, 20.45177237], [85.67910482, 20.45177237]]]]}, "geometry_name": "geom", "properties": {"objectid": 999, "id": 1216, "gridcode": 1, "shape_leng": 0.01466953235, "shape_area": 6.18128e-06, "from_time": "21-08-2022 06:00", "to_time": "21-08-2022 06:00"}}, {"type": "Feature", "id": "odflood50dsc21082022_0600hrs.1000", "geometry": {"type": "MultiPolygon", "coordinates": [[[[85.71306114, 20.44961642], [85.71306114, 20.44979608], [85.71342046, 20.44979608], [85.71342046, 20.44961642], [85.71306114, 20.44961642]]]]}, "geometry_name": "geom", "properties": {"objectid": 1000, "id": 1217, "gridcode": 1, "shape_leng": 0.00107797834, "shape_area": 6.456e-08, "from_time": "21-08-2022 06:00", "to_time": "21-08-2022 06:00"}}, {"type": "Feature", "id": "odflood50dsc21082022_0600hrs.1002", "geometry": {"type": "MultiPolygon", "coordinates": [[[[85.71306114, 20.44961642], [85.71296113, 20.44938289], [85.71265286, 20.44954448], [85.71306114, 20.44961642]]]]}, "geometry_name": "geom", "properties": {"objectid": 1002, "id": 1219, "gridcode": 1, "shape_leng": 0.00101666061, "shape_area": 4.407e-08, "from_time": "21-08-2022 06:00", "to_time": "21-08-2022 06:00"}}, {"type": "Feature", "id": "odflood50dsc21082022_0600hrs.1004", "geometry": {"type": "MultiPolygon", "coordinates": [[[[85.63975861, 20.44764012], [85.63860729, 20.44772416], [85.63959719, 20.44787382], [85.63975861, 20.44764012]]]]}, "geometry_name": "geom", "properties": {"objectid": 1004, "id": 1227, "gridcode": 1, "shape_leng": 0.00243955949, "shape_area": 1.2775e-07, "from_time": "21-08-2022 06:00", "to_time": "21-08-2022 06:00"}}, {"type": "Feature", "id": "odflood50dsc21082022_0600hrs.1008", "geometry": {"type": "MultiPolygon", "coordinates": [[[[85.64766378, 20.44656214], [85.64624788, 20.44666654], [85.64200791, 20.4475538], [85.6405706, 20.44775013], [85.64316922, 20.44773276], [85.6475743, 20.44703113], [85.64766378, 20.44656214]]]]}, "geometry_name": "geom", "properties": {"objectid": 1008, "id": 1234, "gridcode": 1, "shape_leng": 0.01473894243, "shape_area": 2.7329e-06, "from_time": "21-08-2022 06:00", "to_time": "21-08-2022 06:00"}}, {"type": "Feature", "id": "odflood50dsc21082022_0600hrs.1009", "geometry": {"type": "MultiPolygon", "coordinates": [[[[85.64892142, 20.44656214], [85.64813592, 20.44664268], [85.64878141, 20.44679813], [85.64892142, 20.44656214]]]]}, "geometry_name": "geom", "properties": {"objectid": 1009, "id": 1235, "gridcode": 1, "shape_leng": 0.00172795241, "shape_area": 8.704e-08, "from_time": "21-08-2022 06:00", "to_time": "21-08-2022 06:00"}}, {"type": "Feature", "id": "odflood50dsc21082022_0600hrs.1010", "geometry": {"type": "MultiPolygon", "coordinates": [[[[85.70084405, 20.44656214], [85.70062508, 20.44662373], [85.70078246, 20.44678111], [85.70084405, 20.44656214]]]]}, "geometry_name": "geom", "properties": {"objectid": 1010, "id": 1236, "gridcode": 1, "shape_leng": 0.00067748933, "shape_area": 2.208e-08, "from_time": "21-08-2022 06:00", "to_time": "21-08-2022 06:00"}}, {"type": "Feature", "id": "odflood50dsc21082022_0600hrs.1012", "geometry": {"type": "MultiPolygon", "coordinates": [[[[85.70048472, 20.44638248], [85.70026576, 20.44644406], [85.70042314, 20.44660145], [85.70048472, 20.44638248]]]]}, "geometry_name": "geom", "properties": {"objectid": 1012, "id": 1239, "gridcode": 1, "shape_leng": 0.00067748933, "shape_area": 2.208e-08, "from_time": "21-08-2022 06:00", "to_time": "21-08-2022 06:00"}}, {"type": "Feature", "id": "odflood50dsc21082022_0600hrs.1014", "geometry": {"type": "MultiPolygon", "coordinates": [[[[85.69437618, 20.44620282], [85.69392035, 20.44628598], [85.69280448, 20.44720904], [85.69231005, 20.44716938], [85.69179317, 20.44721079], [85.69137384, 20.44860318], [85.6917451, 20.44898093], [85.69266271, 20.44826228], [85.69348523, 20.44774715], [85.69450759, 20.44656056], [85.69437618, 20.44620282]]]]}, "geometry_name": "geom", "properties": {"objectid": 1014, "id": 1242, "gridcode": 1, "shape_leng": 0.00899332133, "shape_area": 3.27231e-06, "from_time": "21-08-2022 06:00", "to_time": "21-08-2022 06:00"}}, {"type": "Feature", "id": "odflood50dsc21082022_0600hrs.1015", "geometry": {"type": "MultiPolygon", "coordinates": [[[[85.69976607, 20.44620282], [85.6995471, 20.4462644], [85.69970449, 20.44642178], [85.69976607, 20.44620282]]]]}, "geometry_name": "geom", "properties": {"objectid": 1015, "id": 1243, "gridcode": 1, "shape_leng": 0.00067748933, "shape_area": 2.208e-08, "from_time": "21-08-2022 06:00", "to_time": "21-08-2022 06:00"}}, {"type": "Feature", "id": "odflood50dsc21082022_0600hrs.1016", "geometry": {"type": "MultiPolygon", "coordinates": [[[[85.69904742, 20.44584349], [85.69826192, 20.44592402], [85.69890741, 20.44607947], [85.69904742, 20.44584349]]]]}, "geometry_name": "geom", "properties": {"objectid": 1016, "id": 1246, "gridcode": 1, "shape_leng": 0.00172795241, "shape_area": 8.704e-08, "from_time": "21-08-2022 06:00", "to_time": "21-08-2022 06:00"}}, {"type": "Feature", "id": "odflood50dsc21082022_0600hrs.1019", "geometry": {"type": "MultiPolygon", "coordinates": [[[[85.65556896, 20.44566383], [85.65492031, 20.44578489], [85.65371285, 20.44633897], [85.65467064, 20.44628195], [85.65526139, 20.44631721], [85.65548421, 20.44611807], [85.65556896, 20.44566383]]]]}, "geometry_name": "geom", "properties": {"objectid": 1019, "id": 1249, "gridcode": 1, "shape_leng": 0.00430058211, "shape_area": 6.176e-07, "from_time": "21-08-2022 06:00", "to_time": "21-08-2022 06:00"}}, {"type": "Feature", "id": "odflood50dsc21082022_0600hrs.1023", "geometry": {"type": "MultiPolygon", "coordinates": [[[[85.57454092, 20.44242989], [85.5741179, 20.44252095], [85.57431616, 20.44283993], [85.57454092, 20.44242989]]]]}, "geometry_name": "geom", "properties": {"objectid": 1023, "id": 1272, "gridcode": 1, "shape_leng": 0.00127586242, "shape_area": 7.649e-08, "from_time": "21-08-2022 06:00", "to_time": "21-08-2022 06:00"}}, {"type": "Feature", "id": "odflood50dsc21082022_0600hrs.1024", "geometry": {"type": "MultiPolygon", "coordinates": [[[[85.66634874, 20.44171124], [85.66589449, 20.4416265], [85.66572167, 20.44143297], [85.66378766, 20.44248393], [85.66196787, 20.44282361], [85.66159276, 20.44324347], [85.66068427, 20.44341295], [85.65728084, 20.4450401], [85.65601303, 20.44556891], [85.65584354, 20.44606018], [85.65650973, 20.44628756], [85.65673168, 20.44556891], [85.65766824, 20.44539942], [85.65798985, 20.44575927], [85.65833408, 20.44573875], [85.65995316, 20.44506536], [85.66014528, 20.44485026], [85.66051478, 20.44468077], [85.66068427, 20.44449093], [85.66203069, 20.44407528], [85.66230123, 20.44377228], [85.66281531, 20.4435363], [85.66301989, 20.44287396], [85.66341746, 20.44270448], [85.66373854, 20.4430638], [85.66395645, 20.44323329], [85.66433876, 20.44280554], [85.66554534, 20.44252481], [85.66589449, 20.44233497], [85.666264, 20.44216549], [85.66634874, 20.44171124]]]]}, "geometry_name": "geom", "properties": {"objectid": 1024, "id": 1277, "gridcode": 1, "shape_leng": 0.02520792971, "shape_area": 8.97702e-06, "from_time": "21-08-2022 06:00", "to_time": "21-08-2022 06:00"}}, {"type": "Feature", "id": "odflood50dsc21082022_0600hrs.1025", "geometry": {"type": "MultiPolygon", "coordinates": [[[[85.64946041, 20.44099259], [85.64835226, 20.44112348], [85.64623332, 20.44099715], [85.64596207, 20.44169019], [85.64779239, 20.44271307], [85.64817242, 20.44269044], [85.64914214, 20.44216356], [85.65029381, 20.44194863], [85.65026205, 20.44141648], [85.64954516, 20.44108751], [85.64946041, 20.44099259]]]]}, "geometry_name": "geom", "properties": {"objectid": 1025, "id": 1282, "gridcode": 1, "shape_leng": 0.01018451968, "shape_area": 4.95509e-06, "from_time": "21-08-2022 06:00", "to_time": "21-08-2022 06:00"}}, {"type": "Feature", "id": "odflood50dsc21082022_0600hrs.1027", "geometry": {"type": "MultiPolygon", "coordinates": [[[[85.59897509, 20.44081293], [85.59861261, 20.44095539], [85.59782869, 20.44083959], [85.5976392, 20.44113611], [85.59887702, 20.44164264], [85.59923301, 20.44146912], [85.59897509, 20.44081293]]]]}, "geometry_name": "geom", "properties": {"objectid": 1027, "id": 1285, "gridcode": 1, "shape_leng": 0.00397232769, "shape_area": 7.6814e-07, "from_time": "21-08-2022 06:00", "to_time": "21-08-2022 06:00"}}, {"type": "Feature", "id": "odflood50dsc21082022_0600hrs.1029", "geometry": {"type": "MultiPolygon", "coordinates": [[[[85.57543923, 20.44063326], [85.57520571, 20.44073327], [85.5753673, 20.44104154], [85.57543923, 20.44063326]]]]}, "geometry_name": "geom", "properties": {"objectid": 1029, "id": 1289, "gridcode": 1, "shape_leng": 0.00101666061, "shape_area": 4.407e-08, "from_time": "21-08-2022 06:00", "to_time": "21-08-2022 06:00"}}, {"type": "Feature", "id": "odflood50dsc21082022_0600hrs.1030", "geometry": {"type": "MultiPolygon", "coordinates": [[[[85.64101625, 20.44009427], [85.6400381, 20.44021656], [85.64048252, 20.44089276], [85.64122293, 20.44063203], [85.64101625, 20.44009427]]]]}, "geometry_name": "geom", "properties": {"objectid": 1030, "id": 1299, "gridcode": 1, "shape_leng": 0.00315600805, "shape_area": 5.8391e-07, "from_time": "21-08-2022 06:00", "to_time": "21-08-2022 06:00"}}, {"type": "Feature", "id": "odflood50dsc21082022_0600hrs.1033", "geometry": {"type": "MultiPolygon", "coordinates": [[[[85.60149038, 20.43937562], [85.60109175, 20.4394337], [85.60143371, 20.4397639], [85.60149038, 20.43937562]]]]}, "geometry_name": "geom", "properties": {"objectid": 1033, "id": 1307, "gridcode": 1, "shape_leng": 0.00127058494, "shape_area": 7.574e-08, "from_time": "21-08-2022 06:00", "to_time": "21-08-2022 06:00"}}, {"type": "Feature", "id": "odflood50dsc21082022_0600hrs.1035", "geometry": {"type": "MultiPolygon", "coordinates": [[[[85.57921216, 20.44314855], [85.57921216, 20.44278922], [85.57939182, 20.44278922], [85.57951288, 20.4425499], [85.58011047, 20.44225023], [85.58017083, 20.44159193], [85.58051349, 20.44090276], [85.58029014, 20.4404536], [85.57986537, 20.4401713], [85.58008714, 20.4392914], [85.5804698, 20.43919596], [85.579858, 20.43840327], [85.57923883, 20.43831168], [85.57867457, 20.43974705], [85.57841525, 20.44127366], [85.57805593, 20.44218777], [85.57831788, 20.44306328], [85.57921216, 20.44314855]]]]}, "geometry_name": "geom", "properties": {"objectid": 1035, "id": 1312, "gridcode": 1, "shape_leng": 0.01273226526, "shape_area": 7.1789e-06, "from_time": "21-08-2022 06:00", "to_time": "21-08-2022 06:00"}}, {"type": "Feature", "id": "odflood50dsc21082022_0600hrs.1037", "geometry": {"type": "MultiPolygon", "coordinates": [[[[85.66527076, 20.43793832], [85.66481494, 20.43802148], [85.6640726, 20.43854784], [85.66298883, 20.43874557], [85.66222561, 20.43963126], [85.6614717, 20.4392107], [85.66051636, 20.43947212], [85.65924538, 20.43963845], [85.65889939, 20.43983145], [85.65819442, 20.44014603], [85.65783264, 20.44056606], [85.65850743, 20.44089609], [85.65942505, 20.44017744], [85.66024932, 20.43992935], [85.6612315, 20.44069853], [85.66252318, 20.44034517], [85.6628511, 20.44037149], [85.66301831, 20.44017744], [85.66375029, 20.44001111], [85.66532814, 20.43934667], [85.66571325, 20.43893506], [85.66527076, 20.43793832]]]]}, "geometry_name": "geom", "properties": {"objectid": 1037, "id": 1317, "gridcode": 1, "shape_leng": 0.01856846245, "shape_area": 7.98093e-06, "from_time": "21-08-2022 06:00", "to_time": "21-08-2022 06:00"}}, {"type": "Feature", "id": "odflood50dsc21082022_0600hrs.1039", "geometry": {"type": "MultiPolygon", "coordinates": [[[[85.60508364, 20.43775865], [85.60480906, 20.4378434], [85.60428024, 20.43816658], [85.60551455, 20.44043798], [85.60570737, 20.44126717], [85.60607687, 20.44179598], [85.60624636, 20.44237252], [85.60550841, 20.4426943], [85.60502995, 20.44165211], [85.60381301, 20.44025674], [85.60301242, 20.44000953], [85.60284294, 20.43964003], [85.60269258, 20.43947054], [85.60248361, 20.44036886], [85.60191287, 20.44054501], [85.60194708, 20.44111786], [85.60247238, 20.4415872], [85.60157512, 20.44179598], [85.60140563, 20.44216549], [85.60100806, 20.44233497], [85.60056978, 20.44184459], [85.60032766, 20.44228199], [85.600877, 20.44306854], [85.60082945, 20.4438672], [85.60088296, 20.44476551], [85.60084717, 20.44536486], [85.60107298, 20.44620791], [85.60098771, 20.4476396], [85.60024835, 20.4493192], [85.59832364, 20.44954466], [85.59799204, 20.45023278], [85.59942776, 20.45287491], [85.59977849, 20.45438258], [85.60032766, 20.45563004], [85.60058189, 20.45672328], [85.60149775, 20.45790495], [85.60215271, 20.45893486], [85.60210499, 20.4597351], [85.60116561, 20.45995371], [85.59997201, 20.46060218], [85.59936863, 20.46127767], [85.59907001, 20.46192842], [85.59884666, 20.46233933], [85.59764639, 20.46226775], [85.59611382, 20.46290517], [85.59529709, 20.46359259], [85.59571151, 20.46435528], [85.597126, 20.46461933], [85.59707091, 20.46554414], [85.59871069, 20.4660505], [85.59908001, 20.46625121], [85.59903808, 20.4669539], [85.59916476, 20.46907915], [85.59852032, 20.4705433], [85.59854208, 20.47090649], [85.59850839, 20.47147074], [85.59719917, 20.47187498], [85.59691406, 20.47257574], [85.59745006, 20.47356213], [85.59835136, 20.47413534], [85.59898474, 20.47457783], [85.59932424, 20.47567774], [85.59972077, 20.47678238], [85.59926091, 20.47849953], [85.60018677, 20.47844444], [85.60049714, 20.4776814], [85.60005535, 20.47686818], [85.60057224, 20.47663097], [85.60124422, 20.4758788], [85.60121334, 20.47536262], [85.6003759, 20.47461432], [85.60014799, 20.47418657], [85.60143757, 20.47267048], [85.6022557, 20.47088824], [85.60249396, 20.47011625], [85.60285311, 20.4694555], [85.60283153, 20.46909424], [85.60247396, 20.46911547], [85.60230395, 20.46892511], [85.6021085, 20.46875053], [85.60230395, 20.46857596], [85.60247344, 20.46802679], [85.60273714, 20.46729182], [85.60264959, 20.46582276], [85.60103613, 20.46552168], [85.60086664, 20.46533185], [85.60013782, 20.46516236], [85.59955268, 20.46495234], [85.59924968, 20.46461319], [85.59895369, 20.46434879], [85.59962918, 20.46374523], [85.60013782, 20.46317589], [85.60162688, 20.46297675], [85.60155529, 20.46177508], [85.60188725, 20.46116433], [85.60271661, 20.46063674], [85.60468045, 20.46027022], [85.60461448, 20.45916277], [85.60390074, 20.45852483], [85.60347685, 20.4580504], [85.60281258, 20.45745702], [85.60230395, 20.4558097], [85.60193445, 20.45564022], [85.60149441, 20.45281561], [85.60103613, 20.45240628], [85.60086664, 20.45203678], [85.60058189, 20.45151305], [85.60032766, 20.4509588], [85.60013782, 20.45078931], [85.59996833, 20.44976309], [85.60228009, 20.44949237], [85.60283276, 20.44862318], [85.60302313, 20.44845317], [85.60299102, 20.44791435], [85.60338193, 20.44773504], [85.60363335, 20.44638774], [85.6040904, 20.44622282], [85.60367195, 20.44818104], [85.60374248, 20.44936254], [85.6043206, 20.44932815], [85.60464571, 20.44896426], [85.60571755, 20.44863336], [85.60639374, 20.44816086], [85.60689132, 20.4473787], [85.60714468, 20.44682655], [85.60744066, 20.44656214], [85.60714468, 20.44629774], [85.60697519, 20.44547434], [85.60748242, 20.44521976], [85.60768384, 20.44629826], [85.60790386, 20.4462851], [85.60831757, 20.44582209], [85.60858198, 20.44611807], [85.60898394, 20.44630247], [85.60930063, 20.44665706], [85.60949047, 20.44682655], [85.60966084, 20.44900304], [85.60984295, 20.44879916], [85.61023544, 20.44901251], [85.61109674, 20.4489611], [85.61181591, 20.44935201], [85.61218542, 20.4495215], [85.61343709, 20.45020172], [85.6143312, 20.44988082], [85.61518635, 20.44961677], [85.6157685, 20.44868634], [85.61522951, 20.44791471], [85.6147007, 20.44700621], [85.61401223, 20.44669022], [85.61344306, 20.44622124], [85.61454402, 20.4452373], [85.61449595, 20.4444304], [85.6139052, 20.44390246], [85.612733, 20.44397229], [85.6123242, 20.44375017], [85.61240596, 20.44237621], [85.61110849, 20.44213408], [85.61038879, 20.44089767], [85.61001928, 20.44036886], [85.60940818, 20.4394079], [85.60858549, 20.43903033], [85.60702326, 20.43854784], [85.60585124, 20.43861784], [85.60508364, 20.43775865]], [[85.60346667, 20.44099259], [85.60333385, 20.44142245], [85.60284294, 20.44118524], [85.60346667, 20.44099259]], [[85.6018497, 20.44332821], [85.6018497, 20.44260956], [85.60256836, 20.44260956], [85.60256836, 20.44332821], [85.6018497, 20.44332821]], [[85.60256836, 20.44332821], [85.60299839, 20.4434512], [85.60269398, 20.44376737], [85.60256836, 20.44332821]], [[85.6018497, 20.44332821], [85.6018497, 20.44476551], [85.60149038, 20.44476551], [85.60149038, 20.44332821], [85.6018497, 20.44332821]], [[85.60741926, 20.44278922], [85.607697, 20.44323013], [85.60786017, 20.44389632], [85.60759015, 20.44430811], [85.60679868, 20.44297134], [85.60741926, 20.44278922]]]]}, "geometry_name": "geom", "properties": {"objectid": 1039, "id": 1320, "gridcode": 1, "shape_leng": 0.16757786461, "shape_area": 0.00018137273, "from_time": "21-08-2022 06:00", "to_time": "21-08-2022 06:00"}}, {"type": "Feature", "id": "odflood50dsc21082022_0600hrs.1041", "geometry": {"type": "MultiPolygon", "coordinates": [[[[85.58298508, 20.43721967], [85.58241609, 20.4373781], [85.58202378, 20.4383759], [85.58342213, 20.43819974], [85.58347073, 20.43787042], [85.58298508, 20.43721967]]]]}, "geometry_name": "geom", "properties": {"objectid": 1041, "id": 1325, "gridcode": 1, "shape_leng": 0.00421707896, "shape_area": 1.07231e-06, "from_time": "21-08-2022 06:00", "to_time": "21-08-2022 06:00"}}, {"type": "Feature", "id": "odflood50dsc21082022_0600hrs.1042", "geometry": {"type": "MultiPolygon", "coordinates": [[[[85.68539302, 20.43686034], [85.68460753, 20.43694087], [85.68525301, 20.43709632], [85.68539302, 20.43686034]]]]}, "geometry_name": "geom", "properties": {"objectid": 1042, "id": 1332, "gridcode": 1, "shape_leng": 0.00172795241, "shape_area": 8.704e-08, "from_time": "21-08-2022 06:00", "to_time": "21-08-2022 06:00"}}, {"type": "Feature", "id": "odflood50dsc21082022_0600hrs.1045", "geometry": {"type": "MultiPolygon", "coordinates": [[[[85.61047353, 20.43632135], [85.61092778, 20.43694508], [85.61194013, 20.43859486], [85.61254474, 20.43946037], [85.61307356, 20.44036886], [85.61488036, 20.4426943], [85.61522951, 20.44324347], [85.61559902, 20.44377228], [85.61666682, 20.44575875], [85.61721598, 20.44646722], [85.61810412, 20.44809437], [85.61883295, 20.44898251], [85.61936176, 20.44971134], [85.62078047, 20.45133778], [85.62187705, 20.45312493], [85.62368385, 20.45329442], [85.6237686, 20.453569], [85.62410108, 20.45329267], [85.62384615, 20.45270473], [85.62349086, 20.45240944], [85.62332768, 20.45203362], [85.62303328, 20.45178904], [85.6227887, 20.45149463], [85.6224513, 20.45121426], [85.6219932, 20.45047139], [85.62151456, 20.45007382], [85.62082907, 20.44896268], [85.62039921, 20.44860564], [85.61994356, 20.44755468], [85.61950879, 20.44736624], [85.61919543, 20.44664373], [85.61896191, 20.44644968], [85.61865645, 20.44574541], [85.61842099, 20.44554978], [85.61757847, 20.44358946], [85.61722318, 20.44329417], [85.61694298, 20.44264816], [85.61668015, 20.44233182], [85.61622906, 20.44213619], [85.61560217, 20.44125384], [85.61520969, 20.44092767], [85.61452419, 20.43981653], [85.61409943, 20.43946352], [85.61362588, 20.43819957], [85.61342972, 20.4380364], [85.61319953, 20.43750583], [85.61169485, 20.43685332], [85.61138851, 20.43648434], [85.61047353, 20.43632135]]]]}, "geometry_name": "geom", "properties": {"objectid": 1045, "id": 1337, "gridcode": 1, "shape_leng": 0.0456451721, "shape_area": 3.142301e-05, "from_time": "21-08-2022 06:00", "to_time": "21-08-2022 06:00"}}, {"type": "Feature", "id": "odflood50dsc21082022_0600hrs.1046", "geometry": {"type": "MultiPolygon", "coordinates": [[[[85.61047353, 20.43632135], [85.61041195, 20.43610239], [85.61025457, 20.43625977], [85.61047353, 20.43632135]]]]}, "geometry_name": "geom", "properties": {"objectid": 1046, "id": 1340, "gridcode": 1, "shape_leng": 0.00067748933, "shape_area": 2.208e-08, "from_time": "21-08-2022 06:00", "to_time": "21-08-2022 06:00"}}, {"type": "Feature", "id": "odflood50dsc21082022_0600hrs.1049", "geometry": {"type": "MultiPolygon", "coordinates": [[[[85.66634874, 20.44171124], [85.66789483, 20.44162738], [85.66914019, 20.44090942], [85.66938968, 20.44061993], [85.66967917, 20.44037044], [85.6698455, 20.44017744], [85.67075715, 20.44001111], [85.67134123, 20.43933316], [85.67187548, 20.43909472], [85.67220814, 20.43870873], [85.67309944, 20.43831098], [85.67361843, 20.43802148], [85.67399109, 20.43785515], [85.67419865, 20.4373902], [85.67541506, 20.4369435], [85.67596738, 20.43677717], [85.67626933, 20.4364268], [85.67757101, 20.43622485], [85.68098461, 20.4360501], [85.68009665, 20.43568463], [85.67833353, 20.43589676], [85.67601633, 20.4357106], [85.67506907, 20.43605852], [85.67333455, 20.43653066], [85.67265993, 20.43700895], [85.67111929, 20.43769637], [85.66932774, 20.43898278], [85.66914019, 20.44001111], [85.667662, 20.4401806], [85.66734355, 20.4405501], [85.66715056, 20.44071643], [85.66698423, 20.44108909], [85.6664319, 20.44125542], [85.66634874, 20.44171124]]]]}, "geometry_name": "geom", "properties": {"objectid": 1049, "id": 1345, "gridcode": 1, "shape_leng": 0.03379027137, "shape_area": 1.509957e-05, "from_time": "21-08-2022 06:00", "to_time": "21-08-2022 06:00"}}, {"type": "Feature", "id": "odflood50dsc21082022_0600hrs.1055", "geometry": {"type": "MultiPolygon", "coordinates": [[[[85.6801828, 20.43380607], [85.67916061, 20.43387537], [85.67795841, 20.43427996], [85.67820177, 20.43459315], [85.68042018, 20.43444787], [85.68053177, 20.43408995], [85.68025122, 20.4339173], [85.6801828, 20.43380607]]]]}, "geometry_name": "geom", "properties": {"objectid": 1055, "id": 1356, "gridcode": 1, "shape_leng": 0.00574769514, "shape_area": 1.36884e-06, "from_time": "21-08-2022 06:00", "to_time": "21-08-2022 06:00"}}, {"type": "Feature", "id": "odflood50dsc21082022_0600hrs.1059", "geometry": {"type": "MultiPolygon", "coordinates": [[[[85.67299627, 20.43308741], [85.67133544, 20.43320742], [85.66905228, 20.43480702], [85.66859962, 20.43564024], [85.66897789, 20.43576832], [85.67072259, 20.43500037], [85.67237465, 20.43474298], [85.67397933, 20.43412609], [85.67380985, 20.43371115], [85.67337543, 20.43351183], [85.67299627, 20.43308741]]]]}, "geometry_name": "geom", "properties": {"objectid": 1059, "id": 1363, "gridcode": 1, "shape_leng": 0.01259321463, "shape_area": 6.49103e-06, "from_time": "21-08-2022 06:00", "to_time": "21-08-2022 06:00"}}, {"type": "Feature", "id": "odflood50dsc21082022_0600hrs.1060", "geometry": {"type": "MultiPolygon", "coordinates": [[[[85.6018497, 20.43254843], [85.6010528, 20.4326458], [85.60171197, 20.43311005], [85.60285083, 20.4335578], [85.60390425, 20.4333355], [85.60315121, 20.43308759], [85.60192795, 20.4328295], [85.6018497, 20.43254843]]]]}, "geometry_name": "geom", "properties": {"objectid": 1060, "id": 1366, "gridcode": 1, "shape_leng": 0.00624415891, "shape_area": 1.00714e-06, "from_time": "21-08-2022 06:00", "to_time": "21-08-2022 06:00"}}, {"type": "Feature", "id": "odflood50dsc21082022_0600hrs.1062", "geometry": {"type": "MultiPolygon", "coordinates": [[[[85.59969375, 20.43200944], [85.59943899, 20.43219191], [85.600075, 20.43262352], [85.6003631, 20.43245877], [85.59976884, 20.43211401], [85.59969375, 20.43200944]]]]}, "geometry_name": "geom", "properties": {"objectid": 1062, "id": 1371, "gridcode": 1, "shape_leng": 0.00222963738, "shape_area": 2.1474e-07, "from_time": "21-08-2022 06:00", "to_time": "21-08-2022 06:00"}}, {"type": "Feature", "id": "odflood50dsc21082022_0600hrs.1063", "geometry": {"type": "MultiPolygon", "coordinates": [[[[85.59861577, 20.43147045], [85.59836277, 20.4316452], [85.59858348, 20.43208278], [85.59872841, 20.43192925], [85.59861577, 20.43147045]]]]}, "geometry_name": "geom", "properties": {"objectid": 1063, "id": 1375, "gridcode": 1, "shape_leng": 0.00148113083, "shape_area": 1.1653e-07, "from_time": "21-08-2022 06:00", "to_time": "21-08-2022 06:00"}}, {"type": "Feature", "id": "odflood50dsc21082022_0600hrs.1064", "geometry": {"type": "MultiPolygon", "coordinates": [[[[85.64227389, 20.43147045], [85.64145874, 20.43155361], [85.64052305, 20.43232753], [85.63938823, 20.43283389], [85.63852764, 20.43383274], [85.63770564, 20.43454104], [85.63766055, 20.43510231], [85.63829306, 20.43474947], [85.63987739, 20.43408223], [85.64144681, 20.43429347], [85.64156155, 20.43572165], [85.64000126, 20.43706579], [85.64006425, 20.43784849], [85.63996371, 20.43909946], [85.64071465, 20.43880926], [85.64093309, 20.43821448], [85.64114468, 20.43659751], [85.64147207, 20.43676384], [85.64260392, 20.43770005], [85.64335801, 20.43763952], [85.64365312, 20.4383008], [85.64442195, 20.43787182], [85.64477022, 20.4384959], [85.64416702, 20.43957722], [85.64455968, 20.43946247], [85.64529009, 20.43861451], [85.64646948, 20.43808833], [85.64652633, 20.43738055], [85.64587136, 20.4362445], [85.64480356, 20.43576797], [85.64427124, 20.43457525], [85.64379436, 20.43390257], [85.64290938, 20.43227226], [85.64227389, 20.43147045]]]]}, "geometry_name": "geom", "properties": {"objectid": 1064, "id": 1376, "gridcode": 1, "shape_leng": 0.03604096892, "shape_area": 2.772909e-05, "from_time": "21-08-2022 06:00", "to_time": "21-08-2022 06:00"}}, {"type": "Feature", "id": "odflood50dsc21082022_0600hrs.1065", "geometry": {"type": "MultiPolygon", "coordinates": [[[[85.59825644, 20.43129078], [85.59620505, 20.43137167], [85.5967251, 20.4315794], [85.59779606, 20.431791], [85.59797221, 20.43154554], [85.59818135, 20.43139535], [85.59825644, 20.43129078]]]]}, "geometry_name": "geom", "properties": {"objectid": 1065, "id": 1377, "gridcode": 1, "shape_leng": 0.00439298402, "shape_area": 5.4352e-07, "from_time": "21-08-2022 06:00", "to_time": "21-08-2022 06:00"}}, {"type": "Feature", "id": "odflood50dsc21082022_0600hrs.1075", "geometry": {"type": "MultiPolygon", "coordinates": [[[[85.72348159, 20.42356527], [85.7224952, 20.42365686], [85.71654474, 20.42385793], [85.71374996, 20.42476484], [85.71118187, 20.42608775], [85.71009319, 20.42661604], [85.7087301, 20.42765033], [85.70641483, 20.42884287], [85.70524404, 20.4292229], [85.70398991, 20.4297654], [85.70223451, 20.42997998], [85.70119986, 20.43065845], [85.69999521, 20.43147501], [85.69841684, 20.43209751], [85.69607438, 20.43314602], [85.6925427, 20.4336622], [85.69213214, 20.43281617], [85.69051167, 20.43192136], [85.68867345, 20.43030439], [85.68778146, 20.43062021], [85.68674348, 20.43132377], [85.68496176, 20.43190188], [85.68404731, 20.43264001], [85.68243069, 20.43316461], [85.68241946, 20.43371711], [85.68404046, 20.4339152], [85.68404731, 20.43425522], [85.68403292, 20.43496475], [85.68669997, 20.43551111], [85.68795059, 20.43527688], [85.68763706, 20.43497563], [85.68736212, 20.43440892], [85.68638293, 20.43407381], [85.68530495, 20.43381098], [85.68571884, 20.43316198], [85.68656259, 20.43317918], [85.68749582, 20.43247105], [85.68834729, 20.43335726], [85.6894372, 20.43353482], [85.69035797, 20.43390818], [85.69140963, 20.43388677], [85.69141718, 20.43424979], [85.69105417, 20.43443664], [85.68978968, 20.4350502], [85.68782637, 20.43618099], [85.68584394, 20.43673998], [85.68698139, 20.43694842], [85.68835922, 20.43677226], [85.68853537, 20.43658909], [85.68907787, 20.43641294], [85.68943369, 20.43622976], [85.69056536, 20.43600887], [85.69087099, 20.43569077], [85.69123383, 20.43551462], [85.69192037, 20.43516108], [85.6926013, 20.43494001], [85.69284729, 20.43443313], [85.69403176, 20.43424031], [85.6957219, 20.43389414], [85.69680338, 20.43371799], [85.69698129, 20.43353289], [85.69732834, 20.43389414], [85.69752204, 20.43371799], [85.69769819, 20.43353482], [85.69844053, 20.43335375], [85.69913549, 20.43299583], [85.69949833, 20.43281967], [85.69968764, 20.43262264], [85.70144251, 20.43205312], [85.70169359, 20.43102304], [85.70183395, 20.4311992], [85.7020466, 20.43163748], [85.70381024, 20.43066372], [85.70413413, 20.43032667], [85.70647764, 20.43004034], [85.70704418, 20.4297654], [85.70722033, 20.42958223], [85.70893029, 20.42894674], [85.70920013, 20.42868742], [85.70937629, 20.42850425], [85.71043146, 20.42816177], [85.71117643, 20.42760945], [85.71149751, 20.42727538], [85.7122509, 20.42688728], [85.7127934, 20.42671113], [85.71302815, 20.4264669], [85.71483197, 20.42575544], [85.71512551, 20.42544998], [85.715668, 20.42527383], [85.71620348, 20.42509065], [85.71715724, 20.42478116], [85.71674598, 20.42438604], [85.71708215, 20.42401618], [85.71728497, 20.42419234], [85.71754657, 20.42473133], [85.71800362, 20.42455517], [85.71833786, 20.42420743], [85.72297875, 20.4238581], [85.72339352, 20.42365686], [85.72348159, 20.42356527]]]]}, "geometry_name": "geom", "properties": {"objectid": 1075, "id": 1404, "gridcode": 1, "shape_leng": 0.11352502845, "shape_area": 5.874251e-05, "from_time": "21-08-2022 06:00", "to_time": "21-08-2022 06:00"}}, {"type": "Feature", "id": "odflood50dsc21082022_0600hrs.1078", "geometry": {"type": "MultiPolygon", "coordinates": [[[[85.72941047, 20.42248729], [85.72917695, 20.4225873], [85.72933854, 20.42289557], [85.72941047, 20.42248729]]]]}, "geometry_name": "geom", "properties": {"objectid": 1078, "id": 1407, "gridcode": 1, "shape_leng": 0.00101666061, "shape_area": 4.407e-08, "from_time": "21-08-2022 06:00", "to_time": "21-08-2022 06:00"}}, {"type": "Feature", "id": "odflood50dsc21082022_0600hrs.1079", "geometry": {"type": "MultiPolygon", "coordinates": [[[[85.736597, 20.42230763], [85.73444736, 20.42267327], [85.73369414, 20.42321542], [85.7318754, 20.42270696], [85.73023756, 20.42287399], [85.73004754, 20.42325718], [85.73211577, 20.42385284], [85.73358273, 20.42469308], [85.73510056, 20.42535138], [85.73634101, 20.42522488], [85.737589, 20.42550279], [85.73811589, 20.42538068], [85.73736355, 20.42433551], [85.7374618, 20.4233714], [85.73711774, 20.42277065], [85.73667858, 20.42240571], [85.736597, 20.42230763]]]]}, "geometry_name": "geom", "properties": {"objectid": 1079, "id": 1408, "gridcode": 1, "shape_leng": 0.01928243219, "shape_area": 1.359292e-05, "from_time": "21-08-2022 06:00", "to_time": "21-08-2022 06:00"}}, {"type": "Feature", "id": "odflood50dsc21082022_0600hrs.1080", "geometry": {"type": "MultiPolygon", "coordinates": [[[[85.58496138, 20.42194831], [85.58388445, 20.42204024], [85.5872133, 20.42578316], [85.58989141, 20.42729714], [85.59151399, 20.42797211], [85.59212123, 20.42815966], [85.59473424, 20.42935888], [85.59476915, 20.42994331], [85.5947474, 20.43030755], [85.59583608, 20.43047721], [85.59603399, 20.43111849], [85.59703196, 20.43081022], [85.59647999, 20.43019263], [85.59600557, 20.42976874], [85.59575134, 20.42948398], [85.59492759, 20.42922975], [85.59440386, 20.42894499], [85.59384961, 20.42869076], [85.59352678, 20.4283295], [85.59269671, 20.42807317], [85.59169365, 20.42761278], [85.59148171, 20.42737557], [85.58989702, 20.42671446], [85.58972753, 20.42652463], [85.58907678, 20.42622601], [85.58862938, 20.42582615], [85.58812057, 20.42525698], [85.58757632, 20.42477063], [85.58736209, 20.42430375], [85.58669133, 20.42370441], [85.58622656, 20.42297382], [85.58573231, 20.42274696], [85.58533088, 20.42229746], [85.58504612, 20.42204322], [85.58496138, 20.42194831]]]]}, "geometry_name": "geom", "properties": {"objectid": 1080, "id": 1410, "gridcode": 1, "shape_leng": 0.03360683815, "shape_area": 1.062674e-05, "from_time": "21-08-2022 06:00", "to_time": "21-08-2022 06:00"}}, {"type": "Feature", "id": "odflood50dsc21082022_0600hrs.1083", "geometry": {"type": "MultiPolygon", "coordinates": [[[[85.75168869, 20.42015167], [85.75094864, 20.42026203], [85.74967959, 20.42021168], [85.7483079, 20.42081032], [85.74729274, 20.42076997], [85.74651847, 20.42136387], [85.74479798, 20.42129562], [85.74418688, 20.42171618], [85.74279537, 20.42166109], [85.74158493, 20.42170899], [85.74077785, 20.42128194], [85.73929194, 20.42134089], [85.73801904, 20.42201445], [85.73780095, 20.42257362], [85.73847995, 20.42221429], [85.73989146, 20.42204165], [85.74113577, 20.42305418], [85.7419332, 20.42329227], [85.74305504, 20.42269871], [85.74358701, 20.42298032], [85.74386984, 20.42378196], [85.74243254, 20.42401092], [85.74138474, 20.42473203], [85.7404208, 20.42491608], [85.74046958, 20.42614758], [85.74145492, 20.42775683], [85.74225989, 20.4285025], [85.74243254, 20.42868918], [85.74333787, 20.42886182], [85.74351051, 20.42922817], [85.74387686, 20.42940081], [85.7440495, 20.42976716], [85.74441585, 20.4299398], [85.74458902, 20.43084724], [85.74512748, 20.43065845], [85.74610773, 20.43034825], [85.74638512, 20.42976014], [85.74662865, 20.4293001], [85.74857617, 20.4297075], [85.75146797, 20.42995945], [85.75263947, 20.43076566], [85.75337338, 20.43155782], [85.75412502, 20.43179574], [85.75519879, 20.43325971], [85.75584516, 20.43491966], [85.75626589, 20.43530952], [85.75734457, 20.43443138], [85.75817709, 20.43423312], [85.75858958, 20.43335919], [85.75898803, 20.43318076], [85.75947877, 20.43371027], [85.75990319, 20.43389239], [85.76039884, 20.43329427], [85.75970984, 20.4306646], [85.76028462, 20.42926519], [85.76001162, 20.428223], [85.76025567, 20.42752681], [85.76165894, 20.42708256], [85.76183615, 20.42667323], [85.76042762, 20.42401127], [85.75949667, 20.42357194], [85.75950754, 20.42329578], [85.7594986, 20.42306769], [85.75910857, 20.4227603], [85.75792374, 20.42338719], [85.75766179, 20.42394214], [85.75627361, 20.4236516], [85.75419555, 20.42340298], [85.7530888, 20.42430375], [85.75211136, 20.42363107], [85.75169554, 20.42274995], [85.7513599, 20.42211586], [85.75178203, 20.42150266], [85.75213434, 20.42087963], [85.75168869, 20.42015167]], [[85.7565396, 20.43093146], [85.75668469, 20.43122341], [85.75622027, 20.43135114], [85.75576059, 20.43100287], [85.7565396, 20.43093146]], [[85.75079038, 20.42841618], [85.75079038, 20.42913483], [85.75007172, 20.42913483], [85.75007172, 20.42841618], [85.75079038, 20.42841618]], [[85.74468183, 20.42374494], [85.74491975, 20.42429936], [85.74429566, 20.42414216], [85.74407108, 20.4238388], [85.74468183, 20.42374494]]]]}, "geometry_name": "geom", "properties": {"objectid": 1083, "id": 1414, "gridcode": 1, "shape_leng": 0.0871153623, "shape_area": 0.00017335492, "from_time": "21-08-2022 06:00", "to_time": "21-08-2022 06:00"}}, {"type": "Feature", "id": "odflood50dsc21082022_0600hrs.1084", "geometry": {"type": "MultiPolygon", "coordinates": [[[[85.71521709, 20.41997201], [85.71495111, 20.42020115], [85.71471618, 20.42098104], [85.71350363, 20.42185181], [85.7133373, 20.4220448], [85.71279831, 20.42250923], [85.71337046, 20.42292978], [85.71511691, 20.42150599], [85.71540026, 20.42047065], [85.71521709, 20.41997201]]]]}, "geometry_name": "geom", "properties": {"objectid": 1084, "id": 1415, "gridcode": 1, "shape_leng": 0.00819265822, "shape_area": 2.23818e-06, "from_time": "21-08-2022 06:00", "to_time": "21-08-2022 06:00"}}, {"type": "Feature", "id": "odflood50dsc21082022_0600hrs.1085", "geometry": {"type": "MultiPolygon", "coordinates": [[[[85.64083659, 20.41979235], [85.64037743, 20.41987218], [85.63968825, 20.42027747], [85.6391547, 20.42021115], [85.63868712, 20.42048591], [85.63900767, 20.42103122], [85.64072851, 20.42081716], [85.64109608, 20.42046766], [85.64083659, 20.41979235]]]]}, "geometry_name": "geom", "properties": {"objectid": 1085, "id": 1416, "gridcode": 1, "shape_leng": 0.00594285538, "shape_area": 1.76807e-06, "from_time": "21-08-2022 06:00", "to_time": "21-08-2022 06:00"}}, {"type": "Feature", "id": "odflood50dsc21082022_0600hrs.1086", "geometry": {"type": "MultiPolygon", "coordinates": [[[[85.62897882, 20.41961269], [85.62554066, 20.41969848], [85.62422442, 20.41993868], [85.62457041, 20.4206075], [85.62506431, 20.42082787], [85.62573156, 20.42160231], [85.62739554, 20.42256169], [85.62848265, 20.42382336], [85.62897654, 20.42404373], [85.62958764, 20.42475308], [85.63008645, 20.42518294], [85.63051263, 20.42634338], [85.63072545, 20.42705028], [85.63113338, 20.42708309], [85.63179097, 20.42552192], [85.63172746, 20.42473308], [85.63181571, 20.42363545], [85.63156674, 20.42146441], [85.63050719, 20.4215495], [85.63029349, 20.42037748], [85.62934798, 20.41995569], [85.62906199, 20.41970918], [85.62897882, 20.41961269]]]]}, "geometry_name": "geom", "properties": {"objectid": 1086, "id": 1418, "gridcode": 1, "shape_leng": 0.02476519835, "shape_area": 2.515972e-05, "from_time": "21-08-2022 06:00", "to_time": "21-08-2022 06:00"}}, {"type": "Feature", "id": "odflood50dsc21082022_0600hrs.1093", "geometry": {"type": "MultiPolygon", "coordinates": [[[[85.71557642, 20.41763639], [85.71511621, 20.4177164], [85.71387962, 20.41870683], [85.7140756, 20.41905878], [85.7149476, 20.41895035], [85.71596066, 20.41907633], [85.71565625, 20.41773622], [85.71557642, 20.41763639]]]]}, "geometry_name": "geom", "properties": {"objectid": 1093, "id": 1426, "gridcode": 1, "shape_leng": 0.00585592931, "shape_area": 1.86419e-06, "from_time": "21-08-2022 06:00", "to_time": "21-08-2022 06:00"}}, {"type": "Feature", "id": "odflood50dsc21082022_0600hrs.1098", "geometry": {"type": "MultiPolygon", "coordinates": [[[[85.7662414, 20.41673808], [85.76580224, 20.4168637], [85.76611841, 20.41716811], [85.7662414, 20.41673808]]]]}, "geometry_name": "geom", "properties": {"objectid": 1098, "id": 1431, "gridcode": 1, "shape_leng": 0.00134293837, "shape_area": 8.67e-08, "from_time": "21-08-2022 06:00", "to_time": "21-08-2022 06:00"}}, {"type": "Feature", "id": "odflood50dsc21082022_0600hrs.1102", "geometry": {"type": "MultiPolygon", "coordinates": [[[[85.70803057, 20.41619909], [85.70742315, 20.41630997], [85.70683556, 20.41724794], [85.70628587, 20.41772166], [85.70776774, 20.41825855], [85.70807338, 20.41861313], [85.70918347, 20.41910861], [85.70937138, 20.41952952], [85.70963999, 20.41976094], [85.71026969, 20.42064908], [85.70973719, 20.42196778], [85.70885941, 20.42235939], [85.70866606, 20.42258379], [85.7077337, 20.42286452], [85.70778564, 20.42351106], [85.70743263, 20.42506504], [85.70685837, 20.42587475], [85.70633044, 20.42682114], [85.70686943, 20.42653638], [85.7076258, 20.42548314], [85.70867272, 20.42501591], [85.70919171, 20.42418743], [85.71043426, 20.42277083], [85.71064954, 20.42135756], [85.71133521, 20.42039064], [85.7114268, 20.41924967], [85.71098834, 20.41863121], [85.71033654, 20.4175906], [85.7099237, 20.41736023], [85.70914381, 20.41718302], [85.70811373, 20.41629559], [85.70803057, 20.41619909]]]]}, "geometry_name": "geom", "properties": {"objectid": 1102, "id": 1435, "gridcode": 1, "shape_leng": 0.03000565626, "shape_area": 1.719743e-05, "from_time": "21-08-2022 06:00", "to_time": "21-08-2022 06:00"}}, {"type": "Feature", "id": "odflood50dsc21082022_0600hrs.1103", "geometry": {"type": "MultiPolygon", "coordinates": [[[[85.66706739, 20.41583976], [85.66679439, 20.41592608], [85.66639348, 20.41613838], [85.66648279, 20.41839119], [85.66599433, 20.41931407], [85.66532603, 20.41896035], [85.66454176, 20.41899141], [85.66428612, 20.42006535], [85.66407155, 20.42067715], [85.66436824, 20.42180935], [85.664936, 20.4234293], [85.66389925, 20.42512259], [85.66230281, 20.42562789], [85.6616468, 20.42585791], [85.66140976, 20.42907149], [85.66081094, 20.43020298], [85.66123887, 20.43101146], [85.66085796, 20.43173117], [85.66087954, 20.43227402], [85.65981999, 20.43352762], [85.66053741, 20.43446314], [85.66184418, 20.43507985], [85.66248248, 20.43591518], [85.66209648, 20.43622801], [85.66104201, 20.43550251], [85.66048741, 20.43552445], [85.65997421, 20.43497037], [85.65943259, 20.43446857], [85.65898256, 20.43351517], [85.65835373, 20.43354008], [85.65791914, 20.43352289], [85.65637744, 20.43270721], [85.65517401, 20.43334393], [85.65417832, 20.43265878], [85.65308754, 20.4324621], [85.65203746, 20.43301776], [85.65070788, 20.43527916], [85.64957042, 20.43633311], [85.64937409, 20.43695368], [85.64864842, 20.43784498], [85.64847578, 20.43843678], [85.64892318, 20.43971354], [85.64998203, 20.44021323], [85.65139548, 20.44015726], [85.65262978, 20.44037219], [85.65259031, 20.43937562], [85.6526161, 20.43872627], [85.6535988, 20.43826238], [85.65493663, 20.43840204], [85.65385865, 20.43874329], [85.653686, 20.43910964], [85.6533837, 20.43968073], [85.65447378, 20.43939492], [85.65475696, 20.43956704], [85.65421798, 20.43982127], [85.65404533, 20.44000795], [85.65313315, 20.44054413], [85.65357863, 20.44071959], [85.65602127, 20.44020867], [85.65709258, 20.43964161], [85.65799792, 20.43946896], [85.65898659, 20.43912227], [85.65979455, 20.43892997], [85.66028932, 20.43866802], [85.66051074, 20.43727792], [85.66088569, 20.43695368], [85.66122483, 20.43767233], [85.66151731, 20.4382043], [85.66311989, 20.43690017], [85.66391452, 20.43732055], [85.66434332, 20.43730353], [85.66535708, 20.436767], [85.66648612, 20.4364096], [85.66745514, 20.43536391], [85.66887087, 20.43453156], [85.66968391, 20.43365395], [85.67061539, 20.43297074], [85.67097735, 20.43258018], [85.67072311, 20.43185451], [85.66987621, 20.43062371], [85.67101366, 20.43066881], [85.67169301, 20.43182433], [85.67255063, 20.43209576], [85.6738781, 20.43267528], [85.67586632, 20.43244491], [85.67613687, 20.43149764], [85.67577754, 20.43012648], [85.67555103, 20.42917518], [85.67444761, 20.42846267], [85.67272678, 20.42853092], [85.67150914, 20.42848267], [85.66939178, 20.42755856], [85.66913703, 20.42716327], [85.66961461, 20.42689255], [85.67092664, 20.42743154], [85.67205743, 20.42760418], [85.67273678, 20.42687114], [85.67268274, 20.42550788], [85.67140773, 20.42526435], [85.67039467, 20.42490924], [85.66950249, 20.42462693], [85.66931669, 20.42363212], [85.66967602, 20.42329929], [85.66984866, 20.42275328], [85.67003534, 20.42258063], [85.67020799, 20.4216753], [85.67039467, 20.42150266], [85.67066013, 20.42121597], [85.67036695, 20.42094419], [85.67039835, 20.42015167], [85.67038397, 20.41978972], [85.66910931, 20.41860857], [85.66914422, 20.41772622], [85.66910773, 20.41680405], [85.66778411, 20.41685651], [85.66706739, 20.41583976]], [[85.65035873, 20.43919596], [85.65035873, 20.43973495], [85.64964008, 20.43973495], [85.64964008, 20.43919596], [85.65035873, 20.43919596]], [[85.67245728, 20.42590089], [85.67245728, 20.42643988], [85.6719183, 20.42643988], [85.6719183, 20.42590089], [85.67245728, 20.42590089]]]]}, "geometry_name": "geom", "properties": {"objectid": 1103, "id": 1436, "gridcode": 1, "shape_leng": 0.12768117646, "shape_area": 0.00023405585, "from_time": "21-08-2022 06:00", "to_time": "21-08-2022 06:00"}}, {"type": "Feature", "id": "odflood50dsc21082022_0600hrs.1104", "geometry": {"type": "MultiPolygon", "coordinates": [[[[85.59035127, 20.45249102], [85.59024196, 20.45213714], [85.58937067, 20.45135866], [85.58935768, 20.45114355], [85.58937751, 20.4508137], [85.58913731, 20.44991749], [85.58987018, 20.44926288], [85.59014844, 20.44822333], [85.5899072, 20.44718588], [85.58971736, 20.44665706], [85.58948699, 20.44542241], [85.58900888, 20.44467059], [85.58765878, 20.44312275], [85.58739192, 20.44197565], [85.58716734, 20.44113769], [85.58752894, 20.44073292], [85.58826742, 20.44039395], [85.58876132, 20.43901752], [85.5883462, 20.43811307], [85.58667326, 20.4382129], [85.58657834, 20.43829764], [85.58648114, 20.43734494], [85.58547738, 20.43726441], [85.58503384, 20.43764654], [85.58532018, 20.4384259], [85.58503103, 20.43894401], [85.58511139, 20.43994532], [85.58412693, 20.44071643], [85.58344091, 20.44049694], [85.58360724, 20.44017744], [85.58413517, 20.43972249], [85.58342757, 20.43911279], [85.58321124, 20.43839414], [85.58178288, 20.4385638], [85.58111669, 20.43933702], [85.5804698, 20.43919596], [85.58036348, 20.43962862], [85.58029014, 20.4404536], [85.58057121, 20.44053185], [85.58072771, 20.44087539], [85.58022066, 20.44216514], [85.58011047, 20.44225023], [85.5799966, 20.44269395], [85.57939182, 20.44278922], [85.57939182, 20.44314855], [85.57921216, 20.44314855], [85.57905916, 20.4433326], [85.57787311, 20.44321171], [85.57810681, 20.44091802], [85.57767678, 20.44073134], [85.57748255, 20.44049764], [85.57754378, 20.43989707], [85.5774529, 20.43965336], [85.57702216, 20.44017182], [85.57645335, 20.44041851], [85.57612192, 20.44154772], [85.57633071, 20.44233182], [85.57698777, 20.44195547], [85.57746062, 20.44200372], [85.57730833, 20.44349875], [85.57579856, 20.44334488], [85.57461724, 20.44346524], [85.57400193, 20.44332821], [85.57386367, 20.44238235], [85.57500745, 20.44215917], [85.57481217, 20.44036201], [85.57301554, 20.43949037], [85.57319169, 20.43910437], [85.57355453, 20.43856889], [85.5737877, 20.43785024], [85.5744553, 20.43809236], [85.57443459, 20.43910402], [85.57463233, 20.43910806], [85.57541923, 20.43883856], [85.57625316, 20.43963968], [85.57669688, 20.44010164], [85.57713498, 20.43964564], [85.57786767, 20.43946703], [85.57757922, 20.43862451], [85.57840192, 20.43741091], [85.57822577, 20.43712808], [85.57733061, 20.43601887], [85.57731692, 20.43534847], [85.57832455, 20.43407732], [85.57884897, 20.43443173], [85.57858509, 20.43497563], [85.57821769, 20.43568884], [85.57894442, 20.43658909], [85.57957552, 20.43755162], [85.58088106, 20.43723335], [85.58127197, 20.43609133], [85.58129653, 20.43488405], [85.58125863, 20.43302215], [85.58163936, 20.43246035], [85.58198799, 20.4317417], [85.58253417, 20.43224682], [85.58235802, 20.43281967], [85.58212888, 20.4334892], [85.58237328, 20.43548848], [85.58361566, 20.43569077], [85.58451222, 20.43599764], [85.58592127, 20.43551532], [85.58621902, 20.43550918], [85.58719611, 20.43552918], [85.58756474, 20.43481351], [85.58720892, 20.43443313], [85.5861434, 20.43408732], [85.58576811, 20.43335866], [85.58557212, 20.43235455], [85.58504752, 20.43210015], [85.58567319, 20.43117727], [85.58540878, 20.43066372], [85.58517402, 20.43017982], [85.58433449, 20.4297726], [85.58432887, 20.42949415], [85.58433782, 20.42905745], [85.58385954, 20.4283281], [85.58343038, 20.42894516], [85.58343968, 20.42940239], [85.58290262, 20.42941327], [85.58264646, 20.42891621], [85.58325282, 20.42682149], [85.58224467, 20.42628829], [85.58199518, 20.42652796], [85.58181903, 20.42725012], [85.58129407, 20.42854461], [85.58126916, 20.42976312], [85.58199518, 20.42999858], [85.58181903, 20.43030439], [85.58127653, 20.43048055], [85.58110037, 20.43138237], [85.58019855, 20.43155852], [85.57943025, 20.43235806], [85.57858509, 20.43299934], [85.57754606, 20.43368062], [85.57660459, 20.43458525], [85.57661617, 20.43515143], [85.57559118, 20.43517249], [85.57534186, 20.43440453], [85.57465216, 20.43306548], [85.57535116, 20.43102304], [85.57552731, 20.43048055], [85.5760663, 20.42943415], [85.57589015, 20.42868392], [85.57516798, 20.42778911], [85.57433932, 20.42639321], [85.57251708, 20.42545437], [85.57112872, 20.42542612], [85.57015268, 20.42567631], [85.5689861, 20.42539191], [85.56794234, 20.42430551], [85.56686225, 20.42393583], [85.56592639, 20.42441797], [85.5629637, 20.42435744], [85.56277123, 20.42473133], [85.56255297, 20.42562666], [85.56223242, 20.42563333], [85.56118725, 20.42509487], [85.56044667, 20.42507978], [85.56025595, 20.42544998], [85.55957099, 20.42686167], [85.55846458, 20.42770103], [85.55792033, 20.42796526], [85.55735538, 20.42825616], [85.55629512, 20.42747014], [85.55631091, 20.42669639], [85.55486992, 20.42672587], [85.55485501, 20.42599616], [85.55543207, 20.42561789], [85.55621178, 20.42401092], [85.55666269, 20.42313541], [85.55570419, 20.42204235], [85.55488448, 20.42202568], [85.55435479, 20.42253449], [85.55501993, 20.4235158], [85.55434497, 20.42490696], [85.55395388, 20.42491485], [85.55290363, 20.42382161], [85.55130508, 20.42385424], [85.55055415, 20.42329753], [85.5496918, 20.42239992], [85.54896315, 20.42238518], [85.5476083, 20.4229347], [85.54660156, 20.42275854], [85.54588642, 20.42221605], [85.54478949, 20.42203743], [85.54370607, 20.42147932], [85.54098691, 20.42178812], [85.5401372, 20.42149739], [85.53911852, 20.42116684], [85.53869638, 20.42096191], [85.53799475, 20.42060048], [85.53636076, 20.42042292], [85.53549842, 20.41952531], [85.53475432, 20.41951022], [85.53310964, 20.42035748], [85.53222851, 20.41970427], [85.53077419, 20.41844996], [85.52998448, 20.41843382], [85.52881667, 20.41845768], [85.52703495, 20.41842136], [85.52683862, 20.41880245], [85.52655018, 20.41969111], [85.52558098, 20.41988043], [85.52504234, 20.42006483], [85.52480882, 20.41934495], [85.52467565, 20.41972041], [85.52468986, 20.42041573], [85.52432527, 20.42060346], [85.52299446, 20.4200636], [85.52179385, 20.42097665], [85.52127977, 20.42203638], [85.52001494, 20.42179145], [85.52019109, 20.42149739], [85.52055392, 20.42096191], [85.52112169, 20.42009588], [85.52234705, 20.41979726], [85.52217089, 20.4195211], [85.52168454, 20.41880368], [85.52210106, 20.41758709], [85.52145224, 20.41736514], [85.5206606, 20.41710811], [85.5201874, 20.41665368], [85.5195349, 20.41597451], [85.5181383, 20.41525498], [85.51687259, 20.41611276], [85.51603971, 20.41665895], [85.51554248, 20.41717653], [85.51362497, 20.41756919], [85.51266437, 20.41732303], [85.51109284, 20.41895878], [85.50834122, 20.41901492], [85.50832982, 20.41845663], [85.50860809, 20.41737058], [85.50806559, 20.41735953], [85.5072757, 20.41737567], [85.50671969, 20.4171853], [85.50636177, 20.41719267], [85.50540994, 20.41647034], [85.50456479, 20.41714583], [85.50455672, 20.4175413], [85.5049192, 20.41824504], [85.50494131, 20.41932407], [85.50402492, 20.4200636], [85.50283255, 20.42029642], [85.50226847, 20.42139142], [85.50330996, 20.42239202], [85.50401071, 20.42312155], [85.50509746, 20.42284311], [85.50511694, 20.4237988], [85.50402141, 20.42401268], [85.50332382, 20.424372], [85.50294344, 20.42419585], [85.50154842, 20.4234772], [85.50079099, 20.42380933], [85.50115786, 20.42439341], [85.50167685, 20.42489187], [85.50227654, 20.4258065], [85.50258744, 20.42581299], [85.50363752, 20.42545349], [85.50348593, 20.42581282], [85.50294344, 20.42652796], [85.50276728, 20.42689079], [85.50204933, 20.42758067], [85.50203407, 20.42832547], [85.50324978, 20.42862181], [85.50438074, 20.43002279], [85.5036656, 20.43156203], [85.5033061, 20.43226016], [85.50312661, 20.433179], [85.50222829, 20.4334706], [85.50265745, 20.43407381], [85.50296396, 20.4338873], [85.50331224, 20.43352482], [85.50418476, 20.43310163], [85.50444197, 20.43178345], [85.50545609, 20.43143641], [85.50546416, 20.43182977], [85.50544819, 20.43261194], [85.50714429, 20.43192382], [85.50757046, 20.43323725], [85.50857949, 20.43297881], [85.50977344, 20.43300302], [85.51000697, 20.43180696], [85.51114846, 20.43121885], [85.51220731, 20.4309476], [85.5128249, 20.43154098], [85.51228942, 20.43192136], [85.51085212, 20.43277458], [85.51108126, 20.43353482], [85.51196256, 20.43330287], [85.51237031, 20.43246245], [85.5128249, 20.43245315], [85.51264664, 20.4331883], [85.51211695, 20.43369711], [85.51183676, 20.4345156], [85.51215643, 20.43484825], [85.51548037, 20.4351881], [85.51640974, 20.43448279], [85.51739649, 20.43515179], [85.51822374, 20.4346935], [85.51820006, 20.43353868], [85.51893169, 20.43352376], [85.51927874, 20.43423926], [85.52063165, 20.43533145], [85.52127258, 20.43515529], [85.52184859, 20.43495809], [85.52340099, 20.43498984], [85.52389348, 20.43473614], [85.52486145, 20.43547058], [85.52576415, 20.43569077], [85.52665896, 20.43623345], [85.52736533, 20.43621889], [85.5288658, 20.43723616], [85.52991658, 20.43749232], [85.53061155, 20.43785024], [85.53186814, 20.43815658], [85.53188375, 20.43892471], [85.53120107, 20.43860328], [85.53035539, 20.4380299], [85.53001255, 20.4386789], [85.53087332, 20.43957476], [85.53156513, 20.44004374], [85.53292471, 20.44070327], [85.53330614, 20.44106979], [85.53332439, 20.44196038], [85.53296383, 20.4423355], [85.5322429, 20.44268535], [85.53186919, 20.44323662], [85.53128511, 20.44422056], [85.53007887, 20.44537942], [85.5298964, 20.44575541], [85.52955164, 20.44608667], [85.5289437, 20.44690691], [85.52794169, 20.44786961], [85.52756078, 20.44860897], [85.52814241, 20.44952483], [85.5284591, 20.44934868], [85.52924442, 20.44875284], [85.52970955, 20.44971169], [85.53025222, 20.45076493], [85.53003694, 20.45101038], [85.52917845, 20.45183518], [85.52916652, 20.45241681], [85.53020362, 20.4534132], [85.52971674, 20.45435819], [85.53059365, 20.4544103], [85.53079472, 20.45401992], [85.53113562, 20.45331723], [85.53169303, 20.45258261], [85.53223816, 20.45166429], [85.53312736, 20.45081002], [85.53358494, 20.44939991], [85.53485451, 20.44863002], [85.53599424, 20.4496601], [85.53626725, 20.45078037], [85.53708117, 20.45079703], [85.53797282, 20.45077879], [85.53834057, 20.45132146], [85.53868919, 20.45204011], [85.53929485, 20.45164815], [85.54029581, 20.45060632], [85.54121167, 20.45103021], [85.54103551, 20.45132497], [85.54031686, 20.45238523], [85.54049301, 20.45330126], [85.54071531, 20.45416905], [85.53975945, 20.45508754], [85.53978507, 20.45634167], [85.53947153, 20.45695032], [85.53995753, 20.45814866], [85.54020317, 20.4594063], [85.54058021, 20.45917996], [85.54121167, 20.45832832], [85.54208788, 20.45748632], [85.54245703, 20.45672539], [85.54408628, 20.45483647], [85.54391012, 20.4545554], [85.54283214, 20.4541301], [85.5430597, 20.45375095], [85.54627083, 20.45416133], [85.54712125, 20.45334442], [85.54714599, 20.4521317], [85.54713686, 20.45168254], [85.54714774, 20.45115057], [85.54673245, 20.45012681], [85.5476848, 20.44872161], [85.54824344, 20.44786979], [85.54876102, 20.44737238], [85.54902701, 20.44709569], [85.54983725, 20.44737308], [85.55038483, 20.4471857], [85.55109664, 20.44720009], [85.55168809, 20.4465846], [85.55227516, 20.44688708], [85.55298644, 20.44640494], [85.55378808, 20.44701323], [85.55519591, 20.44698446], [85.55617599, 20.4477282], [85.5566662, 20.44755205], [85.55750767, 20.44691357], [85.55863916, 20.44737256], [85.55917288, 20.44736168], [85.56046562, 20.44844685], [85.56097811, 20.44809103], [85.56115427, 20.44790769], [85.56212662, 20.44792751], [85.56305406, 20.44729887], [85.56331373, 20.44754854], [85.56367551, 20.44792506], [85.56543249, 20.4487774], [85.56574094, 20.44907392], [85.56600517, 20.44934868], [85.56618834, 20.44952483], [85.56637678, 20.44991328], [85.56797409, 20.44988065], [85.56869941, 20.45057754], [85.56871047, 20.45111864], [85.56852045, 20.45186045], [85.56832781, 20.45324038], [85.56744598, 20.45454118], [85.56770986, 20.454837], [85.56870011, 20.45578847], [85.56798146, 20.45563688], [85.56703788, 20.45492104], [85.56637923, 20.45490753], [85.56529003, 20.45595392], [85.56562216, 20.45671135], [85.56654767, 20.4565352], [85.56751739, 20.45620342], [85.56877573, 20.45842306], [85.57075641, 20.45976562], [85.5712154, 20.45918839], [85.57103837, 20.45760177], [85.57049306, 20.45707787], [85.56980002, 20.45635641], [85.56888329, 20.45613306], [85.56937122, 20.45569408], [85.57064693, 20.45635132], [85.57156542, 20.4563701], [85.5717579, 20.45599621], [85.57209968, 20.45529177], [85.57322643, 20.4543824], [85.57373243, 20.45437205], [85.57427142, 20.45438293], [85.57531063, 20.4543617], [85.57588664, 20.4545589], [85.57801013, 20.45476664], [85.57826507, 20.45581304], [85.57840543, 20.45563688], [85.57862439, 20.45473857], [85.57894442, 20.45491472], [85.57912057, 20.45527756], [85.5802654, 20.4555567], [85.58144724, 20.45669223], [85.58190447, 20.45738947], [85.58235802, 20.45760967], [85.58253417, 20.45779284], [85.5836339, 20.45800759], [85.58520385, 20.45951596], [85.58576811, 20.46116415], [85.58559195, 20.46174543], [85.58527368, 20.4626755], [85.58594654, 20.46337573], [85.5876007, 20.46252373], [85.58882589, 20.46228442], [85.58969367, 20.46198738], [85.59065726, 20.46248373], [85.59043934, 20.46120644], [85.59026126, 20.45938647], [85.58978087, 20.45798268], [85.58946804, 20.4560613], [85.58918521, 20.45635554], [85.58864271, 20.45653169], [85.58805548, 20.45683417], [85.5877444, 20.4565352], [85.58756824, 20.45635203], [85.58684608, 20.45617587], [85.58666993, 20.4559927], [85.58630709, 20.45581655], [85.58595128, 20.45563337], [85.58452889, 20.4552865], [85.58447748, 20.45276227], [85.5848733, 20.45293843], [85.58523087, 20.45331056], [85.58549791, 20.45194221], [85.58593724, 20.45239944], [85.58613094, 20.45222328], [85.58648325, 20.45185659], [85.58711733, 20.45186957], [85.589181, 20.45182746], [85.58918714, 20.4521317], [85.58918153, 20.45240295], [85.59035127, 20.45249102]], [[85.58657834, 20.43829764], [85.58657834, 20.43919596], [85.58639868, 20.43919596], [85.58639868, 20.43829764], [85.58657834, 20.43829764]], [[85.58657834, 20.43919596], [85.58679731, 20.43925754], [85.58663993, 20.43941492], [85.58657834, 20.43919596]], [[85.57400193, 20.44332821], [85.57400193, 20.44350787], [85.57382227, 20.44350787], [85.57382227, 20.44332821], [85.57400193, 20.44332821]], [[85.57382227, 20.44350787], [85.57382227, 20.44368754], [85.57328328, 20.44368754], [85.57328328, 20.44350787], [85.57382227, 20.44350787]], [[85.57328328, 20.44350787], [85.57301027, 20.44329715], [85.5728378, 20.44228216], [85.57188054, 20.44285975], [85.57158806, 20.44253955], [85.57212705, 20.44181265], [85.5722053, 20.44153158], [85.57248953, 20.44145648], [85.57276166, 20.44075134], [85.57335837, 20.44105663], [85.57305835, 20.44257447], [85.57328328, 20.44350787]], [[85.5722053, 20.44153158], [85.57184597, 20.44153158], [85.57184597, 20.44135192], [85.5722053, 20.44135192], [85.5722053, 20.44153158]], [[85.57184597, 20.44135192], [85.57107802, 20.44148228], [85.57086941, 20.44199232], [85.57017128, 20.44214882], [85.56995179, 20.44136086], [85.56952983, 20.44055501], [85.56914331, 20.44105575], [85.56878398, 20.4412505], [85.56853379, 20.44035219], [85.56811937, 20.44018253], [85.56864941, 20.44001602], [85.56888153, 20.44058326], [85.5698595, 20.44043869], [85.57024953, 20.44139174], [85.57171017, 20.44117594], [85.57184597, 20.44135192]], [[85.5337574, 20.43811798], [85.5339876, 20.43859065], [85.53349861, 20.43889857], [85.53315648, 20.43842239], [85.5337574, 20.43811798]], [[85.57040867, 20.45267069], [85.57040867, 20.45374867], [85.56986968, 20.45374867], [85.56986968, 20.45267069], [85.57040867, 20.45267069]], [[85.57957148, 20.44925709], [85.57971816, 20.44946974], [85.5804612, 20.44998258], [85.58011539, 20.45051368], [85.57953885, 20.45013821], [85.57931848, 20.44943184], [85.57957148, 20.44925709]], [[85.58226643, 20.44925709], [85.58210028, 20.44946447], [85.58106634, 20.44987591], [85.58111845, 20.44945693], [85.58226643, 20.44925709]], [[85.57490024, 20.44853844], [85.57481866, 20.44881618], [85.5746225, 20.44897935], [85.57432739, 20.44933446], [85.57410001, 20.44877319], [85.57490024, 20.44853844]], [[85.56807305, 20.44835877], [85.56797848, 20.44877267], [85.56747756, 20.44896461], [85.56765249, 20.44845492], [85.56807305, 20.44835877]], [[85.57939182, 20.44817911], [85.57963833, 20.448766], [85.57914619, 20.4489711], [85.57895916, 20.44829017], [85.57939182, 20.44817911]], [[85.5819071, 20.44710113], [85.58197904, 20.44669286], [85.58214063, 20.44700113], [85.5819071, 20.44710113]], [[85.5819071, 20.44710113], [85.58180955, 20.44732922], [85.58149391, 20.44717395], [85.5819071, 20.44710113]], [[85.5804698, 20.44602315], [85.58061753, 20.44639073], [85.57945902, 20.44717781], [85.57913549, 20.44688638], [85.5795085, 20.4462837], [85.5804698, 20.44602315]], [[85.56969002, 20.44548417], [85.56961492, 20.4457684], [85.56858449, 20.4469327], [85.56786707, 20.44679093], [85.56802743, 20.44597877], [85.56907593, 20.4457684], [85.56969002, 20.44548417]], [[85.58244609, 20.44656214], [85.58238451, 20.44678111], [85.58222713, 20.44662373], [85.58244609, 20.44656214]], [[85.58334441, 20.44620282], [85.58341634, 20.44579454], [85.58357794, 20.44610281], [85.58334441, 20.44620282]], [[85.58334441, 20.44620282], [85.58334441, 20.44638248], [85.58316475, 20.44638248], [85.58316475, 20.44620282], [85.58334441, 20.44620282]], [[85.58316475, 20.44638248], [85.58310316, 20.44660145], [85.58294578, 20.44644406], [85.58316475, 20.44638248]], [[85.54166258, 20.45249102], [85.54174241, 20.45259086], [85.54306304, 20.45278298], [85.542999, 20.45329793], [85.54171785, 20.45364883], [85.54122342, 20.45261665], [85.54166258, 20.45249102]], [[85.54220157, 20.44764012], [85.54231509, 20.44810244], [85.54197629, 20.44825245], [85.5417689, 20.44775118], [85.54220157, 20.44764012]], [[85.57903249, 20.4453045], [85.57916847, 20.44557803], [85.57895389, 20.44590385], [85.57879248, 20.44542592], [85.57903249, 20.4453045]], [[85.58460205, 20.4453045], [85.5846996, 20.44507641], [85.58501524, 20.44523169], [85.58460205, 20.4453045]], [[85.58460205, 20.4453045], [85.58460205, 20.44548417], [85.58442239, 20.44548417], [85.58442239, 20.4453045], [85.58460205, 20.4453045]], [[85.58442239, 20.44548417], [85.5843608, 20.44570313], [85.58420342, 20.44554575], [85.58442239, 20.44548417]], [[85.58280542, 20.44440619], [85.58287718, 20.44451409], [85.58319369, 20.44472463], [85.58341617, 20.44554821], [85.58263681, 20.44535187], [85.58237433, 20.44469288], [85.58280542, 20.44440619]], [[85.57094766, 20.44422652], [85.57130102, 20.444935], [85.5708487, 20.4451852], [85.57070764, 20.44434794], [85.57094766, 20.44422652]], [[85.58568003, 20.44440619], [85.58560809, 20.44481446], [85.5854465, 20.4445062], [85.58568003, 20.44440619]], [[85.53555404, 20.44332821], [85.53573458, 20.44376754], [85.53559509, 20.44447339], [85.53501487, 20.44466094], [85.53476029, 20.44342067], [85.53555404, 20.44332821]], [[85.54327955, 20.4438672], [85.54316691, 20.44448479], [85.54265739, 20.44398072], [85.54327955, 20.4438672]], [[85.57076799, 20.44368754], [85.57076799, 20.44404686], [85.57022901, 20.44404686], [85.57022901, 20.44368754], [85.57076799, 20.44368754]], [[85.58568003, 20.44260956], [85.58559862, 20.44357156], [85.58543018, 20.44276939], [85.58568003, 20.44260956]], [[85.55100506, 20.44099259], [85.55108822, 20.44126875], [85.55128122, 20.44143508], [85.55144755, 20.44229673], [85.55043449, 20.44260166], [85.55020324, 20.44233339], [85.54983058, 20.44216707], [85.54948459, 20.44133279], [85.55100506, 20.44099259]], [[85.58550036, 20.44225023], [85.58543878, 20.44246919], [85.5852814, 20.44231181], [85.58550036, 20.44225023]], [[85.58244609, 20.44063326], [85.58253242, 20.4407266], [85.5827191, 20.44089925], [85.58319422, 20.44163527], [85.58275226, 20.44215689], [85.58218011, 20.44087977], [85.58244609, 20.44063326]], [[85.5853207, 20.44171124], [85.58524877, 20.44211952], [85.58508717, 20.44181125], [85.5853207, 20.44171124]], [[85.55675428, 20.43991461], [85.55662514, 20.44060607], [85.55571332, 20.441257], [85.55541189, 20.4408696], [85.55633617, 20.44004374], [85.55675428, 20.43991461]], [[85.5853207, 20.44099259], [85.58539264, 20.44058431], [85.58555423, 20.44089258], [85.5853207, 20.44099259]], [[85.5853207, 20.44099259], [85.58525912, 20.44121155], [85.58510174, 20.44105417], [85.5853207, 20.44099259]], [[85.56789339, 20.44063326], [85.56795497, 20.4404143], [85.56811235, 20.44057168], [85.56789339, 20.44063326]], [[85.56789339, 20.44063326], [85.56789339, 20.44099259], [85.5673544, 20.44099259], [85.5673544, 20.44063326], [85.56789339, 20.44063326]], [[85.58711733, 20.4404536], [85.5869389, 20.44069362], [85.58560336, 20.44053887], [85.58711733, 20.4404536]], [[85.56591709, 20.44027394], [85.56569813, 20.44021235], [85.56585551, 20.44005497], [85.56591709, 20.44027394]], [[85.56591709, 20.44027394], [85.56609675, 20.44027394], [85.56609675, 20.4404536], [85.56591709, 20.4404536], [85.56591709, 20.44027394]], [[85.56609675, 20.4404536], [85.56627642, 20.4404536], [85.56627642, 20.44063326], [85.56609675, 20.44063326], [85.56609675, 20.4404536]], [[85.56627642, 20.44063326], [85.56670645, 20.44075626], [85.56640204, 20.44107242], [85.56627642, 20.44063326]], [[85.587297, 20.43973495], [85.58722506, 20.44014323], [85.58706347, 20.43983496], [85.587297, 20.43973495]], [[85.55765259, 20.43775865], [85.55795928, 20.43848766], [85.55845599, 20.43942598], [85.55759539, 20.43964161], [85.55666795, 20.43881488], [85.55732274, 20.43786305], [85.55765259, 20.43775865]], [[85.56340181, 20.43937562], [85.56328005, 20.43960669], [85.56280089, 20.4394537], [85.56340181, 20.43937562]], [[85.56501878, 20.43937562], [85.56477858, 20.4392035], [85.56493421, 20.43804289], [85.56501878, 20.43937562]], [[85.56501878, 20.43937562], [85.56519844, 20.43937562], [85.56519844, 20.43955528], [85.56501878, 20.43955528], [85.56501878, 20.43937562]], [[85.56519844, 20.43955528], [85.56555777, 20.43955528], [85.56555777, 20.44009427], [85.56519844, 20.44009427], [85.56519844, 20.43955528]], [[85.53968629, 20.43721967], [85.53976612, 20.4373195], [85.54035686, 20.4376783], [85.53962698, 20.4389198], [85.53933714, 20.4391521], [85.53869428, 20.43907209], [85.53793018, 20.43851398], [85.53800423, 20.43791884], [85.53876499, 20.43730967], [85.53968629, 20.43721967]], [[85.56304248, 20.43721967], [85.56310407, 20.4370007], [85.56326145, 20.43715808], [85.56304248, 20.43721967]], [[85.56304248, 20.43721967], [85.56290265, 20.43749618], [85.56226558, 20.43763935], [85.56214417, 20.43739933], [85.56260982, 20.43732599], [85.56304248, 20.43721967]], [[85.56214417, 20.43739933], [85.56189117, 20.437293], [85.56064826, 20.43712878], [85.56203311, 20.43696666], [85.56214417, 20.43739933]], [[85.5605272, 20.43704], [85.56034877, 20.43728002], [85.55901322, 20.43712527], [85.5605272, 20.43704]], [[85.56376114, 20.43686034], [85.56376114, 20.43650101], [85.56430012, 20.43650101], [85.56430012, 20.43686034], [85.56465945, 20.43686034], [85.56465945, 20.43704], [85.5641938, 20.43696666], [85.56376114, 20.43686034]], [[85.56465945, 20.43704], [85.56483911, 20.43704], [85.56483911, 20.43721967], [85.56465945, 20.43721967], [85.56465945, 20.43704]], [[85.56483911, 20.43721967], [85.5650672, 20.43731722], [85.56491193, 20.43763285], [85.56483911, 20.43721967]], [[85.56376114, 20.43686034], [85.56369955, 20.4370793], [85.56354217, 20.43692192], [85.56376114, 20.43686034]], [[85.55944922, 20.43614169], [85.55967573, 20.43659734], [85.55900673, 20.43674103], [85.55884988, 20.43621731], [85.55944922, 20.43614169]], [[85.5571136, 20.4356027], [85.55700728, 20.43552936], [85.55677761, 20.43463438], [85.55702956, 20.43445138], [85.5571136, 20.4356027]], [[85.5571136, 20.4356027], [85.55747293, 20.4356027], [85.55747293, 20.43596202], [85.5571136, 20.43596202], [85.5571136, 20.4356027]], [[85.55747293, 20.43596202], [85.55819158, 20.43596202], [85.55819158, 20.43614169], [85.55747293, 20.43614169], [85.55747293, 20.43596202]], [[85.55819158, 20.43614169], [85.55855091, 20.43614169], [85.55855091, 20.43632135], [85.55819158, 20.43632135], [85.55819158, 20.43614169]], [[85.55855091, 20.43632135], [85.55873057, 20.43632135], [85.55873057, 20.43686034], [85.55855091, 20.43686034], [85.55855091, 20.43632135]], [[85.55873057, 20.43686034], [85.55894953, 20.43692192], [85.55879215, 20.4370793], [85.55873057, 20.43686034]], [[85.52675055, 20.43452472], [85.52667457, 20.43491317], [85.52630419, 20.43512248], [85.52615278, 20.43459788], [85.52675055, 20.43452472]], [[85.55495765, 20.43488405], [85.55579122, 20.4350209], [85.55611388, 20.43460297], [85.55654952, 20.43444647], [85.55645636, 20.43507617], [85.55507958, 20.43532162], [85.55495765, 20.43488405]], [[85.55495765, 20.43488405], [85.55472956, 20.43478649], [85.55488483, 20.43447086], [85.55495765, 20.43488405]], [[85.53663201, 20.4336264], [85.53683185, 20.43410241], [85.53632164, 20.4344184], [85.53601969, 20.43378361], [85.53663201, 20.4336264]], [[85.51740807, 20.43236876], [85.51768423, 20.43281125], [85.51788968, 20.43371553], [85.5172863, 20.43388923], [85.51695277, 20.43314163], [85.51592374, 20.43322427], [85.51634026, 20.43247772], [85.51740807, 20.43236876]], [[85.51974369, 20.43290775], [85.51968333, 20.43302706], [85.51927856, 20.43323181], [85.51914434, 20.43298337], [85.51974369, 20.43290775]], [[85.54345921, 20.43236876], [85.54337605, 20.43300425], [85.54254493, 20.43325445], [85.54229807, 20.43248719], [85.54345921, 20.43236876]], [[85.51453346, 20.43165011], [85.51487383, 20.43218524], [85.51457802, 20.43268844], [85.51395306, 20.43261071], [85.51355531, 20.4317724], [85.51453346, 20.43165011]], [[85.55028641, 20.43182977], [85.54876155, 20.43200294], [85.54930001, 20.4317417], [85.54947617, 20.43155852], [85.55014131, 20.43138237], [85.55028641, 20.43182977]], [[85.55028641, 20.43182977], [85.55046607, 20.43182977], [85.55046607, 20.43200944], [85.55028641, 20.43200944], [85.55028641, 20.43182977]], [[85.55046607, 20.43200944], [85.55057239, 20.43208278], [85.55112507, 20.43290372], [85.55172371, 20.43303794], [85.55247201, 20.43287003], [85.55281274, 20.43336358], [85.55334068, 20.43344674], [85.55325751, 20.4337229], [85.55284853, 20.43388923], [85.55238674, 20.4333534], [85.55058204, 20.43314654], [85.55046607, 20.43200944]], [[85.55334068, 20.43344674], [85.55334068, 20.43326708], [85.55352034, 20.43326708], [85.55352034, 20.43344674], [85.55334068, 20.43344674]], [[85.55352034, 20.43326708], [85.55352034, 20.43290775], [85.55405933, 20.43290775], [85.55405933, 20.43308741], [85.55376036, 20.43314777], [85.55352034, 20.43326708]], [[85.55405933, 20.43308741], [85.55433058, 20.43317549], [85.55450673, 20.43372852], [85.55414741, 20.43407381], [85.55388616, 20.43461227], [85.55405933, 20.43308741]], [[85.57130698, 20.42913483], [85.57138857, 20.42923291], [85.57194405, 20.42957574], [85.57211547, 20.4297819], [85.57228688, 20.42957574], [85.57277166, 20.42941257], [85.57309537, 20.43015877], [85.57229513, 20.43007718], [85.57198142, 20.43149203], [85.57237987, 20.43401205], [85.57299431, 20.43452226], [85.5731852, 20.43509862], [85.57131383, 20.43532496], [85.57041884, 20.43481229], [85.57014742, 20.43388765], [85.56941228, 20.43372448], [85.56915278, 20.43341218], [85.56926472, 20.43231385], [85.56996776, 20.43210751], [85.57064027, 20.43185486], [85.57090765, 20.43123815], [85.57120891, 20.42921641], [85.57130698, 20.42913483]], [[85.53537437, 20.42697887], [85.53565387, 20.42741803], [85.53608373, 20.42892148], [85.53583371, 20.42939432], [85.53444869, 20.42828669], [85.53421656, 20.42786964], [85.53461186, 20.42719678], [85.53537437, 20.42697887]], [[85.53806932, 20.42697887], [85.53851339, 20.42761278], [85.53870323, 20.42778227], [85.53887271, 20.42799351], [85.53833881, 20.42796158], [85.53813283, 20.42797386], [85.53817073, 20.42861093], [85.53956101, 20.42893446], [85.53998841, 20.43004648], [85.54066355, 20.43128885], [85.5402258, 20.4325086], [85.54049986, 20.43353148], [85.54070391, 20.43440892], [85.54040459, 20.43478913], [85.53996087, 20.43335182], [85.53955592, 20.43277213], [85.53824898, 20.43285003], [85.5374405, 20.43280178], [85.53690151, 20.43283406], [85.53652657, 20.4328116], [85.53656604, 20.43214682], [85.53635585, 20.43156098], [85.53656517, 20.43077952], [85.53651674, 20.4299663], [85.53704696, 20.42798702], [85.5374991, 20.42715502], [85.53806932, 20.42697887]], [[85.53645235, 20.42590089], [85.53667588, 20.42652375], [85.53600828, 20.42629777], [85.53645235, 20.42590089]], [[85.50447233, 20.42464325], [85.50458777, 20.42491801], [85.50416195, 20.42543524], [85.50386, 20.42480046], [85.50447233, 20.42464325]], [[85.50572997, 20.42410426], [85.50580331, 20.42421059], [85.50643809, 20.42464887], [85.50632019, 20.42517505], [85.50556276, 20.42485695], [85.5052973, 20.42421532], [85.50572997, 20.42410426]], [[85.51668941, 20.42446359], [85.51688925, 20.42493959], [85.51637904, 20.42525558], [85.51607709, 20.42462079], [85.51668941, 20.42446359]], [[85.52423526, 20.42212797], [85.52423526, 20.42266696], [85.52333695, 20.42266696], [85.52333695, 20.42212797], [85.52423526, 20.42212797]], [[85.5075266, 20.4190737], [85.50780609, 20.41951285], [85.50801506, 20.42094946], [85.5071692, 20.42154406], [85.50644897, 20.42145458], [85.50613316, 20.42106017], [85.50621264, 20.42042117], [85.50610193, 20.41953092], [85.50655442, 20.41916862], [85.5075266, 20.4190737]], [[85.50447233, 20.42069066], [85.50436828, 20.42130334], [85.50385509, 20.42086261], [85.50447233, 20.42069066]], [[85.51022154, 20.41961269], [85.51036191, 20.4199778], [85.50987134, 20.42111403], [85.50839912, 20.42130948], [85.50902321, 20.42024817], [85.50970414, 20.41970269], [85.51022154, 20.41961269]]]]}, "geometry_name": "geom", "properties": {"objectid": 1104, "id": 1437, "gridcode": 1, "shape_leng": 0.7584363332, "shape_area": 0.00190048402, "from_time": "21-08-2022 06:00", "to_time": "21-08-2022 06:00"}}, {"type": "Feature", "id": "odflood50dsc21082022_0600hrs.1107", "geometry": {"type": "MultiPolygon", "coordinates": [[[[85.6086769, 20.41332448], [85.60771823, 20.41339361], [85.60783964, 20.41380557], [85.60880042, 20.41428315], [85.60879621, 20.4135645], [85.6086769, 20.41332448]]]]}, "geometry_name": "geom", "properties": {"objectid": 1107, "id": 1442, "gridcode": 1, "shape_leng": 0.00345026903, "shape_area": 6.7507e-07, "from_time": "21-08-2022 06:00", "to_time": "21-08-2022 06:00"}}, {"type": "Feature", "id": "odflood50dsc21082022_0600hrs.1125", "geometry": {"type": "MultiPolygon", "coordinates": [[[[85.69940674, 20.40865324], [85.69913549, 20.40874132], [85.69876827, 20.40893045], [85.69842035, 20.41000247], [85.69787785, 20.41071761], [85.69673197, 20.41246529], [85.69522133, 20.41319815], [85.69497271, 20.41574151], [85.69395632, 20.41521778], [85.69280728, 20.41485337], [85.69249147, 20.41525147], [85.69357682, 20.41629418], [85.69462392, 20.41627278], [85.69645844, 20.41738532], [85.69643686, 20.41844488], [85.69644493, 20.4188407], [85.69692532, 20.42071505], [85.6977017, 20.42167706], [85.69787785, 20.42293821], [85.69821525, 20.42359317], [85.69885705, 20.42510504], [85.69913549, 20.42653147], [85.69967799, 20.42724661], [85.69985415, 20.42814844], [85.70004855, 20.42833529], [85.70104968, 20.42831476], [85.70187079, 20.42775823], [85.70220047, 20.42741504], [85.7021824, 20.42653164], [85.70259173, 20.42573684], [85.70308808, 20.42599248], [85.70357356, 20.42616863], [85.70380673, 20.42544998], [85.7048884, 20.42419585], [85.70487734, 20.42365703], [85.70524807, 20.42293715], [85.70502841, 20.42186444], [85.70462381, 20.42028572], [85.70413711, 20.42004956], [85.70324616, 20.42006781], [85.70273226, 20.42060259], [85.70199958, 20.42077874], [85.70165429, 20.42041941], [85.70082984, 20.42015185], [85.70039664, 20.42060259], [85.69984309, 20.42077874], [85.69985959, 20.41997201], [85.69985046, 20.41952285], [85.69986327, 20.41889403], [85.69985362, 20.4184247], [85.69949482, 20.41772798], [85.69931796, 20.41682247], [85.69895583, 20.41682984], [85.69877968, 20.41628716], [85.69858931, 20.41591749], [85.69860317, 20.41523726], [85.69985766, 20.41503303], [85.70012189, 20.41475827], [85.70039664, 20.41449404], [85.70057613, 20.41412419], [85.70129601, 20.41377486], [85.70111179, 20.4132364], [85.70093563, 20.41143626], [85.70021593, 20.41037425], [85.70003732, 20.40945997], [85.69940674, 20.40865324]]]]}, "geometry_name": "geom", "properties": {"objectid": 1125, "id": 1461, "gridcode": 1, "shape_leng": 0.06067688064, "shape_area": 8.671241e-05, "from_time": "21-08-2022 06:00", "to_time": "21-08-2022 06:00"}}, {"type": "Feature", "id": "odflood50dsc21082022_0600hrs.1134", "geometry": {"type": "MultiPolygon", "coordinates": [[[[85.60274802, 20.40685661], [85.60089524, 20.40716716], [85.60081717, 20.40769632], [85.60116298, 20.40854165], [85.60140055, 20.40857674], [85.60163179, 20.40854253], [85.60231044, 20.40873149], [85.60246694, 20.40893431], [85.60266977, 20.40909082], [85.6029233, 20.40941926], [85.60423813, 20.40980263], [85.60434323, 20.40909064], [85.60392495, 20.40854884], [85.60355106, 20.40860411], [85.6033535, 20.4076679], [85.60274802, 20.40685661]]]]}, "geometry_name": "geom", "properties": {"objectid": 1134, "id": 1470, "gridcode": 1, "shape_leng": 0.01055335984, "shape_area": 5.39632e-06, "from_time": "21-08-2022 06:00", "to_time": "21-08-2022 06:00"}}, {"type": "Feature", "id": "odflood50dsc21082022_0600hrs.1138", "geometry": {"type": "MultiPolygon", "coordinates": [[[[85.59232756, 20.40577863], [85.59240915, 20.40587671], [85.59278496, 20.40603988], [85.59308358, 20.4063992], [85.59327956, 20.40587373], [85.59232756, 20.40577863]]]]}, "geometry_name": "geom", "properties": {"objectid": 1138, "id": 1475, "gridcode": 1, "shape_leng": 0.00252207869, "shape_area": 2.2805e-07, "from_time": "21-08-2022 06:00", "to_time": "21-08-2022 06:00"}}, {"type": "Feature", "id": "odflood50dsc21082022_0600hrs.1140", "geometry": {"type": "MultiPolygon", "coordinates": [[[[85.59232756, 20.40577863], [85.59223896, 20.40480522], [85.59171962, 20.40568038], [85.59232756, 20.40577863]]]]}, "geometry_name": "geom", "properties": {"objectid": 1140, "id": 1477, "gridcode": 1, "shape_leng": 0.00261091254, "shape_area": 2.9154e-07, "from_time": "21-08-2022 06:00", "to_time": "21-08-2022 06:00"}}, {"type": "Feature", "id": "odflood50dsc21082022_0600hrs.1147", "geometry": {"type": "MultiPolygon", "coordinates": [[[[85.59538183, 20.40326335], [85.59478249, 20.40333897], [85.59493548, 20.40384971], [85.5953113, 20.40403323], [85.59538183, 20.40326335]]]]}, "geometry_name": "geom", "properties": {"objectid": 1147, "id": 1484, "gridcode": 1, "shape_leng": 0.00232860368, "shape_area": 3.0998e-07, "from_time": "21-08-2022 06:00", "to_time": "21-08-2022 06:00"}}, {"type": "Feature", "id": "odflood50dsc21082022_0600hrs.1160", "geometry": {"type": "MultiPolygon", "coordinates": [[[[85.59286655, 20.40128705], [85.59269934, 20.40142601], [85.59280426, 20.40245486], [85.59274917, 20.40299385], [85.5928176, 20.40366408], [85.59228615, 20.40459187], [85.59314429, 20.40478224], [85.59341186, 20.40510402], [85.59325939, 20.40360846], [85.59366679, 20.40289718], [85.59340203, 20.40158199], [85.59294814, 20.40138513], [85.59286655, 20.40128705]]]]}, "geometry_name": "geom", "properties": {"objectid": 1160, "id": 1498, "gridcode": 1, "shape_leng": 0.00912070816, "shape_area": 2.4911e-06, "from_time": "21-08-2022 06:00", "to_time": "21-08-2022 06:00"}}, {"type": "Feature", "id": "odflood50dsc21082022_0600hrs.1161", "geometry": {"type": "MultiPolygon", "coordinates": [[[[85.70048472, 20.40128705], [85.69967975, 20.40139706], [85.70068632, 20.40186236], [85.70048472, 20.40128705]]]]}, "geometry_name": "geom", "properties": {"objectid": 1161, "id": 1499, "gridcode": 1, "shape_leng": 0.00253097451, "shape_area": 2.4264e-07, "from_time": "21-08-2022 06:00", "to_time": "21-08-2022 06:00"}}, {"type": "Feature", "id": "odflood50dsc21082022_0600hrs.1170", "geometry": {"type": "MultiPolygon", "coordinates": [[[[85.69725079, 20.39931076], [85.69666004, 20.39949323], [85.69609807, 20.40105967], [85.69644739, 20.4013718], [85.69673233, 20.40169077], [85.69715587, 20.40192096], [85.6978847, 20.40209045], [85.6992262, 20.40244978], [85.70003048, 20.4021501], [85.6997501, 20.40175428], [85.69900303, 20.40108686], [85.69877283, 20.40066332], [85.69855089, 20.39994467], [85.69805366, 20.40029435], [85.69807506, 20.40065314], [85.69787452, 20.40048366], [85.69725079, 20.39931076]]]]}, "geometry_name": "geom", "properties": {"objectid": 1170, "id": 1518, "gridcode": 1, "shape_leng": 0.01193541506, "shape_area": 6.20406e-06, "from_time": "21-08-2022 06:00", "to_time": "21-08-2022 06:00"}}, {"type": "Feature", "id": "odflood50dsc21082022_0600hrs.1172", "geometry": {"type": "MultiPolygon", "coordinates": [[[[85.62772118, 20.39877177], [85.62729027, 20.39887932], [85.62716342, 20.39938252], [85.62789102, 20.39916759], [85.62772118, 20.39877177]]]]}, "geometry_name": "geom", "properties": {"objectid": 1172, "id": 1522, "gridcode": 1, "shape_leng": 0.00215246921, "shape_area": 2.6385e-07, "from_time": "21-08-2022 06:00", "to_time": "21-08-2022 06:00"}}, {"type": "Feature", "id": "odflood50dsc21082022_0600hrs.1176", "geometry": {"type": "MultiPolygon", "coordinates": [[[[85.73875295, 20.39823278], [85.73848855, 20.39846912], [85.73916755, 20.39862229], [85.7388377, 20.3983277], [85.73875295, 20.39823278]]]]}, "geometry_name": "geom", "properties": {"objectid": 1176, "id": 1526, "gridcode": 1, "shape_leng": 0.00162018483, "shape_area": 9.731e-08, "from_time": "21-08-2022 06:00", "to_time": "21-08-2022 06:00"}}, {"type": "Feature", "id": "odflood50dsc21082022_0600hrs.1180", "geometry": {"type": "MultiPolygon", "coordinates": [[[[85.5770562, 20.39787346], [85.57679829, 20.39807259], [85.57698023, 20.39900354], [85.57735535, 20.39905899], [85.57839209, 20.3988402], [85.5781998, 20.39841087], [85.57713445, 20.39797487], [85.5770562, 20.39787346]]]]}, "geometry_name": "geom", "properties": {"objectid": 1180, "id": 1531, "gridcode": 1, "shape_leng": 0.00446281429, "shape_area": 1.15636e-06, "from_time": "21-08-2022 06:00", "to_time": "21-08-2022 06:00"}}, {"type": "Feature", "id": "odflood50dsc21082022_0600hrs.1183", "geometry": {"type": "MultiPolygon", "coordinates": [[[[85.59304621, 20.39751413], [85.59243389, 20.39761063], [85.59258056, 20.39815944], [85.59279321, 20.39830612], [85.59295463, 20.39992309], [85.59351257, 20.39970623], [85.59419753, 20.39819488], [85.59401208, 20.39765396], [85.59341238, 20.39804452], [85.59304621, 20.39751413]]]]}, "geometry_name": "geom", "properties": {"objectid": 1183, "id": 1534, "gridcode": 1, "shape_leng": 0.00726121471, "shape_area": 2.32931e-06, "from_time": "21-08-2022 06:00", "to_time": "21-08-2022 06:00"}}, {"type": "Feature", "id": "odflood50dsc21082022_0600hrs.1192", "geometry": {"type": "MultiPolygon", "coordinates": [[[[85.5736426, 20.39607682], [85.57302063, 20.39644247], [85.57300519, 20.39683162], [85.57324836, 20.39785223], [85.5744546, 20.39813944], [85.57496674, 20.39841051], [85.57522097, 20.39760747], [85.57535291, 20.39778011], [85.5755638, 20.39822734], [85.57605963, 20.39729025], [85.57376226, 20.39620596], [85.5736426, 20.39607682]]]]}, "geometry_name": "geom", "properties": {"objectid": 1192, "id": 1544, "gridcode": 1, "shape_leng": 0.00931024296, "shape_area": 4.02082e-06, "from_time": "21-08-2022 06:00", "to_time": "21-08-2022 06:00"}}, {"type": "Feature", "id": "odflood50dsc21082022_0600hrs.1194", "geometry": {"type": "MultiPolygon", "coordinates": [[[[85.59645981, 20.39553784], [85.59529621, 20.39622859], [85.59528656, 20.39670565], [85.59530498, 20.39761519], [85.59449194, 20.39999064], [85.59504532, 20.40083456], [85.59548763, 20.39971307], [85.59583275, 20.39904302], [85.5960089, 20.39850052], [85.59632682, 20.39819506], [85.59637173, 20.39598875], [85.59645981, 20.39553784]]]]}, "geometry_name": "geom", "properties": {"objectid": 1194, "id": 1546, "gridcode": 1, "shape_leng": 0.01189671631, "shape_area": 4.63474e-06, "from_time": "21-08-2022 06:00", "to_time": "21-08-2022 06:00"}}, {"type": "Feature", "id": "odflood50dsc21082022_0600hrs.1196", "geometry": {"type": "MultiPolygon", "coordinates": [[[[85.5969988, 20.39517851], [85.59677984, 20.39524009], [85.59693722, 20.39539747], [85.5969988, 20.39517851]]]]}, "geometry_name": "geom", "properties": {"objectid": 1196, "id": 1548, "gridcode": 1, "shape_leng": 0.00067748933, "shape_area": 2.208e-08, "from_time": "21-08-2022 06:00", "to_time": "21-08-2022 06:00"}}, {"type": "Feature", "id": "odflood50dsc21082022_0600hrs.1197", "geometry": {"type": "MultiPolygon", "coordinates": [[[[85.62358893, 20.39517851], [85.62331786, 20.39542063], [85.62310661, 20.3967767], [85.62316136, 20.3976959], [85.62283747, 20.3995185], [85.62241604, 20.40029382], [85.62224655, 20.40192096], [85.62165633, 20.403566], [85.62172388, 20.40470065], [85.62169686, 20.40515472], [85.62224655, 20.40532438], [85.62241604, 20.40602356], [85.62210917, 20.40640236], [85.62188722, 20.40568371], [85.62159001, 20.40551422], [85.62134823, 20.40608129], [85.62170756, 20.40640236], [85.6219253, 20.4075693], [85.62186336, 20.40860885], [85.62151772, 20.40891765], [85.62119348, 20.40962419], [85.62097873, 20.40981596], [85.62062958, 20.41036513], [85.62043974, 20.41053461], [85.61987145, 20.41131783], [85.61925684, 20.411867], [85.6186975, 20.41249284], [85.61798183, 20.41294796], [85.61640627, 20.41285409], [85.61565341, 20.41201139], [85.6148158, 20.41140363], [85.61452104, 20.4110736], [85.6132662, 20.41078165], [85.61272441, 20.41017529], [85.6123549, 20.4100058], [85.6120912, 20.40943102], [85.6121991, 20.40761965], [85.61254474, 20.40731085], [85.61271423, 20.40712101], [85.61383046, 20.40695153], [85.61415153, 20.40731085], [85.61598641, 20.40748034], [85.61639223, 20.4070261], [85.61696859, 20.40651132], [85.61757531, 20.40623288], [85.61791446, 20.40585337], [85.61904525, 20.40533421], [85.61898419, 20.40430869], [85.61850889, 20.40298403], [85.61798815, 20.40109353], [85.61700474, 20.40030399], [85.61705457, 20.40114002], [85.61753601, 20.40248171], [85.61701105, 20.40374391], [85.61600975, 20.40420342], [85.61541935, 20.40461591], [85.61487019, 20.40496506], [85.6135378, 20.40612725], [85.61221051, 20.40643605], [85.61074302, 20.4063485], [85.60936344, 20.40643079], [85.60859216, 20.40691205], [85.60949047, 20.40712101], [85.60979997, 20.40746753], [85.61008017, 20.40956191], [85.61039809, 20.41074884], [85.6103658, 20.41128871], [85.60932291, 20.41176734], [85.60909149, 20.41202631], [85.60914132, 20.41286269], [85.61045458, 20.41362731], [85.61115007, 20.41358573], [85.6110455, 20.41183261], [85.61131517, 20.41162277], [85.61166994, 20.41201982], [85.61200733, 20.41346958], [85.61236508, 20.41412787], [85.61262299, 20.4146902], [85.61375396, 20.41538552], [85.61505108, 20.414846], [85.61529022, 20.41486021], [85.61623222, 20.41591468], [85.61762338, 20.41515866], [85.61854398, 20.41548903], [85.62112243, 20.41328658], [85.62171756, 20.41360994], [85.62168721, 20.41412103], [85.62031833, 20.41511444], [85.61987233, 20.41581572], [85.61993514, 20.41687142], [85.62098891, 20.41754147], [85.621693, 20.41803326], [85.62187705, 20.41862963], [85.62224655, 20.41879911], [85.62241604, 20.41916862], [85.6229652, 20.4193381], [85.62319785, 20.41984498], [85.62558242, 20.4189893], [85.6267783, 20.41880297], [85.62748748, 20.41841768], [85.62741414, 20.41718723], [85.62748625, 20.41597767], [85.62875881, 20.41433561], [85.62870372, 20.41341063], [85.62892215, 20.41280216], [85.62888338, 20.41215281], [85.62974309, 20.41019967], [85.62870424, 20.4100058], [85.62830316, 20.40978789], [85.6278161, 20.40801933], [85.62762626, 20.40784984], [85.62742116, 20.40696785], [85.62679251, 20.40606813], [85.62622124, 20.40580583], [85.62583981, 20.40623288], [85.62540714, 20.40643131], [85.62551154, 20.40818145], [85.62529064, 20.40837866], [85.62494149, 20.40892782], [85.62457199, 20.40909731], [85.62439742, 20.40929276], [85.62422284, 20.40909731], [85.62385334, 20.40892782], [85.62368385, 20.40855832], [85.6234884, 20.40838374], [85.62369947, 20.40819513], [85.62406581, 20.40662063], [85.62442426, 20.4020429], [85.62476236, 20.40174077], [85.62474253, 20.40140671], [85.62647372, 20.39985993], [85.6267576, 20.39954218], [85.62672409, 20.39898179], [85.62634652, 20.39828682], [85.62459743, 20.39839104], [85.62437513, 20.39625807], [85.62358893, 20.39517851]], [[85.62304994, 20.4122465], [85.62326101, 20.41286304], [85.62244446, 20.41377188], [85.62224321, 20.41235914], [85.62304994, 20.4122465]]]]}, "geometry_name": "geom", "properties": {"objectid": 1197, "id": 1549, "gridcode": 1, "shape_leng": 0.13948403831, "shape_area": 0.00017408173, "from_time": "21-08-2022 06:00", "to_time": "21-08-2022 06:00"}}, {"type": "Feature", "id": "odflood50dsc21082022_0600hrs.1206", "geometry": {"type": "MultiPolygon", "coordinates": [[[[85.73911228, 20.39374121], [85.73885577, 20.39393929], [85.73853013, 20.39473497], [85.7374125, 20.39492481], [85.73722073, 20.3964937], [85.73615942, 20.39731289], [85.73638312, 20.39774555], [85.73768234, 20.39796627], [85.73835047, 20.39836928], [85.73823905, 20.39761554], [85.7386747, 20.39777204], [85.73895209, 20.39813137], [85.73921369, 20.39797487], [85.73937019, 20.39777204], [85.73976057, 20.39761238], [85.73939335, 20.39667828], [85.73954986, 20.39633474], [85.73990918, 20.39605735], [85.73975268, 20.39579575], [85.739333, 20.39562398], [85.74026851, 20.3954266], [85.74011201, 20.3950771], [85.73954986, 20.39438161], [85.73911228, 20.39374121]]]]}, "geometry_name": "geom", "properties": {"objectid": 1206, "id": 1559, "gridcode": 1, "shape_leng": 0.01608786173, "shape_area": 9.34817e-06, "from_time": "21-08-2022 06:00", "to_time": "21-08-2022 06:00"}}, {"type": "Feature", "id": "odflood50dsc21082022_0600hrs.1211", "geometry": {"type": "MultiPolygon", "coordinates": [[[[85.5969988, 20.39517851], [85.59757077, 20.39503183], [85.59790291, 20.39455057], [85.59875262, 20.39433248], [85.59901527, 20.39316169], [85.59868314, 20.39308729], [85.5980266, 20.39354066], [85.5972518, 20.39471286], [85.5969988, 20.39517851]]]]}, "geometry_name": "geom", "properties": {"objectid": 1211, "id": 1565, "gridcode": 1, "shape_leng": 0.00632566264, "shape_area": 1.60736e-06, "from_time": "21-08-2022 06:00", "to_time": "21-08-2022 06:00"}}, {"type": "Feature", "id": "odflood50dsc21082022_0600hrs.1222", "geometry": {"type": "MultiPolygon", "coordinates": [[[[85.59771745, 20.39158525], [85.59709688, 20.39169578], [85.59785395, 20.39219863], [85.59771745, 20.39158525]]]]}, "geometry_name": "geom", "properties": {"objectid": 1222, "id": 1580, "gridcode": 1, "shape_leng": 0.00216758323, "shape_area": 1.9787e-07, "from_time": "21-08-2022 06:00", "to_time": "21-08-2022 06:00"}}, {"type": "Feature", "id": "odflood50dsc21082022_0600hrs.1223", "geometry": {"type": "MultiPolygon", "coordinates": [[[[85.62161264, 20.39158525], [85.62101172, 20.39166332], [85.62149088, 20.39181632], [85.62161264, 20.39158525]]]]}, "geometry_name": "geom", "properties": {"objectid": 1223, "id": 1581, "gridcode": 1, "shape_leng": 0.0013701569, "shape_area": 6.467e-08, "from_time": "21-08-2022 06:00", "to_time": "21-08-2022 06:00"}}, {"type": "Feature", "id": "odflood50dsc21082022_0600hrs.1225", "geometry": {"type": "MultiPolygon", "coordinates": [[[[85.59735813, 20.39122592], [85.59694494, 20.39129874], [85.59726058, 20.39145401], [85.59735813, 20.39122592]]]]}, "geometry_name": "geom", "properties": {"objectid": 1225, "id": 1584, "gridcode": 1, "shape_leng": 0.00101939394, "shape_area": 4.357e-08, "from_time": "21-08-2022 06:00", "to_time": "21-08-2022 06:00"}}, {"type": "Feature", "id": "odflood50dsc21082022_0600hrs.1227", "geometry": {"type": "MultiPolygon", "coordinates": [[[[85.59807678, 20.39050727], [85.59734707, 20.39059026], [85.59761113, 20.39097292], [85.5981831, 20.39129926], [85.59857436, 20.39198493], [85.59904843, 20.39209108], [85.59889491, 20.3914505], [85.59846909, 20.39083361], [85.59815012, 20.39061359], [85.59807678, 20.39050727]]]]}, "geometry_name": "geom", "properties": {"objectid": 1227, "id": 1586, "gridcode": 1, "shape_leng": 0.0050580705, "shape_area": 1.03433e-06, "from_time": "21-08-2022 06:00", "to_time": "21-08-2022 06:00"}}, {"type": "Feature", "id": "odflood50dsc21082022_0600hrs.1229", "geometry": {"type": "MultiPolygon", "coordinates": [[[[85.59502251, 20.38996828], [85.59442316, 20.39026883], [85.59517111, 20.39026725], [85.59502251, 20.38996828]]]]}, "geometry_name": "geom", "properties": {"objectid": 1229, "id": 1589, "gridcode": 1, "shape_leng": 0.00175230281, "shape_area": 1.1193e-07, "from_time": "21-08-2022 06:00", "to_time": "21-08-2022 06:00"}}, {"type": "Feature", "id": "odflood50dsc21082022_0600hrs.1237", "geometry": {"type": "MultiPolygon", "coordinates": [[[[85.5921479, 20.38924963], [85.59173471, 20.38932244], [85.59205035, 20.38947772], [85.5921479, 20.38924963]]]]}, "geometry_name": "geom", "properties": {"objectid": 1237, "id": 1598, "gridcode": 1, "shape_leng": 0.00101939394, "shape_area": 4.357e-08, "from_time": "21-08-2022 06:00", "to_time": "21-08-2022 06:00"}}, {"type": "Feature", "id": "odflood50dsc21082022_0600hrs.1238", "geometry": {"type": "MultiPolygon", "coordinates": [[[[85.6383213, 20.38924963], [85.63783442, 20.38933227], [85.63698541, 20.38998776], [85.63731719, 20.39130417], [85.63793268, 20.39113416], [85.63824305, 20.39006969], [85.6383213, 20.38924963]]]]}, "geometry_name": "geom", "properties": {"objectid": 1238, "id": 1599, "gridcode": 1, "shape_leng": 0.00549515505, "shape_area": 1.75877e-06, "from_time": "21-08-2022 06:00", "to_time": "21-08-2022 06:00"}}, {"type": "Feature", "id": "odflood50dsc21082022_0600hrs.1241", "geometry": {"type": "MultiPolygon", "coordinates": [[[[85.59142925, 20.38906997], [85.59149083, 20.38928893], [85.59164821, 20.38913155], [85.59142925, 20.38906997]]]]}, "geometry_name": "geom", "properties": {"objectid": 1241, "id": 1602, "gridcode": 1, "shape_leng": 0.00067748933, "shape_area": 2.208e-08, "from_time": "21-08-2022 06:00", "to_time": "21-08-2022 06:00"}}, {"type": "Feature", "id": "odflood50dsc21082022_0600hrs.1242", "geometry": {"type": "MultiPolygon", "coordinates": [[[[85.60885656, 20.38906997], [85.60786491, 20.38915629], [85.60545297, 20.39014724], [85.60421603, 20.39119224], [85.60307524, 20.39274779], [85.60179426, 20.39295185], [85.60071646, 20.39290921], [85.60001237, 20.3932817], [85.59978709, 20.39256989], [85.59941372, 20.39239724], [85.59948338, 20.39415527], [85.59896825, 20.39463268], [85.59869244, 20.39493042], [85.59780044, 20.39535133], [85.5972718, 20.39563118], [85.59690546, 20.39580382], [85.59668702, 20.39626702], [85.59675422, 20.39796329], [85.59672422, 20.39872124], [85.5963391, 20.39944902], [85.59600714, 20.39975641], [85.59564203, 20.4006942], [85.59566203, 20.40119722], [85.5956415, 20.40171516], [85.5958345, 20.40245135], [85.59600714, 20.40317702], [85.59629436, 20.40344301], [85.59585713, 20.40384813], [85.59657175, 20.40407429], [85.59701143, 20.40454889], [85.59636366, 20.40514911], [85.59721619, 20.4063878], [85.59763113, 20.4065836], [85.59793449, 20.40722664], [85.59870209, 20.4069103], [85.59817135, 20.40590706], [85.59799046, 20.40512297], [85.60062575, 20.40387918], [85.60122088, 20.40390287], [85.60180742, 20.40387954], [85.60434376, 20.40232661], [85.6055363, 20.40209905], [85.60609617, 20.40190272], [85.60605863, 20.40095405], [85.60501012, 20.40018504], [85.60481765, 20.39957675], [85.60384249, 20.39815979], [85.60356001, 20.39627491], [85.60445833, 20.3959905], [85.60463097, 20.39580382], [85.6059888, 20.39527518], [85.60624794, 20.39472584], [85.60643462, 20.3945532], [85.60660727, 20.39436652], [85.60682851, 20.39416176], [85.60675921, 20.39241601], [85.60699431, 20.3921981], [85.6069594, 20.39131575], [85.60735627, 20.39112837], [85.60784631, 20.39059956], [85.60894481, 20.39025181], [85.60922133, 20.3896658], [85.60885656, 20.38906997]], [[85.6018497, 20.39356154], [85.6018497, 20.39410053], [85.60131071, 20.39410053], [85.60131071, 20.39356154], [85.6018497, 20.39356154]]]]}, "geometry_name": "geom", "properties": {"objectid": 1242, "id": 1603, "gridcode": 1, "shape_leng": 0.06105651473, "shape_area": 0.00010418349, "from_time": "21-08-2022 06:00", "to_time": "21-08-2022 06:00"}}, {"type": "Feature", "id": "odflood50dsc21082022_0600hrs.1243", "geometry": {"type": "MultiPolygon", "coordinates": [[[[85.59124958, 20.3888903], [85.59124958, 20.38906997], [85.59142925, 20.38906997], [85.59142925, 20.3888903], [85.59124958, 20.3888903]]]]}, "geometry_name": "geom", "properties": {"objectid": 1243, "id": 1605, "gridcode": 1, "shape_leng": 0.00071865223, "shape_area": 3.228e-08, "from_time": "21-08-2022 06:00", "to_time": "21-08-2022 06:00"}}, {"type": "Feature", "id": "odflood50dsc21082022_0600hrs.1246", "geometry": {"type": "MultiPolygon", "coordinates": [[[[85.59124958, 20.3888903], [85.591188, 20.38867134], [85.59103062, 20.38882872], [85.59124958, 20.3888903]]]]}, "geometry_name": "geom", "properties": {"objectid": 1246, "id": 1609, "gridcode": 1, "shape_leng": 0.00067748933, "shape_area": 2.208e-08, "from_time": "21-08-2022 06:00", "to_time": "21-08-2022 06:00"}}, {"type": "Feature", "id": "odflood50dsc21082022_0600hrs.1248", "geometry": {"type": "MultiPolygon", "coordinates": [[[[85.6101142, 20.38781232], [85.60933941, 20.38794391], [85.6092687, 20.38842237], [85.60999244, 20.3885294], [85.6101142, 20.38781232]]]]}, "geometry_name": "geom", "properties": {"objectid": 1248, "id": 1612, "gridcode": 1, "shape_leng": 0.00272849521, "shape_area": 4.4671e-07, "from_time": "21-08-2022 06:00", "to_time": "21-08-2022 06:00"}}, {"type": "Feature", "id": "odflood50dsc21082022_0600hrs.1251", "geometry": {"type": "MultiPolygon", "coordinates": [[[[85.59376487, 20.38655468], [85.59348379, 20.38663293], [85.59332729, 20.38701542], [85.59242897, 20.38726562], [85.59258916, 20.38884855], [85.59312447, 20.38917138], [85.59386628, 20.38932788], [85.59428227, 20.38986687], [85.59463406, 20.38905821], [85.5943972, 20.38766372], [85.59393979, 20.38731071], [85.59384312, 20.38665609], [85.59376487, 20.38655468]], [[85.5935852, 20.38763266], [85.5935852, 20.38817165], [85.59304621, 20.38817165], [85.59304621, 20.38763266], [85.5935852, 20.38763266]]]]}, "geometry_name": "geom", "properties": {"objectid": 1251, "id": 1619, "gridcode": 1, "shape_leng": 0.0111125371, "shape_area": 4.07307e-06, "from_time": "21-08-2022 06:00", "to_time": "21-08-2022 06:00"}}, {"type": "Feature", "id": "odflood50dsc21082022_0600hrs.1259", "geometry": {"type": "MultiPolygon", "coordinates": [[[[85.58136811, 20.38457839], [85.58095492, 20.3846512], [85.58127056, 20.38480648], [85.58136811, 20.38457839]]]]}, "geometry_name": "geom", "properties": {"objectid": 1259, "id": 1630, "gridcode": 1, "shape_leng": 0.00101939394, "shape_area": 4.357e-08, "from_time": "21-08-2022 06:00", "to_time": "21-08-2022 06:00"}}, {"type": "Feature", "id": "odflood50dsc21082022_0600hrs.1263", "geometry": {"type": "MultiPolygon", "coordinates": [[[[85.58675801, 20.38385974], [85.58613585, 20.38404712], [85.58630253, 20.38449628], [85.58670502, 20.38446399], [85.58762737, 20.38665416], [85.58685451, 20.38732018], [85.58713681, 20.38770968], [85.58738683, 20.38772969], [85.58791582, 20.38768723], [85.58794441, 20.38804462], [85.58766808, 20.3890547], [85.58791915, 20.38934613], [85.58936979, 20.38951246], [85.59008932, 20.38991389], [85.59089026, 20.3898495], [85.59151241, 20.3898995], [85.59122186, 20.3895372], [85.5902281, 20.38909365], [85.58984895, 20.38876714], [85.58917679, 20.38790882], [85.58901046, 20.38753616], [85.58850253, 20.38709858], [85.58805442, 20.3851258], [85.58773949, 20.38485455], [85.58753158, 20.38438873], [85.58684117, 20.38395624], [85.58675801, 20.38385974]]]]}, "geometry_name": "geom", "properties": {"objectid": 1263, "id": 1637, "gridcode": 1, "shape_leng": 0.01980667062, "shape_area": 8.26024e-06, "from_time": "21-08-2022 06:00", "to_time": "21-08-2022 06:00"}}, {"type": "Feature", "id": "odflood50dsc21082022_0600hrs.1264", "geometry": {"type": "MultiPolygon", "coordinates": [[[[85.55028641, 20.38332075], [85.54984725, 20.38344637], [85.55016341, 20.38375078], [85.55028641, 20.38332075]]]]}, "geometry_name": "geom", "properties": {"objectid": 1264, "id": 1638, "gridcode": 1, "shape_leng": 0.00134293837, "shape_area": 8.67e-08, "from_time": "21-08-2022 06:00", "to_time": "21-08-2022 06:00"}}, {"type": "Feature", "id": "odflood50dsc21082022_0600hrs.1265", "geometry": {"type": "MultiPolygon", "coordinates": [[[[85.55603562, 20.38332075], [85.5556763, 20.38332075], [85.5556763, 20.38385974], [85.55603562, 20.38385974], [85.55603562, 20.38332075]]]]}, "geometry_name": "geom", "properties": {"objectid": 1265, "id": 1639, "gridcode": 1, "shape_leng": 0.00179663057, "shape_area": 1.9367e-07, "from_time": "21-08-2022 06:00", "to_time": "21-08-2022 06:00"}}, {"type": "Feature", "id": "odflood50dsc21082022_0600hrs.1282", "geometry": {"type": "MultiPolygon", "coordinates": [[[[85.58675801, 20.37811052], [85.58753035, 20.37791226], [85.58762316, 20.37749819], [85.58692311, 20.37787155], [85.58675801, 20.37811052]]]]}, "geometry_name": "geom", "properties": {"objectid": 1282, "id": 1669, "gridcode": 1, "shape_leng": 0.00230557136, "shape_area": 2.0352e-07, "from_time": "21-08-2022 06:00", "to_time": "21-08-2022 06:00"}}, {"type": "Feature", "id": "odflood50dsc21082022_0600hrs.1289", "geometry": {"type": "MultiPolygon", "coordinates": [[[[85.59394453, 20.37379861], [85.59339677, 20.37388493], [85.5937396, 20.37438146], [85.59425315, 20.37449655], [85.59472634, 20.37417004], [85.59401787, 20.37390493], [85.59394453, 20.37379861]]]]}, "geometry_name": "geom", "properties": {"objectid": 1289, "id": 1681, "gridcode": 1, "shape_leng": 0.0031447289, "shape_area": 4.9982e-07, "from_time": "21-08-2022 06:00", "to_time": "21-08-2022 06:00"}}, {"type": "Feature", "id": "odflood50dsc21082022_0600hrs.1300", "geometry": {"type": "MultiPolygon", "coordinates": [[[[85.56465945, 20.36930703], [85.56313056, 20.36939511], [85.56143797, 20.3697418], [85.56059106, 20.3703157], [85.5592471, 20.37096786], [85.55678954, 20.37253903], [85.55493291, 20.37314154], [85.55468991, 20.37389019], [85.55448919, 20.37424601], [85.55359579, 20.37331629], [85.5512728, 20.37299188], [85.55032536, 20.37279783], [85.54901087, 20.37212058], [85.54831818, 20.37106418], [85.54789762, 20.37083592], [85.54657349, 20.37190495], [85.54550972, 20.37135701], [85.54453719, 20.37137684], [85.54417786, 20.37136947], [85.54389556, 20.37137526], [85.54391381, 20.37227147], [85.54389872, 20.37301714], [85.54257054, 20.37429303], [85.54216507, 20.37554295], [85.54083216, 20.37586789], [85.54011649, 20.37623651], [85.53871744, 20.37620792], [85.53813318, 20.37660391], [85.5370931, 20.37710851], [85.53654394, 20.37758837], [85.53834057, 20.37783927], [85.53887605, 20.37820211], [85.53959821, 20.37837826], [85.5406046, 20.37872267], [85.541032, 20.37988329], [85.54013369, 20.38017489], [85.53975261, 20.38037122], [85.53977945, 20.38168729], [85.54053407, 20.38293159], [85.54219946, 20.38333759], [85.54288531, 20.38262368], [85.54428699, 20.38197503], [85.5452011, 20.38244594], [85.54608292, 20.38214417], [85.54678298, 20.38215838], [85.54715493, 20.38215083], [85.54776393, 20.38151692], [85.54826292, 20.38103759], [85.54937967, 20.38132375], [85.55001516, 20.38035455], [85.55028237, 20.38009769], [85.5512728, 20.38089705], [85.55163563, 20.38107321], [85.5525364, 20.38161939], [85.55316101, 20.38160658], [85.55434444, 20.38163079], [85.55522714, 20.38071195], [85.55540505, 20.38089705], [85.55561068, 20.38109479], [85.55630687, 20.38143253], [85.55648303, 20.38197871], [85.55603562, 20.38196959], [85.55576069, 20.38197521], [85.55577174, 20.38252139], [85.55635021, 20.38250946], [85.55835072, 20.38209978], [85.55877654, 20.38297721], [85.56010418, 20.38263701], [85.56081705, 20.38288089], [85.56115427, 20.38360954], [85.56071371, 20.38446487], [85.55936114, 20.38376815], [85.55875075, 20.383592], [85.5581035, 20.38398308], [85.55849424, 20.38550741], [85.5582193, 20.38604096], [85.5562674, 20.38631344], [85.55593684, 20.3866575], [85.5559479, 20.38719614], [85.55631424, 20.38754809], [85.5571136, 20.38753178], [85.5587704, 20.38756564], [85.55995347, 20.38708578], [85.56080441, 20.38773144], [85.56186064, 20.38770986], [85.56261069, 20.38821832], [85.56404344, 20.38861905], [85.56402502, 20.38771688], [85.56438838, 20.38790409], [85.56477262, 20.38789619], [85.56542144, 20.38722088], [85.5656669, 20.3870056], [85.56628712, 20.38765126], [85.56659206, 20.38859045], [85.56746616, 20.38880363], [85.5688489, 20.38951597], [85.56996127, 20.38969703], [85.57032778, 20.38988582], [85.57031515, 20.39050727], [85.57032199, 20.39083958], [85.57103591, 20.39059517], [85.5716814, 20.39060833], [85.57193405, 20.38879872], [85.5721174, 20.38754423], [85.57211319, 20.38734334], [85.57124698, 20.38651117], [85.57103924, 20.38621922], [85.57179597, 20.38572304], [85.57240286, 20.38509141], [85.57291904, 20.38350076], [85.57211301, 20.38035543], [85.57276955, 20.3794901], [85.57301203, 20.37740976], [85.57210055, 20.37620862], [85.57070641, 20.37478851], [85.56931683, 20.37595509], [85.56906295, 20.37566577], [85.56957088, 20.3746799], [85.56906383, 20.37319838], [85.56888329, 20.37209005], [85.56862958, 20.37159738], [85.56724737, 20.37137245], [85.56621694, 20.37084171], [85.56552969, 20.37061853], [85.56510405, 20.36974127], [85.56474753, 20.36939862], [85.56465945, 20.36930703]], [[85.56214417, 20.37038501], [85.5620496, 20.37094172], [85.56158044, 20.37118191], [85.56134726, 20.37070591], [85.56214417, 20.37038501]], [[85.56286282, 20.38332075], [85.56304792, 20.38373376], [85.56288738, 20.38424889], [85.56203609, 20.38398361], [85.56189608, 20.38340058], [85.56286282, 20.38332075]], [[85.55549663, 20.37954782], [85.55542698, 20.38011699], [85.55503993, 20.38032525], [85.55489887, 20.37962099], [85.55549663, 20.37954782]]]]}, "geometry_name": "geom", "properties": {"objectid": 1300, "id": 1696, "gridcode": 1, "shape_leng": 0.13873575398, "shape_area": 0.00040337269, "from_time": "21-08-2022 06:00", "to_time": "21-08-2022 06:00"}}, {"type": "Feature", "id": "odflood50dsc21082022_0600hrs.1302", "geometry": {"type": "MultiPolygon", "coordinates": [[[[85.59232756, 20.36912737], [85.59223422, 20.36921369], [85.59206158, 20.36958003], [85.59170225, 20.36991287], [85.59188051, 20.37197899], [85.59308674, 20.37155633], [85.59321044, 20.37196127], [85.59278023, 20.37277432], [85.59295287, 20.37299363], [85.59421753, 20.37334594], [85.59447668, 20.37362579], [85.59475652, 20.37388493], [85.59492917, 20.37407161], [85.59528007, 20.37439655], [85.59534744, 20.3760958], [85.59511585, 20.37658689], [85.59491653, 20.37677147], [85.59457686, 20.37784453], [85.59439018, 20.37819684], [85.59421753, 20.37856319], [85.59365784, 20.37908147], [85.59297937, 20.37981381], [85.59133591, 20.37964116], [85.5909836, 20.37909516], [85.59079692, 20.37892251], [85.5905569, 20.37766487], [85.58972596, 20.37788296], [85.5898986, 20.37892251], [85.59014318, 20.37938448], [85.58981579, 20.37973801], [85.5890073, 20.37945448], [85.58797389, 20.3792085], [85.58828163, 20.37855617], [85.58856323, 20.3780242], [85.58746104, 20.37825632], [85.58703101, 20.37892251], [85.58667168, 20.37925534], [85.58684433, 20.37982083], [85.58719313, 20.38014383], [85.58765422, 20.38171887], [85.58738332, 20.38196977], [85.58721067, 20.38233611], [85.58684433, 20.38250876], [85.5865115, 20.38286808], [85.58630534, 20.38269544], [85.5859804, 20.38234453], [85.58541457, 20.38232207], [85.58540053, 20.38267403], [85.58584794, 20.38315688], [85.58739034, 20.38358673], [85.58764948, 20.38386658], [85.5880746, 20.38426047], [85.58840866, 20.38489175], [85.5886857, 20.38634326], [85.5890073, 20.38664101], [85.58965156, 20.3876388], [85.59001229, 20.38802831], [85.5908685, 20.3886173], [85.5910315, 20.38837254], [85.59080393, 20.38717999], [85.59044461, 20.38684716], [85.59061725, 20.38646134], [85.5908971, 20.3862022], [85.59141328, 20.38564514], [85.59207895, 20.38518703], [85.59313955, 20.38485139], [85.59408787, 20.38419871], [85.59455563, 20.3846319], [85.59528165, 20.38575655], [85.59565484, 20.38610202], [85.59598416, 20.38680014], [85.59679738, 20.38735966], [85.59776781, 20.38710332], [85.59799046, 20.38646836], [85.59817521, 20.38569198], [85.59942074, 20.38453786], [85.59919581, 20.38376745], [85.59792554, 20.38302055], [85.59715776, 20.38219189], [85.59619383, 20.38156938], [85.59736988, 20.38003628], [85.59894106, 20.37858056], [85.59943443, 20.37781646], [85.60043608, 20.37785629], [85.6015767, 20.37679919], [85.60137423, 20.37654233], [85.5992481, 20.37594965], [85.59945496, 20.37541364], [85.60178759, 20.37289608], [85.60291558, 20.37229919], [85.60406251, 20.37193618], [85.60445131, 20.3715758], [85.60413356, 20.371197], [85.60319367, 20.37136965], [85.60216955, 20.37163809], [85.60184286, 20.37102067], [85.60142704, 20.37013955], [85.60066101, 20.36961232], [85.59933196, 20.37015832], [85.59817696, 20.37052397], [85.59870209, 20.37151667], [85.59798344, 20.37137666], [85.59701266, 20.37070854], [85.5956108, 20.37107576], [85.5943707, 20.37056643], [85.59353151, 20.37101032], [85.59268004, 20.37033939], [85.59241388, 20.36958003], [85.59232756, 20.36912737]], [[85.59681914, 20.38493772], [85.59645981, 20.38493772], [85.59645981, 20.38421906], [85.59681914, 20.38421906], [85.59681914, 20.38493772]], [[85.59681914, 20.38493772], [85.59789712, 20.38493772], [85.59789712, 20.38601569], [85.59681914, 20.38601569], [85.59681914, 20.38493772]], [[85.5887343, 20.38026648], [85.5884041, 20.3806944], [85.58811706, 20.3803714], [85.5887343, 20.38026648]], [[85.59861577, 20.3757749], [85.5988607, 20.37629915], [85.59827118, 20.37654478], [85.59756148, 20.37627722], [85.59693634, 20.37673848], [85.59657421, 20.37625371], [85.59696073, 20.37596228], [85.59737041, 20.37611668], [85.59796238, 20.37584017], [85.59861577, 20.3757749]], [[85.59789712, 20.37361894], [85.59822662, 20.37415179], [85.59798186, 20.374602], [85.59773851, 20.37513222], [85.59704249, 20.37475377], [85.59710126, 20.37376755], [85.59789712, 20.37361894]]]]}, "geometry_name": "geom", "properties": {"objectid": 1302, "id": 1698, "gridcode": 1, "shape_leng": 0.11361143582, "shape_area": 0.0001293609, "from_time": "21-08-2022 06:00", "to_time": "21-08-2022 06:00"}}, {"type": "Feature", "id": "odflood50dsc21082022_0600hrs.1307", "geometry": {"type": "MultiPolygon", "coordinates": [[[[85.58406306, 20.36804939], [85.58346214, 20.36812746], [85.5839413, 20.36828046], [85.58406306, 20.36804939]]]]}, "geometry_name": "geom", "properties": {"objectid": 1307, "id": 1704, "gridcode": 1, "shape_leng": 0.0013701569, "shape_area": 6.467e-08, "from_time": "21-08-2022 06:00", "to_time": "21-08-2022 06:00"}}, {"type": "Feature", "id": "odflood50dsc21082022_0600hrs.1308", "geometry": {"type": "MultiPolygon", "coordinates": [[[[85.58460205, 20.36786973], [85.58438309, 20.36793131], [85.58454047, 20.36808869], [85.58460205, 20.36786973]]]]}, "geometry_name": "geom", "properties": {"objectid": 1308, "id": 1705, "gridcode": 1, "shape_leng": 0.00067748933, "shape_area": 2.208e-08, "from_time": "21-08-2022 06:00", "to_time": "21-08-2022 06:00"}}, {"type": "Feature", "id": "odflood50dsc21082022_0600hrs.1309", "geometry": {"type": "MultiPolygon", "coordinates": [[[[85.57418159, 20.39445986], [85.57433038, 20.39554801], [85.57547643, 20.39615455], [85.57607156, 20.39634281], [85.5770069, 20.39706023], [85.57835104, 20.39777152], [85.5794427, 20.39811716], [85.57991537, 20.39836718], [85.58069157, 20.39800101], [85.58092247, 20.39778713], [85.58126793, 20.39741395], [85.58178323, 20.39693672], [85.58184078, 20.39548257], [85.58146146, 20.3947655], [85.58200044, 20.39490551], [85.58217309, 20.39563118], [85.58266997, 20.39657002], [85.58218011, 20.39843964], [85.58271401, 20.39975378], [85.58328897, 20.40005801], [85.58415008, 20.39975623], [85.58434852, 20.39976413], [85.58484751, 20.39922549], [85.58522017, 20.39921075], [85.58541404, 20.39957675], [85.58559809, 20.40073262], [85.58631236, 20.40119371], [85.586891, 20.40159199], [85.5879081, 20.40207203], [85.58820215, 20.40262768], [85.58878992, 20.40387304], [85.59073095, 20.40394989], [85.59186437, 20.40289981], [85.59190788, 20.40179937], [85.59134292, 20.39964289], [85.59151557, 20.39903776], [85.59170225, 20.39850579], [85.59229247, 20.3951843], [85.59289813, 20.39390104], [85.59378188, 20.39294728], [85.59420367, 20.39384139], [85.59474845, 20.39434599], [85.5947681, 20.39484252], [85.59367854, 20.39626351], [85.59392698, 20.39742079], [85.5943972, 20.39724814], [85.59457493, 20.39613227], [85.59646455, 20.39438143], [85.59688756, 20.39348487], [85.59722215, 20.39317502], [85.59690546, 20.3925769], [85.59659351, 20.3919158], [85.5954771, 20.39055727], [85.59456265, 20.39077501], [85.59459107, 20.39149191], [85.59403085, 20.39131926], [85.59369223, 20.39060131], [85.59322588, 20.39058289], [85.59259706, 20.3906078], [85.59205807, 20.3905864], [85.59116115, 20.39062202], [85.5898986, 20.39042095], [85.58918697, 20.39023427], [85.58741244, 20.38989564], [85.58676292, 20.38929384], [85.58645395, 20.3883178], [85.58558669, 20.38718701], [85.58536316, 20.38601534], [85.58468837, 20.38539038], [85.58451573, 20.3852037], [85.58432905, 20.38503106], [85.58382971, 20.38449207], [85.58307842, 20.38471647], [85.58325107, 20.38503106], [85.58361039, 20.38536389], [85.58329265, 20.38574269], [85.58235977, 20.38546512], [85.58253242, 20.38502404], [85.5830714, 20.38476981], [85.58261979, 20.3844954], [85.58204168, 20.38447259], [85.58146146, 20.3847463], [85.5816341, 20.38485139], [85.58235275, 20.38507878], [85.58213537, 20.38569707], [85.58085527, 20.38619553], [85.58049577, 20.38807831], [85.58002415, 20.38780566], [85.5801968, 20.38628168], [85.58047296, 20.38549425], [85.58020381, 20.3852037], [85.57929848, 20.38467173], [85.57858228, 20.38417871], [85.57733429, 20.38461611], [85.57730991, 20.3840022], [85.57829051, 20.38294405], [85.57954096, 20.38338233], [85.58001713, 20.38286808], [85.58100352, 20.38223119], [85.58130109, 20.38138218], [85.58126811, 20.38054878], [85.58199694, 20.38004716], [85.58311246, 20.38081494], [85.58393709, 20.38125111], [85.58398902, 20.38102443], [85.58395551, 20.38018086], [85.58431975, 20.38016647], [85.58472241, 20.38075178], [85.58468416, 20.38171834], [85.58536141, 20.38135989], [85.58591864, 20.38196134], [85.58666396, 20.381991], [85.5867166, 20.38066107], [85.58632236, 20.37953642], [85.58667168, 20.37820386], [85.58675801, 20.37811052], [85.58578583, 20.37820544], [85.58516823, 20.37870004], [85.5846131, 20.37961397], [85.5840185, 20.37968783], [85.5836239, 20.37901638], [85.58386848, 20.37857687], [85.58466205, 20.37835001], [85.58472539, 20.37784102], [85.58461626, 20.37696341], [85.58613919, 20.37677305], [85.5880446, 20.37641372], [85.58930312, 20.37662111], [85.58971245, 20.37713237], [85.59126415, 20.37732642], [85.59138415, 20.37829018], [85.59130994, 20.37888602], [85.59196069, 20.37926833], [85.59324009, 20.37902094], [85.59370486, 20.37823018], [85.59402436, 20.3774717], [85.59434403, 20.37721589], [85.59492267, 20.37571016], [85.59472985, 20.37480044], [85.59328658, 20.37585473], [85.59294673, 20.37551646], [85.59286655, 20.37523591], [85.59313096, 20.37499958], [85.59281041, 20.37424811], [85.59185717, 20.37407021], [85.59152417, 20.37334436], [85.5893354, 20.37311627], [85.58880729, 20.37264448], [85.58885098, 20.37191214], [85.58873991, 20.37005025], [85.58909292, 20.36890717], [85.59000528, 20.36832695], [85.58863938, 20.36814431], [85.58821479, 20.36791341], [85.58731419, 20.3682366], [85.58522631, 20.3681122], [85.58473732, 20.36865944], [85.58344757, 20.36873628], [85.58253417, 20.3684917], [85.58186956, 20.36885278], [85.58020522, 20.3685575], [85.57935427, 20.36760532], [85.57873019, 20.36839731], [85.57880002, 20.36956898], [85.57826208, 20.36960109], [85.57801435, 20.36937967], [85.57761624, 20.36851241], [85.57696532, 20.36886629], [85.57574838, 20.36783113], [85.574446, 20.36813413], [85.57283921, 20.36958161], [85.57110188, 20.37030641], [85.57052868, 20.37244604], [85.57154332, 20.37224901], [85.57278552, 20.3713814], [85.57323205, 20.37135473], [85.57311379, 20.37333927], [85.57367032, 20.37337243], [85.57471374, 20.37309294], [85.57546204, 20.37376159], [85.57433073, 20.37428092], [85.57283921, 20.37561366], [85.57346399, 20.3767148], [85.57426634, 20.37722519], [85.57409685, 20.37748679], [85.57343838, 20.37833633], [85.57377419, 20.37959011], [85.57301887, 20.3806716], [85.57336802, 20.38269702], [85.57369068, 20.38359621], [85.57266604, 20.38636063], [85.57263305, 20.38691401], [85.57270604, 20.38813989], [85.57237215, 20.39033533], [85.57332802, 20.39118943], [85.57342855, 20.39287377], [85.57283921, 20.39395842], [85.57339206, 20.39433371], [85.57408667, 20.39437511], [85.57418159, 20.39445986]], [[85.57418159, 20.39445986], [85.57445267, 20.39378665], [85.57461917, 20.39433792], [85.57418159, 20.39445986]], [[85.59286655, 20.37523591], [85.59276198, 20.375311], [85.59261179, 20.37552014], [85.59161172, 20.37567033], [85.59131362, 20.37525416], [85.59040022, 20.37490185], [85.59052812, 20.3742625], [85.59078569, 20.37462183], [85.59124678, 20.37477201], [85.59160891, 20.37426654], [85.59186367, 20.37462183], [85.59225247, 20.37477201], [85.592769, 20.37509976], [85.59286655, 20.37523591]], [[85.59304621, 20.37649355], [85.59326184, 20.37701833], [85.5925553, 20.37746696], [85.59135591, 20.37729572], [85.59122151, 20.37661549], [85.59206333, 20.37678182], [85.59258232, 20.37656865], [85.59304621, 20.37649355]], [[85.59574116, 20.39140559], [85.5958145, 20.39187124], [85.59613347, 20.39209125], [85.59655824, 20.39270674], [85.59671281, 20.39329871], [85.59616417, 20.39400684], [85.5950383, 20.39417387], [85.59472371, 20.39333293], [85.59477319, 20.39311238], [85.59469967, 20.39278429], [85.59521621, 20.39211775], [85.59545517, 20.39147892], [85.59574116, 20.39140559]], [[85.59071059, 20.39984975], [85.59077095, 20.39996906], [85.59100956, 20.40008977], [85.59113028, 20.40062665], [85.59061445, 20.40088755], [85.58994685, 20.40030575], [85.59013406, 20.39992239], [85.59071059, 20.39984975]], [[85.5901716, 20.39805312], [85.5901716, 20.39841244], [85.59124958, 20.39841244], [85.59124958, 20.39949042], [85.5901716, 20.39949042], [85.5901716, 20.3991311], [85.5887343, 20.3991311], [85.5887343, 20.39841244], [85.58963262, 20.39841244], [85.58963262, 20.39805312], [85.5901716, 20.39805312]], [[85.58657834, 20.39014794], [85.58657834, 20.39068693], [85.58568003, 20.39068693], [85.58568003, 20.39014794], [85.58657834, 20.39014794]], [[85.57939182, 20.38960895], [85.57939182, 20.39050727], [85.57885283, 20.39050727], [85.57885283, 20.38960895], [85.57939182, 20.38960895]], [[85.5819071, 20.38673435], [85.58215818, 20.38737299], [85.58154462, 20.38771091], [85.58128986, 20.38683927], [85.5819071, 20.38673435]], [[85.57525957, 20.3840394], [85.57513658, 20.38446943], [85.57482041, 20.38416502], [85.57525957, 20.3840394]], [[85.58370373, 20.370924], [85.58378532, 20.37102207], [85.58398148, 20.37118525], [85.58414465, 20.37253079], [85.58238661, 20.37280221], [85.58218484, 20.37101541], [85.58370373, 20.370924]]]]}, "geometry_name": "geom", "properties": {"objectid": 1309, "id": 1706, "gridcode": 1, "shape_leng": 0.25132103364, "shape_area": 0.00047009552, "from_time": "21-08-2022 06:00", "to_time": "21-08-2022 06:00"}}, {"type": "Feature", "id": "odflood50dsc21082022_0600hrs.1310", "geometry": {"type": "MultiPolygon", "coordinates": [[[[85.59142925, 20.3675104], [85.5904597, 20.36763725], [85.59043391, 20.36795956], [85.59050461, 20.3688405], [85.58996229, 20.36930773], [85.58936979, 20.37036957], [85.58963033, 20.37167072], [85.59133924, 20.37262413], [85.59154031, 20.37244499], [85.59136643, 20.37028254], [85.59187174, 20.36843661], [85.59170541, 20.36777323], [85.59151241, 20.3676069], [85.59142925, 20.3675104]]]]}, "geometry_name": "geom", "properties": {"objectid": 1310, "id": 1707, "gridcode": 1, "shape_leng": 0.01281922517, "shape_area": 7.74216e-06, "from_time": "21-08-2022 06:00", "to_time": "21-08-2022 06:00"}}, {"type": "Feature", "id": "odflood50dsc21082022_0600hrs.1311", "geometry": {"type": "MultiPolygon", "coordinates": [[[[85.58909363, 20.36733074], [85.58849428, 20.36740636], [85.58877729, 20.36793008], [85.58984614, 20.36779779], [85.58915398, 20.36745004], [85.58909363, 20.36733074]]]]}, "geometry_name": "geom", "properties": {"objectid": 1311, "id": 1708, "gridcode": 1, "shape_leng": 0.00318471368, "shape_area": 4.3623e-07, "from_time": "21-08-2022 06:00", "to_time": "21-08-2022 06:00"}}, {"type": "Feature", "id": "odflood50dsc21082022_0600hrs.1314", "geometry": {"type": "MultiPolygon", "coordinates": [[[[85.57669688, 20.36715107], [85.57626737, 20.36742601], [85.57676899, 20.36811957], [85.57718691, 20.36797184], [85.57698602, 20.36740092], [85.57676706, 20.36726056], [85.57669688, 20.36715107]]]]}, "geometry_name": "geom", "properties": {"objectid": 1314, "id": 1711, "gridcode": 1, "shape_leng": 0.00280455385, "shape_area": 4.7599e-07, "from_time": "21-08-2022 06:00", "to_time": "21-08-2022 06:00"}}, {"type": "Feature", "id": "odflood50dsc21082022_0600hrs.1315", "geometry": {"type": "MultiPolygon", "coordinates": [[[[85.58280542, 20.36715107], [85.58257189, 20.36725108], [85.58273348, 20.36755935], [85.58280542, 20.36715107]]]]}, "geometry_name": "geom", "properties": {"objectid": 1315, "id": 1712, "gridcode": 1, "shape_leng": 0.00101666061, "shape_area": 4.407e-08, "from_time": "21-08-2022 06:00", "to_time": "21-08-2022 06:00"}}, {"type": "Feature", "id": "odflood50dsc21082022_0600hrs.1316", "geometry": {"type": "MultiPolygon", "coordinates": [[[[85.58316475, 20.36697141], [85.58294578, 20.36703299], [85.58310316, 20.36719037], [85.58316475, 20.36697141]]]]}, "geometry_name": "geom", "properties": {"objectid": 1316, "id": 1713, "gridcode": 1, "shape_leng": 0.00067748933, "shape_area": 2.208e-08, "from_time": "21-08-2022 06:00", "to_time": "21-08-2022 06:00"}}, {"type": "Feature", "id": "odflood50dsc21082022_0600hrs.1317", "geometry": {"type": "MultiPolygon", "coordinates": [[[[85.58352407, 20.36679175], [85.58330511, 20.36685333], [85.58346249, 20.36701071], [85.58352407, 20.36679175]]]]}, "geometry_name": "geom", "properties": {"objectid": 1317, "id": 1714, "gridcode": 1, "shape_leng": 0.00067748933, "shape_area": 2.208e-08, "from_time": "21-08-2022 06:00", "to_time": "21-08-2022 06:00"}}, {"type": "Feature", "id": "odflood50dsc21082022_0600hrs.1318", "geometry": {"type": "MultiPolygon", "coordinates": [[[[85.58352407, 20.36679175], [85.58393726, 20.36671893], [85.58362162, 20.36656366], [85.58352407, 20.36679175]]]]}, "geometry_name": "geom", "properties": {"objectid": 1318, "id": 1715, "gridcode": 1, "shape_leng": 0.00101939394, "shape_area": 4.357e-08, "from_time": "21-08-2022 06:00", "to_time": "21-08-2022 06:00"}}, {"type": "Feature", "id": "odflood50dsc21082022_0600hrs.1337", "geometry": {"type": "MultiPolygon", "coordinates": [[[[85.58999194, 20.36337815], [85.58954454, 20.3636494], [85.58914556, 20.3638431], [85.58741946, 20.36380783], [85.58702926, 20.36400872], [85.58666642, 20.36418488], [85.58649027, 20.36436805], [85.58537264, 20.36464053], [85.58504963, 20.36563604], [85.58453327, 20.36613205], [85.58433431, 20.36638452], [85.58595128, 20.36670016], [85.58686766, 20.36701387], [85.5883848, 20.36578921], [85.58920363, 20.36580588], [85.59002686, 20.36622995], [85.59026021, 20.36742548], [85.59060866, 20.36706282], [85.59124713, 20.36685561], [85.59078428, 20.36595712], [85.590256, 20.36544971], [85.58983035, 20.3650067], [85.59043689, 20.36411189], [85.58999194, 20.36337815]]]]}, "geometry_name": "geom", "properties": {"objectid": 1337, "id": 1736, "gridcode": 1, "shape_leng": 0.0200237363, "shape_area": 1.332003e-05, "from_time": "21-08-2022 06:00", "to_time": "21-08-2022 06:00"}}, {"type": "Feature", "id": "odflood50dsc21082022_0600hrs.1346", "geometry": {"type": "MultiPolygon", "coordinates": [[[[85.61873803, 20.36086287], [85.61687034, 20.36101902], [85.61578026, 20.3617017], [85.61605133, 20.36254142], [85.61661243, 20.36258651], [85.6170379, 20.36239667], [85.61773497, 20.36200787], [85.6182429, 20.36204857], [85.61899331, 20.36157854], [85.61902875, 20.36113815], [85.61882119, 20.36095936], [85.61873803, 20.36086287]]]]}, "geometry_name": "geom", "properties": {"objectid": 1346, "id": 1750, "gridcode": 1, "shape_leng": 0.00810794997, "shape_area": 3.51447e-06, "from_time": "21-08-2022 06:00", "to_time": "21-08-2022 06:00"}}, {"type": "Feature", "id": "odflood50dsc21082022_0600hrs.1376", "geometry": {"type": "MultiPolygon", "coordinates": [[[[85.5955615, 20.35277803], [85.59495584, 20.3529512], [85.59483495, 20.3539225], [85.59576116, 20.35403778], [85.59617207, 20.3533386], [85.59572133, 20.35297752], [85.5955615, 20.35277803]]]]}, "geometry_name": "geom", "properties": {"objectid": 1376, "id": 1787, "gridcode": 1, "shape_leng": 0.00418622606, "shape_area": 1.16808e-06, "from_time": "21-08-2022 06:00", "to_time": "21-08-2022 06:00"}}, {"type": "Feature", "id": "odflood50dsc21082022_0600hrs.1399", "geometry": {"type": "MultiPolygon", "coordinates": [[[[85.56591709, 20.34864578], [85.56569813, 20.34870736], [85.56585551, 20.34886474], [85.56591709, 20.34864578]]]]}, "geometry_name": "geom", "properties": {"objectid": 1399, "id": 1832, "gridcode": 1, "shape_leng": 0.00067748933, "shape_area": 2.208e-08, "from_time": "21-08-2022 06:00", "to_time": "21-08-2022 06:00"}}, {"type": "Feature", "id": "odflood50dsc21082022_0600hrs.1488", "geometry": {"type": "MultiPolygon", "coordinates": [[[[85.60310734, 20.32996082], [85.60288838, 20.3300224], [85.60304576, 20.33017978], [85.60310734, 20.32996082]]]]}, "geometry_name": "geom", "properties": {"objectid": 1488, "id": 2007, "gridcode": 1, "shape_leng": 0.00067748933, "shape_area": 2.208e-08, "from_time": "21-08-2022 06:00", "to_time": "21-08-2022 06:00"}}, {"type": "Feature", "id": "odflood50dsc21082022_0600hrs.1492", "geometry": {"type": "MultiPolygon", "coordinates": [[[[85.60418532, 20.32942183], [85.60396636, 20.32948341], [85.60412374, 20.3296408], [85.60418532, 20.32942183]]]]}, "geometry_name": "geom", "properties": {"objectid": 1492, "id": 2012, "gridcode": 1, "shape_leng": 0.00067748933, "shape_area": 2.208e-08, "from_time": "21-08-2022 06:00", "to_time": "21-08-2022 06:00"}}, {"type": "Feature", "id": "odflood50dsc21082022_0600hrs.1543", "geometry": {"type": "MultiPolygon", "coordinates": [[[[85.59340554, 20.3076826], [85.59281497, 20.30778296], [85.59263232, 20.30901849], [85.59329062, 20.3083595], [85.59340554, 20.3076826]]]]}, "geometry_name": "geom", "properties": {"objectid": 1543, "id": 2110, "gridcode": 1, "shape_leng": 0.00346604937, "shape_area": 5.406e-07, "from_time": "21-08-2022 06:00", "to_time": "21-08-2022 06:00"}}, {"type": "Feature", "id": "odflood50dsc21082022_0600hrs.1555", "geometry": {"type": "MultiPolygon", "coordinates": [[[[85.58999194, 20.29923844], [85.58971245, 20.29931827], [85.58915293, 20.30023974], [85.58717488, 20.30115438], [85.58668326, 20.30109332], [85.5866394, 20.30144545], [85.58685784, 20.30201321], [85.58711084, 20.30289837], [85.58752649, 20.30295013], [85.5881804, 20.30187355], [85.58866377, 20.30166985], [85.58832672, 20.30109648], [85.58871132, 20.30114437], [85.58946646, 20.30092857], [85.5898893, 20.29982831], [85.58999194, 20.29923844]]]]}, "geometry_name": "geom", "properties": {"objectid": 1555, "id": 2149, "gridcode": 1, "shape_leng": 0.01174566657, "shape_area": 3.84592e-06, "from_time": "21-08-2022 06:00", "to_time": "21-08-2022 06:00"}}, {"type": "Feature", "id": "odflood50dsc21082022_0600hrs.1777", "geometry": {"type": "MultiPolygon", "coordinates": [[[[85.51040121, 20.22000703], [85.51031488, 20.2204597], [85.51010873, 20.22063234], [85.50977554, 20.22027284], [85.50909497, 20.22029986], [85.50769012, 20.22066796], [85.50741606, 20.22181875], [85.50744747, 20.22261214], [85.5074015, 20.22377329], [85.50797926, 20.22404594], [85.50815191, 20.22425385], [85.50672127, 20.22419718], [85.50468392, 20.22497461], [85.50409931, 20.22560553], [85.50382701, 20.22703178], [85.50286694, 20.2274848], [85.50220513, 20.22745866], [85.50118295, 20.22799958], [85.50024674, 20.22817819], [85.49989443, 20.22836487], [85.49827044, 20.22853752], [85.4980978, 20.22953777], [85.49894699, 20.22908844], [85.49916876, 20.22984797], [85.4982729, 20.23067821], [85.4980978, 20.2318111], [85.4990512, 20.23269468], [85.49836624, 20.2336902], [85.49892032, 20.23420357], [85.49981056, 20.23389144], [85.50132471, 20.23284943], [85.50187072, 20.23249712], [85.50204337, 20.23213078], [85.50225128, 20.23173811], [85.50330803, 20.23123948], [85.50407177, 20.23071382], [85.50470129, 20.23139318], [85.5034519, 20.23163162], [85.50312836, 20.23231746], [85.50284852, 20.2328461], [85.50258937, 20.23339544], [85.50204337, 20.23410707], [85.50172088, 20.23546103], [85.50240638, 20.2367564], [85.50330101, 20.23644269], [85.50465199, 20.23635637], [85.50456567, 20.23662937], [85.50407265, 20.23734557], [85.504386, 20.23823932], [85.50455865, 20.23878533], [85.50492499, 20.23967662], [85.5051687, 20.24070056], [85.50630984, 20.24175766], [85.50737922, 20.24244824], [85.50690708, 20.24288565], [85.50828087, 20.24314795], [85.50851439, 20.24437085], [85.50897075, 20.24479369], [85.50936797, 20.24522249], [85.50976203, 20.24687701], [85.5101461, 20.2476025], [85.51141795, 20.24755215], [85.51254348, 20.2487668], [85.51334687, 20.24951125], [85.5135418, 20.24992444], [85.51398727, 20.25057168], [85.51426045, 20.25027675], [85.51475821, 20.2501041], [85.51515877, 20.2515414], [85.51588444, 20.25171405], [85.51623675, 20.25199881], [85.5155002, 20.25234638], [85.51553582, 20.25324469], [85.51550564, 20.25400844], [85.51575232, 20.25495027], [85.51423765, 20.25635371], [85.51427116, 20.25719728], [85.51425326, 20.25764644], [85.51426817, 20.25802349], [85.51516228, 20.25798805], [85.5157911, 20.25801296], [85.51633009, 20.25799155], [85.51753685, 20.25803928], [85.51870343, 20.25779522], [85.52000967, 20.25710394], [85.52046146, 20.2569313], [85.52164015, 20.25820333], [85.52161734, 20.25877828], [85.5210501, 20.25985012], [85.52235231, 20.26105653], [85.52252495, 20.26132111], [85.52141346, 20.26197467], [85.52038847, 20.26193414], [85.52012196, 20.26222171], [85.5194777, 20.2632195], [85.51893169, 20.26393114], [85.51875905, 20.26488226], [85.51952191, 20.26558934], [85.52037935, 20.26599393], [85.52099834, 20.26695242], [85.52243161, 20.26716507], [85.52363873, 20.26623956], [85.52483233, 20.26628676], [85.52737586, 20.26590743], [85.52886597, 20.26573479], [85.53000062, 20.26695909], [85.53076366, 20.2673193], [85.53097368, 20.26863764], [85.53163742, 20.26989178], [85.53236203, 20.27094501], [85.5332428, 20.27281112], [85.53267767, 20.27442353], [85.53168777, 20.27489058], [85.5311558, 20.27525693], [85.52842138, 20.27590821], [85.52810153, 20.27643053], [85.52917951, 20.27668721], [85.52989465, 20.27693794], [85.53060979, 20.27668721], [85.53142863, 20.27642807], [85.53222676, 20.27614823], [85.53298506, 20.27597558], [85.53369108, 20.27634912], [85.53410989, 20.27723656], [85.53438973, 20.27776519], [85.53458238, 20.2797771], [85.5345594, 20.28035645], [85.53366406, 20.2806398], [85.53158811, 20.28159409], [85.53109211, 20.28236222], [85.52915512, 20.28415709], [85.52918424, 20.28489241], [85.53060979, 20.28413814], [85.53244678, 20.28445799], [85.53351107, 20.2841792], [85.53443114, 20.28481223], [85.53436482, 20.28648236], [85.53440395, 20.28747051], [85.53437763, 20.28813705], [85.53327105, 20.28774913], [85.53277277, 20.28801301], [85.53140722, 20.28844514], [85.5311558, 20.28876429], [85.53184462, 20.28940259], [85.53146231, 20.28998228], [85.53070998, 20.28917046], [85.53034837, 20.28883535], [85.52827417, 20.28855199], [85.52761166, 20.28820127], [85.52659492, 20.28787949], [85.52626279, 20.28823794], [85.52651719, 20.28920871], [85.52606365, 20.2900658], [85.52631823, 20.29054689], [85.5262949, 20.29113728], [85.52557923, 20.29159925], [85.52537009, 20.29182523], [85.52391155, 20.2914431], [85.52284989, 20.29217368], [85.52290551, 20.29357905], [85.52286393, 20.29463071], [85.52337449, 20.2953727], [85.52313553, 20.2957315], [85.52235178, 20.29519233], [85.52213721, 20.29520076], [85.52217458, 20.29614293], [85.5228913, 20.29788746], [85.52312167, 20.29861541], [85.52363837, 20.29936617], [85.52499374, 20.29931248], [85.52594206, 20.2986598], [85.5266572, 20.29915211], [85.52723234, 20.29932476], [85.52899282, 20.29824678], [85.53071243, 20.29806396], [85.53105281, 20.29807729], [85.53132844, 20.29853154], [85.53078946, 20.29878577], [85.53031012, 20.29903947], [85.53079647, 20.30022308], [85.53098087, 20.30118964], [85.53213623, 20.3007847], [85.53323719, 20.3013672], [85.5327647, 20.30271537], [85.53279365, 20.30344543], [85.53349142, 20.30435533], [85.53366406, 20.30494713], [85.53259416, 20.30593843], [85.53238098, 20.30683411], [85.53143108, 20.30758926], [85.52991588, 20.30666164], [85.52892387, 20.30670095], [85.52860508, 20.30770769], [85.52809451, 20.30794859], [85.52727813, 20.30857478], [85.52765219, 20.30964188], [85.52670598, 20.3108046], [85.52612874, 20.31133938], [85.52594557, 20.31173958], [85.52675055, 20.31199451], [85.52684564, 20.31189556], [85.52737937, 20.31190644], [85.52776624, 20.31189854], [85.52845559, 20.3115436], [85.52930952, 20.31133534], [85.52958533, 20.3104858], [85.53083086, 20.31028947], [85.53150986, 20.31065932], [85.53097965, 20.31116866], [85.53079472, 20.3114936], [85.53170918, 20.31209312], [85.53249854, 20.31207698], [85.53294717, 20.31210365], [85.53258784, 20.31280124], [85.53238396, 20.31384501], [85.53147179, 20.31444313], [85.53096017, 20.31497562], [85.53098175, 20.31603746], [85.52989289, 20.31621484], [85.52917775, 20.31675734], [85.52824803, 20.31736704], [85.52849893, 20.31834659], [85.53116984, 20.32144332], [85.53205797, 20.32187423], [85.53204148, 20.32268482], [85.53312051, 20.32289554], [85.53251099, 20.32407878], [85.53277803, 20.32485902], [85.53276733, 20.32538099], [85.53313402, 20.32628475], [85.53310262, 20.32782276], [85.53258784, 20.3280726], [85.53220307, 20.32965045], [85.53160724, 20.33052946], [85.53059698, 20.33150006], [85.53061892, 20.33257523], [85.52971218, 20.33255664], [85.52895545, 20.33371094], [85.52918056, 20.33436871], [85.52846085, 20.33506016], [85.52827944, 20.33571495], [85.52950936, 20.3360148], [85.52975534, 20.33727542], [85.53137196, 20.33805969], [85.53132985, 20.34012442], [85.53092631, 20.34051216], [85.53007607, 20.34044479], [85.53043557, 20.33939471], [85.53043083, 20.33916224], [85.52959287, 20.33867623], [85.52881843, 20.33924698], [85.52928372, 20.34106203], [85.52896317, 20.34199807], [85.52854104, 20.34226598], [85.52813978, 20.3414389], [85.52737761, 20.34119152], [85.52715356, 20.34095834], [85.52739516, 20.34025267], [85.52736673, 20.33886818], [85.52774062, 20.33831691], [85.52773659, 20.33812286], [85.52736638, 20.33776721], [85.52682774, 20.33777827], [85.5263535, 20.33827199], [85.52612348, 20.33921522], [85.52576064, 20.3397507], [85.52558449, 20.34047286], [85.52522165, 20.34100834], [85.52502866, 20.34179963], [85.5250455, 20.34262707], [85.52504164, 20.3428169], [85.52365136, 20.34372855], [85.52342853, 20.34446493], [85.52491163, 20.34504989], [85.52574222, 20.34561274], [85.52675581, 20.34509059], [85.52776343, 20.34560975], [85.52848085, 20.3451234], [85.52845191, 20.34370504], [85.52845945, 20.34333659], [85.52911055, 20.34334993], [85.52935391, 20.34658141], [85.52954059, 20.34712724], [85.52952988, 20.34765465], [85.53026187, 20.34861928], [85.53024169, 20.34960515], [85.53052821, 20.35044241], [85.53025204, 20.35124931], [85.53025854, 20.3515632], [85.53099087, 20.35252836], [85.53239133, 20.35249976], [85.53312858, 20.35275206], [85.53384548, 20.35250678], [85.53463186, 20.35233063], [85.53535911, 20.35343983], [85.53707942, 20.35339457], [85.53672009, 20.35304928], [85.53654394, 20.35257064], [85.53720557, 20.35233063], [85.53743874, 20.35304928], [85.5383818, 20.3532793], [85.53905571, 20.35430692], [85.53954119, 20.35448307], [85.53977436, 20.35376442], [85.54015474, 20.35358827], [85.54069777, 20.3541534], [85.5406711, 20.35545367], [85.53869656, 20.3552012], [85.53852023, 20.35547911], [85.53905922, 20.35574071], [85.53995403, 20.35646288], [85.54073181, 20.35703941], [85.54277986, 20.35932485], [85.54246931, 20.36023229], [85.54229315, 20.36083532], [85.54277986, 20.36148993], [85.54386328, 20.36066776], [85.54408628, 20.35861532], [85.54430349, 20.35776719], [85.54390661, 20.35718153], [85.54373046, 20.3568987], [85.54442156, 20.35587932], [85.54362729, 20.3553849], [85.54272687, 20.3559953], [85.54211349, 20.35543367], [85.54283232, 20.35448658], [85.54282863, 20.35430516], [85.5428346, 20.35401304], [85.54440384, 20.3537067], [85.54498459, 20.35302121], [85.5445914, 20.35187252], [85.54319568, 20.35104386], [85.54357729, 20.3503031], [85.54351553, 20.34999501], [85.54208682, 20.35036117], [85.54137098, 20.35034661], [85.54031686, 20.34963217], [85.53995403, 20.34945602], [85.53962365, 20.34911213], [85.54042283, 20.34805889], [85.54085234, 20.347382], [85.54031335, 20.3471204], [85.5401372, 20.34661387], [85.54117237, 20.34640174], [85.54139133, 20.34730006], [85.54208647, 20.34752569], [85.54228965, 20.34850068], [85.54157099, 20.34873386], [85.54139484, 20.34919968], [85.54256704, 20.34945251], [85.54282863, 20.34891352], [85.54327955, 20.34864578], [85.54334657, 20.34957585], [85.54375818, 20.34978411], [85.54387889, 20.35002273], [85.54411751, 20.35014344], [85.54417786, 20.35026275], [85.54471685, 20.35026275], [85.54484019, 20.3500908], [85.54613661, 20.35034696], [85.54633382, 20.35062207], [85.54661542, 20.35071348], [85.54711616, 20.35123475], [85.54784165, 20.35160846], [85.54837345, 20.35111106], [85.54893718, 20.35035082], [85.5492965, 20.35000553], [85.54912035, 20.34981183], [85.54884173, 20.34954409], [85.54912035, 20.34927635], [85.54942037, 20.34743323], [85.55000516, 20.34622805], [85.55019833, 20.34604242], [85.55071574, 20.34550396], [85.55136438, 20.34549062], [85.55276169, 20.34551922], [85.55267238, 20.34113923], [85.55292538, 20.34035952], [85.55376562, 20.33995195], [85.55397125, 20.33975421], [85.55416653, 20.33955104], [85.55534996, 20.33897696], [85.55562875, 20.33840235], [85.55630687, 20.33795758], [85.55671497, 20.33669994], [85.55661479, 20.33817619], [85.55630687, 20.33849657], [85.5561237, 20.33867272], [85.55579227, 20.33901766], [85.55540856, 20.33921522], [85.55503256, 20.33939769], [85.55468991, 20.33975421], [85.55387616, 20.34028794], [85.55345034, 20.34116555], [85.5532526, 20.34137118], [85.55289327, 20.34171647], [85.55306943, 20.34226949], [85.55342086, 20.34260724], [85.55347893, 20.34544764], [85.5532526, 20.34568309], [85.55306943, 20.34585925], [85.55270659, 20.34623664], [85.55093084, 20.3462005], [85.55073732, 20.34640174], [85.5503808, 20.3467444], [85.55019833, 20.3471204], [85.54984269, 20.34746218], [85.54965583, 20.34837453], [85.54946248, 20.3505475], [85.54912035, 20.35125265], [85.54863172, 20.35172216], [85.54822204, 20.35358827], [85.54801219, 20.35378986], [85.54766954, 20.35579861], [85.54773287, 20.35889727], [85.54736828, 20.36188049], [85.54714406, 20.36257142], [85.54695632, 20.36275196], [85.54734109, 20.36387626], [85.54730267, 20.36576219], [85.5478592, 20.36713423], [85.54748075, 20.36724968], [85.5466163, 20.36723196], [85.54624609, 20.3675876], [85.54623486, 20.36813711], [85.54659419, 20.36814448], [85.54678473, 20.36796131], [85.54723213, 20.36749566], [85.54786622, 20.36815554], [85.54964109, 20.36811939], [85.55001867, 20.36867645], [85.55024447, 20.36983268], [85.55124701, 20.37059345], [85.55588982, 20.37068819], [85.55701272, 20.36995199], [85.5572194, 20.36955073], [85.55719799, 20.36850416], [85.55756276, 20.36849679], [85.55845002, 20.36851486], [85.55864249, 20.36814097], [85.55887497, 20.36742495], [85.55934763, 20.3674153], [85.56076318, 20.36777814], [85.56115778, 20.36724266], [85.56146025, 20.3666191], [85.56223224, 20.36688333], [85.56315109, 20.36706282], [85.56413169, 20.36756795], [85.56443522, 20.3669786], [85.5649307, 20.36526637], [85.56513896, 20.36441244], [85.56721491, 20.3637387], [85.56744598, 20.36329007], [85.56779461, 20.36257142], [85.56869503, 20.36285986], [85.5687145, 20.36381801], [85.5683443, 20.36400872], [85.56732317, 20.36425769], [85.56707946, 20.36473089], [85.56709718, 20.36559516], [85.56681558, 20.36641786], [85.5679383, 20.36758637], [85.56871362, 20.36778516], [85.56906277, 20.36777796], [85.56998899, 20.36809501], [85.57047867, 20.36708545], [85.57067641, 20.36687982], [85.57103784, 20.36653243], [85.5712154, 20.36544252], [85.57175439, 20.36386784], [85.57153911, 20.36271792], [85.5701411, 20.36203962], [85.57013005, 20.36149379], [85.57101714, 20.36147554], [85.57214108, 20.36255563], [85.57265674, 20.36382696], [85.57247304, 20.3645442], [85.57228373, 20.3655141], [85.57122031, 20.3675783], [85.57103924, 20.36832064], [85.57081168, 20.36898578], [85.57120487, 20.36939511], [85.57231847, 20.36912754], [85.57347329, 20.36844187], [85.57478427, 20.36707738], [85.57550889, 20.3667042], [85.57747939, 20.36666402], [85.57803172, 20.3672388], [85.57837701, 20.36724582], [85.57912408, 20.36688333], [85.5807907, 20.36544603], [85.58145567, 20.36582395], [85.58074105, 20.36721108], [85.58130267, 20.36754461], [85.58216432, 20.36783955], [85.58240556, 20.36684965], [85.58342652, 20.36635434], [85.58361215, 20.36616117], [85.58448695, 20.36573675], [85.58469013, 20.36490353], [85.58505665, 20.3645514], [85.58540878, 20.36418488], [85.58613094, 20.36400872], [85.58723997, 20.36343745], [85.58917047, 20.36347693], [85.58952664, 20.3631348], [85.58981105, 20.36258265], [85.58942172, 20.36098551], [85.58899169, 20.36076409], [85.58671099, 20.36081058], [85.58613094, 20.36025334], [85.58630709, 20.36005263], [85.58649027, 20.35987647], [85.58666642, 20.3596933], [85.5873849, 20.35934468], [85.58739525, 20.35883745], [85.58630762, 20.35861462], [85.58595496, 20.35898184], [85.58558844, 20.35933398], [85.58489786, 20.36005263], [85.58434361, 20.35958294], [85.58415465, 20.35861532], [85.58344968, 20.3576863], [85.58414833, 20.35701502], [85.58449169, 20.35630742], [85.58504945, 20.35548455], [85.5848733, 20.35430341], [85.58436063, 20.35330807], [85.58521157, 20.35286961], [85.58622867, 20.35311174], [85.58594426, 20.35449957], [85.58597531, 20.35601495], [85.5847675, 20.35760665], [85.5853872, 20.35825179], [85.5859504, 20.35826319], [85.58612971, 20.35752805], [85.58649027, 20.35718153], [85.58666642, 20.35699836], [85.5873777, 20.35665324], [85.5877444, 20.35594143], [85.58756702, 20.35483398], [85.58720541, 20.35448658], [85.58702926, 20.35430341], [85.58684608, 20.35412726], [85.58666993, 20.35376442], [85.58632815, 20.35310104], [85.58684608, 20.35057277], [85.58656711, 20.34936741], [85.58588548, 20.34865806], [85.58378286, 20.34819644], [85.58317194, 20.34756061], [85.58271383, 20.3471204], [85.58245329, 20.34658351], [85.58183026, 20.3465707], [85.58163585, 20.34675756], [85.58091106, 20.34846471], [85.58038172, 20.34873736], [85.5794799, 20.34891352], [85.57930374, 20.34909669], [85.57912057, 20.34927284], [85.57885634, 20.3495476], [85.57858158, 20.34981183], [85.57772643, 20.3507019], [85.57682022, 20.35072032], [85.57624596, 20.35053399], [85.57571048, 20.35035082], [85.57515763, 20.35017133], [85.57481217, 20.34981183], [85.57447039, 20.34948339], [85.57427318, 20.34585925], [85.57394526, 20.34457985], [85.57427528, 20.34423631], [85.57571048, 20.34388646], [85.57588664, 20.34370329], [85.57660529, 20.34335467], [85.57637053, 20.34310096], [85.5760663, 20.34280848], [85.57589015, 20.34262531], [85.5743302, 20.34232073], [85.5738921, 20.34189982], [85.5739335, 20.3398744], [85.57214424, 20.34013582], [85.5717607, 20.33976737], [85.57152542, 20.33928242], [85.57103924, 20.33903205], [85.5692391, 20.3388559], [85.56870362, 20.33813373], [85.56834079, 20.33795758], [85.56814551, 20.33755509], [85.56726632, 20.33671047], [85.56744247, 20.33615744], [85.56771723, 20.33589321], [85.5681506, 20.3354423], [85.56960194, 20.33561845], [85.56994723, 20.33597778], [85.57085607, 20.33575934], [85.57067992, 20.33507946], [85.57041937, 20.33482909], [85.56996127, 20.33349057], [85.57032129, 20.33255295], [85.57103573, 20.33186658], [85.57085642, 20.33129636], [85.57049675, 20.33095072], [85.56979037, 20.32987344], [85.56941877, 20.32969308], [85.56907225, 20.32897881], [85.56800953, 20.3286151], [85.56712613, 20.32888933], [85.56689752, 20.33122759], [85.56636449, 20.3314862], [85.5660192, 20.33184553], [85.56564584, 20.33166937], [85.56546969, 20.3314862], [85.56510685, 20.33131005], [85.56457137, 20.33094721], [85.5641359, 20.33073597], [85.56349339, 20.32986923], [85.5631381, 20.3295278], [85.56310249, 20.32778188], [85.56336303, 20.327245], [85.56384921, 20.32699463], [85.56564444, 20.32670232], [85.56566304, 20.32579348], [85.56541267, 20.32502184], [85.56449716, 20.32526432], [85.56406923, 20.32570961], [85.56349339, 20.32609982], [85.56313056, 20.32627597], [85.56241542, 20.3271778], [85.56223224, 20.32735395], [85.56188362, 20.32807243], [85.56009225, 20.32810892], [85.55989662, 20.32753712], [85.55960169, 20.3263272], [85.55884356, 20.3255989], [85.55846283, 20.32501833], [85.55827966, 20.32484218], [85.5578226, 20.32414528], [85.5548715, 20.32385666], [85.55484816, 20.32271026], [85.55630687, 20.32250656], [85.55639495, 20.32043868], [85.55664374, 20.32067764], [85.5566876, 20.32283325], [85.55522889, 20.32307064], [85.55549611, 20.32357787], [85.55810298, 20.3237742], [85.55863916, 20.32428933], [85.55882531, 20.32486271], [85.55950993, 20.32552048], [85.55990013, 20.32609631], [85.56029367, 20.32771029], [85.56129779, 20.32773082], [85.56169676, 20.32753712], [85.56206504, 20.3269755], [85.562507, 20.32655073], [85.56327057, 20.32575611], [85.56367306, 20.32556083], [85.56435943, 20.32484656], [85.56563461, 20.3248206], [85.56582901, 20.32519799], [85.56600517, 20.32592016], [85.56636449, 20.32626545], [85.56592815, 20.32694374], [85.5636799, 20.32738273], [85.56364218, 20.3292348], [85.56384921, 20.32987274], [85.56457137, 20.33040822], [85.56525774, 20.33112249], [85.5663459, 20.33114477], [85.56654767, 20.33095072], [85.56676505, 20.32894986], [85.56742809, 20.32825981], [85.56869327, 20.32823402], [85.56938069, 20.32894951], [85.57009689, 20.3294192], [85.57048674, 20.33022259], [85.5708287, 20.33055104], [85.57139506, 20.33138654], [85.57114487, 20.33280999], [85.5707715, 20.33319826], [85.57032059, 20.33363163], [85.57049675, 20.33400499], [85.57084888, 20.33434344], [85.5712154, 20.33541423], [85.57096047, 20.33597515], [85.56780531, 20.33616814], [85.5680648, 20.33695171], [85.56834079, 20.33723893], [85.56882469, 20.33747368], [85.56931455, 20.33848341], [85.57013917, 20.33850025], [85.57117925, 20.33847902], [85.57157823, 20.33867272], [85.57192686, 20.3393912], [85.57247479, 20.33940225], [85.57426897, 20.33936576], [85.57428248, 20.34002195], [85.57424809, 20.34170085], [85.57450986, 20.34197316], [85.5769597, 20.34257039], [85.57698251, 20.34368469], [85.57670038, 20.34397805], [85.57445302, 20.34441685], [85.57443495, 20.34530166], [85.574629, 20.34550343], [85.57498832, 20.34584872], [85.57481217, 20.34747972], [85.57445284, 20.34782501], [85.574629, 20.34837804], [85.57481217, 20.34855419], [85.5749906, 20.34928565], [85.57535116, 20.34963217], [85.57557328, 20.35008993], [85.57718814, 20.35050382], [85.5778796, 20.35016835], [85.57839824, 20.34962849], [85.57876475, 20.34927635], [85.57899144, 20.34880912], [85.58005012, 20.34855103], [85.58073754, 20.34783554], [85.58092071, 20.34765939], [85.58155848, 20.34604242], [85.58281156, 20.3462677], [85.58370566, 20.34763149], [85.58433431, 20.34783554], [85.58451046, 20.34801871], [85.58642202, 20.34825241], [85.58666993, 20.34873386], [85.58684608, 20.34909669], [85.58720172, 20.34943847], [85.58749824, 20.35088578], [85.58702926, 20.35233063], [85.58666993, 20.35267592], [85.58684608, 20.35322894], [85.58702926, 20.35340509], [85.58720541, 20.35358827], [85.58756193, 20.35393092], [85.5877444, 20.35430692], [85.58828339, 20.35482485], [85.58808179, 20.35649446], [85.58765281, 20.35690677], [85.58721927, 20.35735786], [85.58649027, 20.35759437], [85.58684608, 20.35790018], [85.58738858, 20.35807633], [85.58756474, 20.35825951], [85.58810372, 20.35852111], [85.58792757, 20.35951715], [85.58720892, 20.36020773], [85.58740648, 20.36044073], [85.58935154, 20.36040108], [85.5897242, 20.36095094], [85.58990036, 20.36131378], [85.59008353, 20.36148993], [85.59025968, 20.36185277], [85.59044285, 20.36202892], [85.59067463, 20.36321568], [85.59151732, 20.36292724], [85.59274426, 20.36268774], [85.59313131, 20.36117728], [85.59219264, 20.3599935], [85.59134205, 20.35917624], [85.59116151, 20.35843566], [85.59097535, 20.35789176], [85.59134117, 20.35718153], [85.59193981, 20.35566369], [85.59349186, 20.35474239], [85.59350818, 20.35394794], [85.59331571, 20.35394408], [85.59313604, 20.35394759], [85.59278847, 20.35394057], [85.59188016, 20.3541734], [85.59205859, 20.35375881], [85.59331395, 20.35335158], [85.59305569, 20.35290295], [85.59204561, 20.35213658], [85.59098746, 20.35215816], [85.59079867, 20.35179164], [85.59062252, 20.35035082], [85.59043934, 20.34981534], [85.59025126, 20.34904423], [85.58990036, 20.34801871], [85.5897242, 20.34747621], [85.58954103, 20.34694073], [85.58928311, 20.34561993], [85.58813724, 20.34486864], [85.58792406, 20.34424579], [85.5876865, 20.3435138], [85.58666817, 20.3435345], [85.585949, 20.34351994], [85.58565669, 20.34442054], [85.58471364, 20.34443984], [85.58378936, 20.34387927], [85.58308702, 20.34389366], [85.58244609, 20.34356345], [85.58155813, 20.34402103], [85.58128004, 20.3431643], [85.58039207, 20.34144066], [85.5808186, 20.33894029], [85.58047331, 20.33858114], [85.57949937, 20.33826497], [85.57984273, 20.33759825], [85.58001889, 20.33669643], [85.58055735, 20.33617902], [85.58057244, 20.33544265], [85.5802089, 20.33543528], [85.57914864, 20.33579811], [85.57755238, 20.33530246], [85.57714814, 20.33491419], [85.5771441, 20.33472031], [85.57762063, 20.33354566], [85.57714779, 20.33170113], [85.57771204, 20.33101248], [85.57893828, 20.33143216], [85.57895109, 20.33080334], [85.57858509, 20.3300489], [85.57790837, 20.3291569], [85.57845438, 20.32914584], [85.5797322, 20.33094721], [85.58074965, 20.33029014], [85.58073017, 20.32933393], [85.58110143, 20.32861317], [85.58073754, 20.32807611], [85.58036927, 20.32751449], [85.57984554, 20.32701129], [85.57957499, 20.32645388], [85.57919391, 20.325714], [85.5798208, 20.32478937], [85.57868317, 20.3236963], [85.57948148, 20.32251831], [85.57970483, 20.32114698], [85.58019855, 20.32018848], [85.57836297, 20.31873363], [85.57786293, 20.31890979], [85.5766088, 20.31945229], [85.57573733, 20.31973511], [85.57614438, 20.32092415], [85.57648317, 20.32369595], [85.57696462, 20.32394386], [85.57785995, 20.32416212], [85.57786661, 20.32448285], [85.577152, 20.32553697], [85.57713691, 20.32627773], [85.57715516, 20.32717429], [85.57677372, 20.32699287], [85.57619245, 20.3252015], [85.57588664, 20.32537766], [85.57553679, 20.32645546], [85.57499183, 20.32646651], [85.57472234, 20.32591103], [85.57373454, 20.32593121], [85.57373033, 20.32572312], [85.57427318, 20.3252015], [85.57479129, 20.32466234], [85.5760663, 20.32441337], [85.57579874, 20.32287536], [85.57547222, 20.32220232], [85.57467496, 20.32181563], [85.57520887, 20.32025551], [85.57483024, 20.31947474], [85.57400544, 20.31861643], [85.57303361, 20.31962791], [85.57249971, 20.31963879], [85.57133541, 20.31934052], [85.57086677, 20.31979073], [85.57067641, 20.32034709], [85.57021164, 20.32177913], [85.56942719, 20.3217951], [85.56807743, 20.32063115], [85.56622887, 20.32110487], [85.56529003, 20.32034709], [85.56419977, 20.31969985], [85.56423047, 20.31819464], [85.56366955, 20.3183708], [85.56331373, 20.31927262], [85.5629509, 20.32016743], [85.56273597, 20.3210489], [85.56122673, 20.32196406], [85.56030297, 20.3213191], [85.55976275, 20.32027059], [85.56059106, 20.31904857], [85.55992294, 20.31840677], [85.55988382, 20.31649188], [85.56107584, 20.31448401], [85.56256473, 20.31335409], [85.5633983, 20.31306898], [85.56474156, 20.31263298], [85.56493087, 20.31226559], [85.56490912, 20.31120252], [85.56564461, 20.31070389], [85.56654416, 20.31041211], [85.56598359, 20.30993014], [85.56471244, 20.31018543], [85.56384921, 20.31046562], [85.56268316, 20.31093847], [85.56140622, 20.31010139], [85.56079845, 20.30884866], [85.56031525, 20.30791051], [85.56097092, 20.307228], [85.5617008, 20.3065269], [85.56168641, 20.30582105], [85.56187994, 20.30506573], [85.56186204, 20.30418847], [85.56224558, 20.30399074], [85.56420538, 20.30360825], [85.56421538, 20.30311733], [85.56403238, 20.30274011], [85.56332829, 20.30170126], [85.56402888, 20.29997393], [85.56330724, 20.29934336], [85.56277755, 20.29985234], [85.56250963, 20.30040449], [85.56149745, 20.30022553], [85.5604593, 20.29969075], [85.55926482, 20.2993995], [85.55831703, 20.29848891], [85.55792384, 20.29788921], [85.55714852, 20.29686738], [85.55743521, 20.29569185], [85.55822737, 20.29486722], [85.55876619, 20.29458966], [85.55958239, 20.2954392], [85.56079459, 20.29485108], [85.56080213, 20.29448263], [85.56060457, 20.29409909], [85.56062247, 20.29321972], [85.56060457, 20.29233825], [85.56151359, 20.29075989], [85.56124234, 20.29039494], [85.56005927, 20.29016387], [85.55934044, 20.28979367], [85.55845581, 20.28981174], [85.55760417, 20.28892518], [85.55577894, 20.28803967], [85.55504923, 20.28590811], [85.55527013, 20.28471012], [85.55701991, 20.28254276], [85.55703254, 20.28192429], [85.55684586, 20.28153987], [85.55634056, 20.28055874], [85.55684235, 20.27958463], [85.55634091, 20.27901283], [85.55488817, 20.27904249], [85.55459481, 20.27876036], [85.55433058, 20.2784856], [85.55414741, 20.27830945], [85.55334927, 20.27696496], [85.54969794, 20.27358382], [85.54822379, 20.27282446], [85.54755233, 20.27249864], [85.54660787, 20.27125381], [85.54659103, 20.27042673], [85.54697492, 20.26947999], [85.54695369, 20.26843359], [85.54732723, 20.26824112], [85.5478485, 20.26825182], [85.54893718, 20.26753808], [85.54846574, 20.26702506], [85.54732372, 20.26634729], [85.54761988, 20.26591269], [85.54786271, 20.26608885], [85.54875752, 20.26681101], [85.54946318, 20.26715349], [85.55037448, 20.26788899], [85.55165493, 20.26825024], [85.55251658, 20.26914698], [85.55272361, 20.26914277], [85.55360666, 20.26959754], [85.55468991, 20.26986177], [85.55585824, 20.27084238], [85.55666269, 20.27006951], [85.55648654, 20.26986177], [85.55488957, 20.26895626], [85.55468991, 20.26752615], [85.55433637, 20.26683961], [85.55415092, 20.26626851], [85.55343226, 20.26532142], [85.55383791, 20.26435257], [85.55527907, 20.26407132], [85.55608966, 20.26322757], [85.55702552, 20.26285842], [85.55789173, 20.26220135], [85.55913727, 20.26284298], [85.55989996, 20.2628586], [85.5604986, 20.26255015], [85.56096408, 20.26303458], [85.56166273, 20.26239962], [85.56223224, 20.26105828], [85.5635748, 20.26079616], [85.56387272, 20.25992521], [85.56367306, 20.25890233], [85.56335584, 20.25797524], [85.56385272, 20.25674988], [85.56419994, 20.25568015], [85.56495965, 20.25516519], [85.56586919, 20.25494342], [85.56731667, 20.25419793], [85.56863555, 20.25453585], [85.56888329, 20.25405493], [85.5691612, 20.25319855], [85.56959843, 20.25297345], [85.57048429, 20.25268588], [85.57051131, 20.25136034], [85.57005127, 20.25135086], [85.56917401, 20.25194547], [85.56815586, 20.25153246], [85.56690752, 20.25155807], [85.56689962, 20.25117331], [85.5678018, 20.25030657], [85.56749265, 20.24994181], [85.56708315, 20.24974302], [85.56636923, 20.24925912], [85.56537459, 20.24893629], [85.5644854, 20.24863206], [85.56295441, 20.24902437], [85.56105005, 20.2492314], [85.55988347, 20.24963055], [85.55792384, 20.24938018], [85.55490185, 20.24905174], [85.55459481, 20.24875663], [85.55416179, 20.24830607], [85.55362807, 20.24829519], [85.55253921, 20.2490091], [85.55235078, 20.24955985], [85.55210707, 20.2505594], [85.55145597, 20.25100066], [85.55037448, 20.25117682], [85.549839, 20.25135999], [85.5492965, 20.25153614], [85.54797342, 20.25207267], [85.54733758, 20.25208566], [85.54640821, 20.25170879], [85.54426594, 20.25135999], [85.54330902, 20.25103259], [85.54130325, 20.25099154], [85.5401465, 20.25101522], [85.53972874, 20.25020411], [85.54089796, 20.24750162], [85.54067443, 20.24704088], [85.53979278, 20.24705878], [85.53944574, 20.24672524], [85.54005965, 20.24581956], [85.5385262, 20.24391976], [85.53851286, 20.24326848], [85.53920906, 20.24191697], [85.53869989, 20.24165467], [85.53798721, 20.24130886], [85.53711468, 20.24040054], [85.53520296, 20.24084707], [85.53439447, 20.24162397], [85.53419902, 20.24222577], [85.5337539, 20.24309022], [85.53340422, 20.24381063], [85.53294717, 20.24363448], [85.53259135, 20.2434513], [85.53188726, 20.2431097], [85.53150969, 20.24237666], [85.53151688, 20.24202435], [85.53115404, 20.24096409], [85.53164163, 20.24038861], [85.53258223, 20.24040773], [85.53294717, 20.23969943], [85.5326896, 20.2391429], [85.53258784, 20.23931905], [85.53241011, 20.24004753], [85.53223202, 20.23949872], [85.53196077, 20.23905131], [85.53293734, 20.23888534], [85.53260117, 20.23841091], [85.5320585, 20.23818879], [85.53183936, 20.23689939], [85.53150004, 20.23663744], [85.53142178, 20.23635637], [85.53167286, 20.23614003], [85.53098631, 20.23490976], [85.53095298, 20.23449412], [85.53145863, 20.23329332], [85.53097929, 20.23302593], [85.5293025, 20.23280644], [85.52794888, 20.23122579], [85.527695, 20.22935319], [85.52778571, 20.22822504], [85.52651877, 20.22793712], [85.52539641, 20.22729005], [85.52445212, 20.22662052], [85.52366557, 20.22633173], [85.52283954, 20.22691739], [85.52205825, 20.22610364], [85.52181648, 20.22530042], [85.52128802, 20.22435316], [85.52123468, 20.22369012], [85.52132574, 20.22255723], [85.52108449, 20.22190016], [85.52082517, 20.22075849], [85.52026636, 20.22011002], [85.51986141, 20.22007739], [85.51894555, 20.22041373], [85.51775809, 20.21975122], [85.5163936, 20.21964156], [85.51588584, 20.21992474], [85.51399552, 20.21977298], [85.51364514, 20.22040109], [85.51407763, 20.22154083], [85.51479628, 20.22269233], [85.51430432, 20.22309885], [85.51342583, 20.22234195], [85.51317932, 20.22190016], [85.51297527, 20.22034021], [85.51210801, 20.22002177], [85.51119215, 20.22035811], [85.51040121, 20.22000703]], [[85.50465199, 20.23635637], [85.50498219, 20.23592844], [85.50526923, 20.23625145], [85.50465199, 20.23635637]], [[85.54327955, 20.34864578], [85.5434264, 20.3483554], [85.54417786, 20.34828645], [85.54399416, 20.34852437], [85.54327955, 20.34864578]], [[85.54417786, 20.34828645], [85.54447753, 20.34768886], [85.54471685, 20.3475678], [85.54462158, 20.34817258], [85.54417786, 20.34828645]], [[85.54471685, 20.3475678], [85.54471685, 20.34738814], [85.54489651, 20.34738814], [85.54489651, 20.3475678], [85.54471685, 20.3475678]], [[85.54489651, 20.34738814], [85.54489651, 20.34720847], [85.54525584, 20.34720847], [85.54525584, 20.34738814], [85.54489651, 20.34738814]], [[85.54525584, 20.34720847], [85.54561587, 20.34649052], [85.54633382, 20.3461305], [85.54625346, 20.34652842], [85.54585518, 20.34672984], [85.54565377, 20.34712812], [85.54525584, 20.34720847]], [[85.54633382, 20.3461305], [85.54633382, 20.34577117], [85.54669314, 20.34577117], [85.54669314, 20.3461305], [85.54633382, 20.3461305]], [[85.54669314, 20.34577117], [85.54669314, 20.34523218], [85.54687281, 20.34523218], [85.54687281, 20.34577117], [85.54669314, 20.34577117]], [[85.54687281, 20.34523218], [85.54687281, 20.34451353], [85.54723213, 20.34451353], [85.54723213, 20.34523218], [85.54687281, 20.34523218]], [[85.54687281, 20.34451353], [85.54646716, 20.34440054], [85.54633382, 20.34361521], [85.54651348, 20.34361521], [85.54651348, 20.34397454], [85.54687281, 20.34397454], [85.54687281, 20.34451353]], [[85.54633382, 20.34361521], [85.54561727, 20.34325589], [85.5454355, 20.34289656], [85.54619977, 20.34309272], [85.54633382, 20.34361521]], [[85.5454355, 20.34289656], [85.54453719, 20.34289656], [85.54453719, 20.34253723], [85.5454355, 20.34253723], [85.5454355, 20.34289656]], [[85.54453719, 20.34253723], [85.54390328, 20.34237459], [85.5437452, 20.34112344], [85.54453719, 20.34092027], [85.5442512, 20.34135293], [85.54410452, 20.34188245], [85.54453719, 20.34253723]], [[85.54453719, 20.34092027], [85.54465334, 20.34053445], [85.54615416, 20.34038128], [85.54615416, 20.34056094], [85.5454355, 20.34056094], [85.5454355, 20.34092027], [85.54453719, 20.34092027]], [[85.54615416, 20.34038128], [85.54623241, 20.34027987], [85.5476655, 20.34010476], [85.54777112, 20.33948296], [85.54795079, 20.33948296], [85.54795079, 20.34038128], [85.54615416, 20.34038128]], [[85.54777112, 20.33948296], [85.54752935, 20.33932821], [85.54768919, 20.33851447], [85.54777112, 20.33948296]], [[85.55639495, 20.32043868], [85.55603562, 20.32043868], [85.55603562, 20.32007935], [85.55639495, 20.32007935], [85.55639495, 20.32043868]], [[85.55603562, 20.32007935], [85.55593263, 20.32015602], [85.55530925, 20.32106206], [85.55467499, 20.321234], [85.55450849, 20.3214577], [85.55434198, 20.321234], [85.55380738, 20.32102153], [85.55410337, 20.3193014], [85.55359526, 20.31892347], [85.55298135, 20.31882171], [85.55319944, 20.31857766], [85.55458972, 20.31907647], [85.55448006, 20.32091626], [85.55512766, 20.32087766], [85.55580175, 20.31981758], [85.55603562, 20.32007935]], [[85.55298135, 20.31882171], [85.55286713, 20.31896435], [85.55193688, 20.31884873], [85.55161002, 20.31770548], [85.55076328, 20.31734861], [85.55093172, 20.31599395], [85.55172371, 20.31576744], [85.55129105, 20.31641275], [85.55093172, 20.31666084], [85.5510784, 20.31695174], [85.55129105, 20.31709842], [85.55143772, 20.31731107], [85.55180196, 20.31756249], [85.55197671, 20.31802972], [85.55218936, 20.3181764], [85.55237236, 20.31866538], [85.55298135, 20.31882171]], [[85.55172371, 20.31576744], [85.55190723, 20.31505265], [85.55262203, 20.31486912], [85.552322, 20.31546742], [85.55172371, 20.31576744]], [[85.55262203, 20.31486912], [85.55262203, 20.31468946], [85.55280169, 20.31468946], [85.55280169, 20.31486912], [85.55262203, 20.31486912]], [[85.55280169, 20.31468946], [85.55298433, 20.31385203], [85.55280169, 20.31199451], [85.552921, 20.31205487], [85.55304171, 20.31265281], [85.55328032, 20.31277352], [85.55340103, 20.31438891], [85.55280169, 20.31468946]], [[85.55280169, 20.31199451], [85.55262203, 20.31199451], [85.55262203, 20.31181485], [85.55280169, 20.31181485], [85.55280169, 20.31199451]], [[85.55262203, 20.31181485], [85.55149475, 20.31172063], [85.55056257, 20.31145254], [85.55092189, 20.31047405], [85.55108822, 20.30974206], [85.55128122, 20.30957573], [85.55144755, 20.30902341], [85.55172371, 20.30894024], [85.55164862, 20.30976346], [85.55143421, 20.30991716], [85.55157352, 20.3106216], [85.55108015, 20.31081197], [85.55092996, 20.31138605], [85.55254693, 20.31171028], [85.55262203, 20.31181485]], [[85.55172371, 20.30894024], [85.55183003, 20.30850758], [85.55190337, 20.30786226], [85.55220234, 20.30792262], [85.55232305, 20.30863969], [85.55172371, 20.30894024]], [[85.55190337, 20.30786226], [85.55046607, 20.30786226], [85.55046607, 20.3076826], [85.55190337, 20.3076826], [85.55190337, 20.30786226]], [[85.55046607, 20.3076826], [85.54986129, 20.30758733], [85.54974742, 20.30714361], [85.55034501, 20.30744328], [85.55046607, 20.3076826]], [[85.54974742, 20.30714361], [85.54956775, 20.30714361], [85.54956775, 20.30660462], [85.54974742, 20.30660462], [85.54974742, 20.30714361]], [[85.54956775, 20.30660462], [85.54931703, 20.30642496], [85.54956775, 20.3062453], [85.54956775, 20.30660462]], [[85.54956775, 20.3062453], [85.54963969, 20.30583702], [85.54980128, 20.30614529], [85.54956775, 20.3062453]], [[85.53196077, 20.23905131], [85.53118387, 20.23897166], [85.53181462, 20.2388048], [85.53196077, 20.23905131]], [[85.53142178, 20.23635637], [85.53045978, 20.23627496], [85.53126195, 20.23610652], [85.53142178, 20.23635637]], [[85.51704874, 20.22270198], [85.51692575, 20.22313201], [85.51660958, 20.2228276], [85.51704874, 20.22270198]], [[85.5157911, 20.22216299], [85.51587637, 20.22048636], [85.51604901, 20.22196385], [85.5157911, 20.22216299]], [[85.5157911, 20.22216299], [85.51585637, 20.22263671], [85.51656765, 20.22279461], [85.51570986, 20.22294691], [85.51554617, 20.22230265], [85.5157911, 20.22216299]], [[85.50932323, 20.221624], [85.50950377, 20.22206333], [85.50936551, 20.22276251], [85.50836438, 20.2225646], [85.50853194, 20.22171628], [85.50932323, 20.221624]], [[85.51111986, 20.22216299], [85.51118021, 20.22246196], [85.51150533, 20.22262636], [85.51073316, 20.22276233], [85.51099494, 20.22222615], [85.51111986, 20.22216299]], [[85.55316101, 20.26653976], [85.5533984, 20.26714349], [85.55268238, 20.26733666], [85.55236411, 20.26667521], [85.55316101, 20.26653976]], [[85.58621902, 20.34523218], [85.58621902, 20.34631016], [85.58568003, 20.34631016], [85.58568003, 20.34523218], [85.58621902, 20.34523218]], [[85.58819531, 20.34523218], [85.58813496, 20.34607014], [85.58773896, 20.34627051], [85.58723664, 20.3458038], [85.58763457, 20.34530289], [85.58819531, 20.34523218]], [[85.58100879, 20.3461305], [85.58091124, 20.34635858], [85.5805956, 20.34620331], [85.58100879, 20.3461305]], [[85.57885283, 20.34325589], [85.57893108, 20.34407595], [85.57923163, 20.34510673], [85.57734464, 20.34542728], [85.57715761, 20.34485127], [85.5776094, 20.34410227], [85.57787626, 20.34389629], [85.57803277, 20.34369346], [85.57823559, 20.34353696], [85.57839209, 20.34333414], [85.57885283, 20.34325589]], [[85.55837124, 20.30732327], [85.55844458, 20.3074296], [85.55896427, 20.307624], [85.55916323, 20.30812702], [85.55800385, 20.30829493], [85.55775892, 20.30748048], [85.55837124, 20.30732327]], [[85.53770999, 20.32007935], [85.53770999, 20.31846238], [85.537171, 20.31846238], [85.537171, 20.3179234], [85.53645235, 20.3179234], [85.53645235, 20.31738441], [85.53878797, 20.31738441], [85.53878797, 20.31846238], [85.53842864, 20.31846238], [85.53842864, 20.32007935], [85.53770999, 20.32007935]], [[85.53878797, 20.31846238], [85.53950662, 20.31846238], [85.53950662, 20.31900137], [85.53878797, 20.31900137], [85.53878797, 20.31846238]], [[85.53770999, 20.32007935], [85.53770999, 20.32061834], [85.537171, 20.32061834], [85.537171, 20.32007935], [85.53770999, 20.32007935]], [[85.537171, 20.32007935], [85.53645235, 20.32007935], [85.53645235, 20.31900137], [85.537171, 20.31900137], [85.537171, 20.32007935]], [[85.58370373, 20.36355781], [85.5837869, 20.36365431], [85.5839799, 20.36382064], [85.58414622, 20.36440191], [85.58360934, 20.36435875], [85.58237117, 20.36488019], [85.58182394, 20.36447806], [85.58225485, 20.36370554], [85.58370373, 20.36355781]], [[85.58675801, 20.36212051], [85.58684117, 20.36221701], [85.58703417, 20.36238333], [85.5872005, 20.36267739], [85.58612252, 20.36292232], [85.58555897, 20.36332183], [85.58503033, 20.36327937], [85.58506524, 20.3628446], [85.58595619, 20.36257633], [85.58675801, 20.36212051]], [[85.58819531, 20.36158152], [85.58887536, 20.36249264], [85.58879466, 20.36303812], [85.58820233, 20.3626809], [85.58757807, 20.36168644], [85.58819531, 20.36158152]], [[85.55208304, 20.36589343], [85.55236727, 20.36650751], [85.55251746, 20.36722932], [85.55151247, 20.36740583], [85.55179652, 20.36596905], [85.55208304, 20.36589343]], [[85.55172371, 20.36804939], [85.55160072, 20.36847942], [85.55128455, 20.36817501], [85.55172371, 20.36804939]], [[85.54956775, 20.36176118], [85.54944073, 20.36283688], [85.55010446, 20.36314146], [85.54983216, 20.36364256], [85.54962653, 20.36452648], [85.54923825, 20.36368045], [85.54768866, 20.36296917], [85.54807237, 20.36172662], [85.54905403, 20.36207875], [85.54956775, 20.36176118]], [[85.55118472, 20.36283916], [85.55111279, 20.36324744], [85.55095119, 20.36293917], [85.55118472, 20.36283916]], [[85.5838834, 20.35960522], [85.58395849, 20.35970979], [85.58431378, 20.35996455], [85.5838341, 20.36030826], [85.58344898, 20.35991648], [85.5838834, 20.35960522]], [[85.56681541, 20.35780859], [85.56733527, 20.35845777], [85.56884363, 20.35937398], [85.56948018, 20.35929485], [85.56983143, 20.35846128], [85.57077466, 20.35819161], [85.57159859, 20.35829407], [85.57279991, 20.35875586], [85.57236391, 20.3594975], [85.5715963, 20.35904641], [85.57090923, 20.35875674], [85.57034937, 20.35882639], [85.56961036, 20.35974945], [85.56943052, 20.36078304], [85.56896312, 20.36142273], [85.56786058, 20.36128553], [85.56742072, 20.35916431], [85.56638222, 20.35853374], [85.56619659, 20.35791632], [85.56681541, 20.35780859]], [[85.5736426, 20.35780859], [85.57354347, 20.35860076], [85.57302378, 20.35815845], [85.5736426, 20.35780859]], [[85.56825271, 20.34702881], [85.56833588, 20.34712531], [85.56868204, 20.34742358], [85.56941385, 20.34874228], [85.56960685, 20.34890861], [85.56979125, 20.34932162], [85.5703227, 20.34977955], [85.57049183, 20.35143722], [85.57071624, 20.35163057], [85.57137348, 20.35310349], [85.5722146, 20.35357283], [85.57328328, 20.35365862], [85.57602752, 20.35343825], [85.57632895, 20.35482029], [85.57618175, 20.35665324], [85.57678004, 20.35660517], [85.57647037, 20.35735277], [85.5752815, 20.35714416], [85.57499674, 20.35681378], [85.57421089, 20.35646305], [85.57362629, 20.3557844], [85.57248111, 20.35569246], [85.57219758, 20.35663412], [85.57135067, 20.35627128], [85.57090467, 20.35575352], [85.57040867, 20.35571352], [85.56913225, 20.35581616], [85.56885557, 20.35429902], [85.56849115, 20.35269486], [85.56797655, 20.35286119], [85.56770513, 20.35317613], [85.56671891, 20.35393917], [85.56642643, 20.35427867], [85.56530564, 20.35436868], [85.56490859, 20.35390777], [85.56373078, 20.35338229], [85.56349831, 20.35286119], [85.56313898, 20.35255152], [85.56330531, 20.3523222], [85.56349831, 20.35215587], [85.56372324, 20.3516518], [85.56423749, 20.35083086], [85.56457629, 20.35053891], [85.56514879, 20.34974165], [85.56564093, 20.34931758], [85.56526178, 20.34920424], [85.56443294, 20.35016625], [85.56420363, 20.34999992], [85.5639408, 20.34969481], [85.56355182, 20.35014642], [85.56216715, 20.35025766], [85.56186801, 20.34999992], [85.56161851, 20.34971042], [85.56081196, 20.34901546], [85.56073827, 20.34809907], [85.56111303, 20.3476643], [85.56170168, 20.34783063], [85.56211381, 20.34830891], [85.56367797, 20.34802362], [85.56398764, 20.3476643], [85.56469665, 20.34786466], [85.56492456, 20.34911441], [85.56518511, 20.34881211], [85.56554583, 20.34850138], [85.5658992, 20.34694565], [85.56619729, 20.34711426], [85.56583393, 20.34810381], [85.56605658, 20.34847752], [85.56639678, 20.34734761], [85.5672579, 20.34711197], [85.56825271, 20.34702881]], [[85.56969002, 20.35619163], [85.56969002, 20.35673062], [85.56897136, 20.35673062], [85.56897136, 20.35619163], [85.56969002, 20.35619163]], [[85.57687654, 20.354395], [85.57679495, 20.35429692], [85.5765988, 20.35413375], [85.57635422, 20.35356984], [85.57595664, 20.35287593], [85.57529694, 20.35269644], [85.57499832, 20.35305577], [85.57426177, 20.35327193], [85.57347803, 20.3531921], [85.57308449, 20.35271837], [85.57231899, 20.35224623], [85.57212371, 20.3517083], [85.57307203, 20.35180497], [85.57336486, 20.35215745], [85.57378489, 20.35232062], [85.57430651, 20.35169268], [85.57560381, 20.35182497], [85.57588015, 20.35215745], [85.57630018, 20.35232062], [85.57664652, 20.35190375], [85.57737395, 20.35161846], [85.57711305, 20.35279049], [85.5774429, 20.35321894], [85.57767678, 20.35267995], [85.57787293, 20.35251678], [85.57816506, 20.35216535], [85.57853772, 20.35302489], [85.57878125, 20.35322719], [85.57857509, 20.3533986], [85.57841192, 20.35359476], [85.57746132, 20.35376425], [85.57707287, 20.354232], [85.57687654, 20.354395]], [[85.57687654, 20.354395], [85.57695163, 20.35467923], [85.5775201, 20.3553684], [85.57754712, 20.35608706], [85.57695918, 20.35571369], [85.57644212, 20.35450957], [85.57687654, 20.354395]], [[85.56268316, 20.35170005], [85.56259999, 20.35215587], [85.562041, 20.35240537], [85.56145253, 20.35273364], [85.56069458, 20.35267276], [85.56116672, 20.35182673], [85.56268316, 20.35170005]], [[85.58208677, 20.35170005], [85.58220327, 20.35235361], [85.582544, 20.35231887], [85.5826326, 20.35285961], [85.58199974, 20.35249713], [85.5812074, 20.35271873], [85.5809272, 20.35305577], [85.57967693, 20.35333316], [85.57923409, 20.35386618], [85.57950657, 20.35509014], [85.58007258, 20.35556035], [85.57936971, 20.35573422], [85.57913057, 20.35465624], [85.57877528, 20.35371038], [85.5793269, 20.3532521], [85.57973448, 20.35276136], [85.58117828, 20.35250415], [85.58162936, 20.3519613], [85.58208677, 20.35170005]], [[85.57166631, 20.34810679], [85.57184001, 20.34851138], [85.57158894, 20.34943619], [85.57086151, 20.34925284], [85.57069623, 20.34819101], [85.57166631, 20.34810679]], [[85.58244609, 20.34774746], [85.58236924, 20.34833944], [85.5822045, 20.34787467], [85.58244609, 20.34774746]], [[85.57184597, 20.3461305], [85.57210564, 20.3468216], [85.5713219, 20.3471104], [85.57104574, 20.34627314], [85.57184597, 20.3461305]], [[85.57292395, 20.34631016], [85.57280096, 20.34674019], [85.57248479, 20.34643578], [85.57292395, 20.34631016]], [[85.56286282, 20.34577117], [85.56276527, 20.34599926], [85.56244963, 20.34584398], [85.56286282, 20.34577117]], [[85.57076799, 20.34217791], [85.57068483, 20.34245407], [85.57049183, 20.3426204], [85.57018391, 20.34297762], [85.56996618, 20.34228283], [85.57076799, 20.34217791]], [[85.5639408, 20.33912364], [85.56386413, 20.33922663], [85.56300125, 20.33940418], [85.56265403, 20.34027811], [85.56242682, 20.3398072], [85.56279562, 20.33921136], [85.5639408, 20.33912364]], [[85.54795079, 20.33804566], [85.54787885, 20.33845393], [85.54771726, 20.33814567], [85.54795079, 20.33804566]], [[85.54777112, 20.35008308], [85.54777112, 20.35062207], [85.54723213, 20.35062207], [85.54723213, 20.35008308], [85.54777112, 20.35008308]], [[85.54795079, 20.34738814], [85.54808202, 20.34765763], [85.54774445, 20.34834839], [85.5471702, 20.34808538], [85.54745443, 20.3474527], [85.54795079, 20.34738814]], [[85.55136438, 20.34379488], [85.55136438, 20.3441542], [85.55082539, 20.3441542], [85.55082539, 20.34379488], [85.55136438, 20.34379488]], [[85.55046607, 20.34020161], [85.55058117, 20.34035075], [85.5514014, 20.34068639], [85.55045747, 20.34195982], [85.54984883, 20.3416984], [85.55005305, 20.34031671], [85.55046607, 20.34020161]], [[85.54381854, 20.34595083], [85.54397276, 20.3462677], [85.54343254, 20.34673142], [85.54285829, 20.34646842], [85.54305848, 20.34602259], [85.54381854, 20.34595083]], [[85.54363887, 20.34253723], [85.54484476, 20.34404472], [85.54449385, 20.3444137], [85.54383836, 20.34359539], [85.54278109, 20.34329308], [85.54285811, 20.34267303], [85.54363887, 20.34253723]], [[85.5323201, 20.34361521], [85.53254187, 20.34406139], [85.53205815, 20.34421456], [85.53190042, 20.34369996], [85.5323201, 20.34361521]], [[85.53663201, 20.33696768], [85.53687537, 20.33722103], [85.53725996, 20.33741912], [85.53909677, 20.33710576], [85.53941855, 20.33741508], [85.53960102, 20.33779108], [85.54004912, 20.33822181], [85.54048249, 20.33867272], [85.54121518, 20.33849657], [85.54216227, 20.33777792], [85.54390661, 20.33840446], [85.543708, 20.33931874], [85.54318796, 20.33957104], [85.54301181, 20.33975421], [85.5426488, 20.34010319], [85.54266353, 20.34083096], [85.54157082, 20.34154733], [85.54159205, 20.34258197], [85.54135852, 20.34306306], [85.54049301, 20.34334396], [85.54026054, 20.34405998], [85.53941855, 20.34407718], [85.53912642, 20.34317658], [85.53816125, 20.34315693], [85.53815739, 20.34334572], [85.53817564, 20.34424193], [85.53762542, 20.34425316], [85.53743874, 20.34405893], [85.53681168, 20.34407174], [85.53618461, 20.34405893], [85.53583581, 20.34442194], [85.53456413, 20.34424579], [85.53438798, 20.34406262], [85.53348616, 20.34388646], [85.53324017, 20.34337958], [85.53258784, 20.34316781], [85.53223202, 20.34262531], [85.53115404, 20.34227546], [85.53137266, 20.34137118], [85.5322408, 20.34154909], [85.53275698, 20.34208632], [85.53295068, 20.34191017], [85.53364126, 20.34119152], [85.53420832, 20.34136767], [85.53438447, 20.34155084], [85.53456764, 20.341727], [85.53491258, 20.34208597], [85.53544087, 20.34209685], [85.53599565, 20.34182753], [85.53600512, 20.34136083], [85.53545876, 20.34083587], [85.53510628, 20.34010915], [85.53402865, 20.34038531], [85.53430271, 20.33995686], [85.53492697, 20.33975421], [85.5351912, 20.33947945], [85.53546789, 20.33921347], [85.53528279, 20.33903556], [85.53510663, 20.33849306], [85.53456764, 20.33823146], [85.5347438, 20.33795407], [85.53510663, 20.33777792], [85.53528454, 20.33759282], [85.5354642, 20.33777985], [85.53578493, 20.33744596], [85.53636076, 20.33705576], [85.53663201, 20.33696768]], [[85.55675428, 20.33624903], [85.55669269, 20.33646799], [85.55653531, 20.33631061], [85.55675428, 20.33624903]], [[85.52980482, 20.3344524], [85.52987816, 20.33455872], [85.5300908, 20.3347054], [85.53023748, 20.33621587], [85.52984149, 20.33612709], [85.52998729, 20.33547669], [85.52958796, 20.33520105], [85.52919249, 20.3346096], [85.52980482, 20.3344524]], [[85.54238123, 20.32690655], [85.5424644, 20.32718271], [85.54268406, 20.32778118], [85.54317954, 20.32820788], [85.54354237, 20.32905478], [85.54282372, 20.329505], [85.54265739, 20.33005732], [85.5424644, 20.33040331], [85.54229807, 20.33090563], [85.54316585, 20.33116688], [85.54336271, 20.33203361], [85.54446929, 20.33220222], [85.54439683, 20.33310492], [85.54446613, 20.33396639], [85.54244527, 20.33442538], [85.5415259, 20.33435151], [85.54122009, 20.33399657], [85.54045178, 20.33383024], [85.54014211, 20.33418957], [85.53937924, 20.33436292], [85.53906413, 20.33472856], [85.53838706, 20.33489489], [85.53798615, 20.33399657], [85.53779316, 20.33383024], [85.53762683, 20.33345758], [85.53725417, 20.33329125], [85.53708784, 20.3326777], [85.53762683, 20.33221328], [85.53779316, 20.33022365], [85.53798615, 20.33005732], [85.53815248, 20.32986432], [85.53834548, 20.32969799], [85.53851181, 20.32914567], [85.53875709, 20.3284779], [85.53932643, 20.32822384], [85.53963997, 20.32718236], [85.54238123, 20.32690655]], [[85.5323201, 20.33085914], [85.5323201, 20.33139812], [85.53196077, 20.33139812], [85.53196077, 20.33085914], [85.5323201, 20.33085914]], [[85.54777112, 20.33067947], [85.54768796, 20.33103248], [85.54676578, 20.33134672], [85.54662472, 20.3307572], [85.54777112, 20.33067947]], [[85.53986595, 20.32636756], [85.53986595, 20.32690655], [85.53950662, 20.32690655], [85.53950662, 20.32636756], [85.53986595, 20.32636756]], [[85.54004561, 20.32349295], [85.54004561, 20.32493025], [85.53950662, 20.32493025], [85.53950662, 20.32457093], [85.53878797, 20.32457093], [85.53878797, 20.32385228], [85.53950662, 20.32385228], [85.53950662, 20.32349295], [85.54004561, 20.32349295]], [[85.53339808, 20.31702508], [85.53356441, 20.31721808], [85.5338539, 20.31746757], [85.5341534, 20.31846203], [85.53480328, 20.31890487], [85.53583651, 20.31817236], [85.53621812, 20.31820289], [85.5361718, 20.31877872], [85.53525331, 20.31957001], [85.53551912, 20.32029393], [85.53544368, 20.32123418], [85.5358302, 20.32177948], [85.53617619, 20.32244831], [85.53491855, 20.3226778], [85.53420358, 20.32287343], [85.5338539, 20.32261657], [85.53468239, 20.32190265], [85.53516716, 20.32134015], [85.53474994, 20.3205922], [85.53407567, 20.31964125], [85.53381232, 20.31876679], [85.5329605, 20.31740213], [85.53339808, 20.31702508]], [[85.53519471, 20.31666575], [85.53526805, 20.31677208], [85.53589441, 20.31720457], [85.53567317, 20.31763741], [85.5350668, 20.31724264], [85.53440307, 20.31739142], [85.53422305, 20.31695648], [85.53494171, 20.31677208], [85.53519471, 20.31666575]], [[85.54453719, 20.31037755], [85.54453719, 20.31073687], [85.54525584, 20.31073687], [85.54525584, 20.31145553], [85.54417786, 20.31145553], [85.54417786, 20.31037755], [85.54453719, 20.31037755]], [[85.54633382, 20.31073687], [85.54633382, 20.31145553], [85.54561517, 20.31145553], [85.54561517, 20.31073687], [85.54633382, 20.31073687]], [[85.53591336, 20.31037755], [85.53579037, 20.31080758], [85.5354742, 20.31050317], [85.53591336, 20.31037755]], [[85.53339808, 20.30840125], [85.53368547, 20.30903218], [85.53345563, 20.30937782], [85.53260117, 20.3085367], [85.53339808, 20.30840125]], [[85.52926583, 20.30840125], [85.52918898, 20.30899323], [85.52902423, 20.30852846], [85.52926583, 20.30840125]], [[85.53465572, 20.30480799], [85.53465572, 20.30588597], [85.53411673, 20.30588597], [85.53411673, 20.30516732], [85.53447606, 20.30516732], [85.53447606, 20.30480799], [85.53465572, 20.30480799]], [[85.54184224, 20.3028317], [85.54192541, 20.30328752], [85.54214806, 20.30347947], [85.54235895, 20.30596913], [85.5421184, 20.30543015], [85.54192541, 20.30526382], [85.54158819, 20.30305066], [85.54184224, 20.3028317]], [[85.54327955, 20.304269], [85.54327955, 20.30534698], [85.54274056, 20.30534698], [85.54274056, 20.304269], [85.54327955, 20.304269]], [[85.55298135, 20.30480799], [85.55196373, 20.30474764], [85.55166335, 20.30452376], [85.55276905, 20.30438831], [85.55298135, 20.30480799]], [[85.55298135, 20.30480799], [85.55334068, 20.30480799], [85.55334068, 20.30534698], [85.55298135, 20.30534698], [85.55298135, 20.30480799]], [[85.55298135, 20.30534698], [85.55298135, 20.30570631], [85.55262203, 20.30570631], [85.55274274, 20.30546769], [85.55298135, 20.30534698]], [[85.55262203, 20.30570631], [85.55238201, 20.30618494], [85.55184512, 20.30630565], [85.55166335, 20.30594633], [85.55106541, 20.30582561], [85.55100506, 20.30570631], [85.55262203, 20.30570631]], [[85.55100506, 20.30570631], [85.54986883, 20.30562332], [85.55083031, 20.30545331], [85.55100506, 20.30570631]], [[85.537171, 20.30265204], [85.537171, 20.304269], [85.53645235, 20.304269], [85.53645235, 20.30373001], [85.53609302, 20.30373001], [85.53609302, 20.30319102], [85.53645235, 20.30319102], [85.53645235, 20.30265204], [85.537171, 20.30265204]], [[85.56070686, 20.3028317], [85.56114286, 20.30352368], [85.56055054, 20.30399126], [85.56008629, 20.30318594], [85.56070686, 20.3028317]], [[85.53609302, 20.30229271], [85.53609302, 20.3028317], [85.53519471, 20.3028317], [85.53519471, 20.30229271], [85.53609302, 20.30229271]], [[85.53896763, 20.29546551], [85.53908343, 20.29578817], [85.53858146, 20.29894736], [85.53796931, 20.29922826], [85.53586669, 20.30037098], [85.53473397, 20.30058082], [85.53439131, 20.30024518], [85.53574563, 20.2994567], [85.53672693, 20.29915369], [85.53742874, 20.29890174], [85.53761507, 20.29770621], [85.53828232, 20.29647857], [85.53855585, 20.29559272], [85.53896763, 20.29546551]], [[85.53860831, 20.29977743], [85.53838934, 20.29971584], [85.53854672, 20.29955846], [85.53860831, 20.29977743]], [[85.53860831, 20.29977743], [85.53932696, 20.29977743], [85.53932696, 20.30049608], [85.53860831, 20.30049608], [85.53860831, 20.29977743]], [[85.52872684, 20.2960045], [85.52863402, 20.29633769], [85.52762079, 20.29711985], [85.52654211, 20.29742023], [85.52577398, 20.29682053], [85.52735129, 20.29662771], [85.52808644, 20.29608275], [85.52872684, 20.2960045]], [[85.53591336, 20.29636383], [85.53583002, 20.29693615], [85.53537507, 20.29715091], [85.53512628, 20.29644682], [85.53591336, 20.29636383]], [[85.53321842, 20.29510619], [85.53339124, 20.29529269], [85.53401128, 20.2958673], [85.53322561, 20.29611591], [85.53257187, 20.29609012], [85.53260328, 20.29530094], [85.53321842, 20.29510619]], [[85.53519471, 20.29564518], [85.53486451, 20.2960731], [85.53457747, 20.2957501], [85.53519471, 20.29564518]], [[85.52908617, 20.29438753], [85.52896317, 20.29481757], [85.52864701, 20.29451316], [85.52908617, 20.29438753]], [[85.55639495, 20.29348922], [85.55691078, 20.29418033], [85.55671164, 20.29464545], [85.55577771, 20.29359414], [85.55639495, 20.29348922]], [[85.54759146, 20.29366888], [85.54734021, 20.29346764], [85.54797061, 20.29239492], [85.54783867, 20.29133326], [85.54793043, 20.29059514], [85.54823028, 20.29035512], [85.54838994, 20.29010387], [85.54803062, 20.28981613], [85.54777218, 20.2894933], [85.54677298, 20.28927714], [85.54661331, 20.28895518], [85.54837556, 20.28935539], [85.5486733, 20.29006194], [85.54831046, 20.29133239], [85.54842223, 20.29223158], [85.54835538, 20.29277022], [85.54788797, 20.29314446], [85.54759146, 20.29366888]], [[85.54759146, 20.29366888], [85.54769287, 20.29374713], [85.54792763, 20.29405137], [85.54856294, 20.29454176], [85.5483638, 20.29588941], [85.54795079, 20.2960045], [85.54802413, 20.29553885], [85.54838345, 20.29529076], [85.54823677, 20.29464054], [85.54768445, 20.29425928], [85.54759146, 20.29366888]], [[85.54795079, 20.2960045], [85.54795079, 20.29636383], [85.54777112, 20.29636383], [85.54777112, 20.2960045], [85.54795079, 20.2960045]], [[85.54777112, 20.29636383], [85.54763778, 20.29733969], [85.54561517, 20.29744181], [85.54572728, 20.29701704], [85.54716634, 20.29730127], [85.54766655, 20.29643892], [85.54777112, 20.29636383]], [[85.54561517, 20.29744181], [85.54573447, 20.29768183], [85.54579483, 20.29816046], [85.545532, 20.29802747], [85.54537515, 20.29756322], [85.54561517, 20.29744181]], [[85.54579483, 20.29816046], [85.54615416, 20.29816046], [85.54615416, 20.29834012], [85.54579483, 20.29834012], [85.54579483, 20.29816046]], [[85.54615416, 20.29834012], [85.54633382, 20.29834012], [85.54633382, 20.29851979], [85.54615416, 20.29851979], [85.54615416, 20.29834012]], [[85.54633382, 20.29851979], [85.54653664, 20.29867629], [85.5467714, 20.29898052], [85.547033, 20.29913703], [85.54767217, 20.29830907], [85.54909824, 20.29851979], [85.54947178, 20.29943266], [85.54956775, 20.29977743], [85.54935844, 20.29962741], [85.54913333, 20.29931353], [85.54892419, 20.29916334], [85.54877401, 20.29877454], [85.54777393, 20.29862435], [85.54728845, 20.29930178], [85.54643295, 20.29913264], [85.54633382, 20.29851979]], [[85.54956775, 20.29977743], [85.54980093, 20.29997832], [85.54992708, 20.30121473], [85.54963267, 20.30106577], [85.54956775, 20.29977743]], [[85.54992708, 20.30121473], [85.55046607, 20.30121473], [85.55046607, 20.30139439], [85.54992708, 20.30139439], [85.54992708, 20.30121473]], [[85.55046607, 20.30121473], [85.55046607, 20.30103507], [85.55136438, 20.30103507], [85.55136438, 20.30139439], [85.55093172, 20.30128807], [85.55046607, 20.30121473]], [[85.55136438, 20.30139439], [85.5516116, 20.30155265], [85.55138684, 20.30235289], [85.55082539, 20.30265204], [85.55102822, 20.3018618], [85.55129105, 20.30168038], [85.55136438, 20.30139439]], [[85.55082539, 20.30265204], [85.55070977, 20.30333244], [85.54992708, 20.30355035], [85.54998744, 20.30325138], [85.55022605, 20.30313067], [85.55034676, 20.30289205], [85.55082539, 20.30265204]], [[85.54992708, 20.30355035], [85.55000375, 20.30455166], [85.5516016, 20.30471904], [85.54980233, 20.30488466], [85.54949108, 20.30387459], [85.54992708, 20.30355035]], [[85.52980482, 20.28989596], [85.52963533, 20.29050478], [85.52918758, 20.29000088], [85.52980482, 20.28989596]], [[85.53465572, 20.28163146], [85.53465572, 20.28217045], [85.53393707, 20.28217045], [85.53393707, 20.28163146], [85.53465572, 20.28163146]], [[85.53627269, 20.28163146], [85.53627269, 20.28217045], [85.53591336, 20.28217045], [85.53591336, 20.28163146], [85.53627269, 20.28163146]], [[85.55082539, 20.28127213], [85.5507024, 20.28170217], [85.55038624, 20.28139776], [85.55082539, 20.28127213]], [[85.55459832, 20.28019415], [85.55459832, 20.28091281], [85.55405933, 20.28091281], [85.55405933, 20.28019415], [85.55459832, 20.28019415]], [[85.54381854, 20.27893651], [85.54359378, 20.27934654], [85.54339552, 20.27902757], [85.54381854, 20.27893651]], [[85.54309988, 20.27642123], [85.54301426, 20.27702601], [85.54239772, 20.27681442], [85.5425037, 20.27650562], [85.54309988, 20.27642123]], [[85.54417786, 20.27642123], [85.54400838, 20.27703005], [85.54356062, 20.27652615], [85.54417786, 20.27642123]], [[85.54561517, 20.27480426], [85.54567552, 20.27510323], [85.5460938, 20.27522394], [85.54621451, 20.27542764], [85.54557341, 20.27561275], [85.54582799, 20.27613401], [85.54549586, 20.27630192], [85.54534567, 20.27659879], [85.54519548, 20.27630192], [85.54495687, 20.27618121], [85.54467001, 20.27561415], [85.54519548, 20.27546256], [85.54549586, 20.27486462], [85.54561517, 20.27480426]], [[85.54579483, 20.271211], [85.54586326, 20.27132224], [85.54608573, 20.27145909], [85.54622258, 20.27203773], [85.54535427, 20.27235741], [85.54500775, 20.27183386], [85.54537567, 20.27130978], [85.54579483, 20.271211]], [[85.53770999, 20.26995336], [85.53873253, 20.2692912], [85.53990297, 20.26938524], [85.54073356, 20.26892188], [85.54036581, 20.26792022], [85.54070373, 20.26731456], [85.54148186, 20.26737702], [85.54178557, 20.26838552], [85.54093182, 20.26991564], [85.54143923, 20.27063113], [85.54130027, 20.2711145], [85.53955154, 20.27047235], [85.53963295, 20.27148629], [85.53923046, 20.27183315], [85.53906413, 20.27202615], [85.53878797, 20.27210932], [85.53865814, 20.27187246], [85.53773701, 20.27139452], [85.53729171, 20.27080571], [85.53770999, 20.26995336]], [[85.53878797, 20.27210932], [85.53878797, 20.2726483], [85.53860831, 20.2726483], [85.53860831, 20.27210932], [85.53878797, 20.27210932]], [[85.53860831, 20.2726483], [85.53866866, 20.27348626], [85.53878797, 20.27372628], [85.53842864, 20.27372628], [85.53842864, 20.2726483], [85.53860831, 20.2726483]], [[85.53878797, 20.27372628], [85.53959944, 20.27386419], [85.53976454, 20.27616331], [85.53996736, 20.27631982], [85.54022527, 20.27678056], [85.53960347, 20.27666721], [85.53938258, 20.27426352], [85.53887113, 20.27382278], [85.53878797, 20.27372628]], [[85.54022527, 20.27678056], [85.54079725, 20.27692723], [85.54171293, 20.277312], [85.54191558, 20.27760553], [85.54212823, 20.27775221], [85.54227491, 20.27894142], [85.54191558, 20.27918951], [85.5417689, 20.27958183], [85.54148292, 20.27965516], [85.54173592, 20.27862491], [85.54158345, 20.2779052], [85.54122991, 20.27739288], [85.54044547, 20.27709935], [85.54022527, 20.27678056]], [[85.54148292, 20.27965516], [85.54148292, 20.27983483], [85.54130325, 20.27983483], [85.54130325, 20.27965516], [85.54148292, 20.27965516]], [[85.54130325, 20.27983483], [85.54130325, 20.28019415], [85.54112359, 20.28019415], [85.54112359, 20.27983483], [85.54130325, 20.27983483]], [[85.54112359, 20.28019415], [85.54112359, 20.28127213], [85.54076426, 20.28127213], [85.54076426, 20.28163146], [85.5405846, 20.28163146], [85.54081409, 20.2802803], [85.54112359, 20.28019415]], [[85.5405846, 20.28163146], [85.5405846, 20.28181112], [85.53968629, 20.28181112], [85.53968629, 20.28163146], [85.5405846, 20.28163146]], [[85.53968629, 20.28181112], [85.53968629, 20.28199078], [85.53950662, 20.28199078], [85.53950662, 20.28181112], [85.53968629, 20.28181112]], [[85.53950662, 20.28199078], [85.53950662, 20.28270944], [85.53932696, 20.28270944], [85.53932696, 20.28199078], [85.53950662, 20.28199078]], [[85.53950662, 20.28270944], [85.53968629, 20.28270944], [85.53968629, 20.2828891], [85.53950662, 20.2828891], [85.53950662, 20.28270944]], [[85.53968629, 20.2828891], [85.54004561, 20.2828891], [85.54004561, 20.28306876], [85.53968629, 20.28306876], [85.53968629, 20.2828891]], [[85.54004561, 20.28306876], [85.54209717, 20.28341265], [85.54220157, 20.28378741], [85.54156117, 20.28370916], [85.54140466, 20.28350634], [85.54022931, 20.28330668], [85.54004561, 20.28306876]], [[85.54220157, 20.28378741], [85.54446525, 20.28389093], [85.54490546, 20.28528139], [85.54534918, 20.2854907], [85.54552183, 20.28567739], [85.54642716, 20.28585003], [85.54713353, 20.28633621], [85.54731846, 20.28713417], [85.54695913, 20.287467], [85.54678649, 20.28765368], [85.54480317, 20.28782632], [85.54453719, 20.28791966], [85.54462035, 20.28746384], [85.54695597, 20.28724926], [85.54671823, 20.28627164], [85.54475808, 20.28582634], [85.54444069, 20.28496189], [85.54422541, 20.28424692], [85.54239071, 20.28400691], [85.54220157, 20.28378741]], [[85.54453719, 20.28791966], [85.54461228, 20.2882039], [85.54494003, 20.28872043], [85.54538848, 20.28904186], [85.5465126, 20.28926714], [85.54615696, 20.28979139], [85.5458994, 20.28943206], [85.54475808, 20.28902642], [85.54428243, 20.28810214], [85.54453719, 20.28791966]], [[85.53770999, 20.26995336], [85.53753033, 20.26995336], [85.53753033, 20.2697737], [85.53770999, 20.2697737], [85.53770999, 20.26995336]], [[85.53753033, 20.2697737], [85.53735067, 20.2697737], [85.53735067, 20.26905504], [85.53753033, 20.26905504], [85.53753033, 20.2697737]], [[85.53753033, 20.26905504], [85.53753033, 20.26869572], [85.53770999, 20.26869572], [85.53770999, 20.26905504], [85.53753033, 20.26905504]], [[85.53770999, 20.26869572], [85.53783298, 20.26826568], [85.53814915, 20.26857009], [85.53770999, 20.26869572]], [[85.54561517, 20.26528212], [85.54585396, 20.26586339], [85.54389047, 20.26625553], [85.54320445, 20.26583339], [85.54360431, 20.26547371], [85.54433594, 20.26561829], [85.54497161, 20.26535721], [85.54561517, 20.26528212]], [[85.53393707, 20.26564145], [85.53357774, 20.26564145], [85.53357774, 20.26456347], [85.53393707, 20.26456347], [85.53393707, 20.26564145]], [[85.53393707, 20.26564145], [85.53404164, 20.26571654], [85.53429639, 20.26607183], [85.53466958, 20.26555109], [85.53537156, 20.26538669], [85.53555404, 20.26564145], [85.53478608, 20.26577181], [85.53448623, 20.2665045], [85.53403444, 20.26643782], [85.53393707, 20.26564145]], [[85.53555404, 20.26564145], [85.53627269, 20.26564145], [85.53627269, 20.26582111], [85.53555404, 20.26582111], [85.53555404, 20.26564145]], [[85.53627269, 20.26582111], [85.53663201, 20.26582111], [85.53663201, 20.26600077], [85.53627269, 20.26600077], [85.53627269, 20.26582111]], [[85.53663201, 20.26600077], [85.53699134, 20.26600077], [85.53699134, 20.26743808], [85.53663201, 20.26743808], [85.53663201, 20.26600077]], [[85.53699134, 20.26743808], [85.53796159, 20.26755949], [85.53806177, 20.2680569], [85.5374505, 20.26769757], [85.53707117, 20.26753791], [85.53699134, 20.26743808]], [[85.53303875, 20.26384482], [85.5331363, 20.26361673], [85.53345194, 20.263772], [85.53303875, 20.26384482]], [[85.53303875, 20.26384482], [85.53296875, 20.26439942], [85.53260082, 20.26462382], [85.53243941, 20.26414536], [85.53303875, 20.26384482]], [[85.53393707, 20.26366515], [85.53393707, 20.2643838], [85.53357774, 20.2643838], [85.53357774, 20.26366515], [85.53393707, 20.26366515]], [[85.55244236, 20.2629465], [85.55238201, 20.26342513], [85.55194338, 20.26354584], [85.55166335, 20.26301791], [85.55244236, 20.2629465]], [[85.52818785, 20.26043122], [85.52774466, 20.26000539], [85.52799538, 20.25944482], [85.52818785, 20.26043122]], [[85.52818785, 20.26043122], [85.5289065, 20.26043122], [85.5289065, 20.26061088], [85.52818785, 20.26061088], [85.52818785, 20.26043122]], [[85.5289065, 20.26061088], [85.52926583, 20.26061088], [85.52908617, 20.2608616], [85.5289065, 20.26061088]], [[85.52926583, 20.26061088], [85.52943216, 20.26041788], [85.52972165, 20.26016839], [85.53003098, 20.25980941], [85.53016414, 20.26025155], [85.52973148, 20.26053754], [85.52926583, 20.26061088]], [[85.53016414, 20.26025155], [85.53034381, 20.26025155], [85.53034381, 20.26043122], [85.53016414, 20.26043122], [85.53016414, 20.26025155]], [[85.53034381, 20.26043122], [85.53059453, 20.26061088], [85.53034381, 20.26079054], [85.53034381, 20.26043122]], [[85.53034381, 20.26079054], [85.53034381, 20.26258717], [85.53016414, 20.26258717], [85.53016414, 20.26079054], [85.53034381, 20.26079054]], [[85.53034381, 20.26258717], [85.53124212, 20.26258717], [85.53124212, 20.26276684], [85.53034381, 20.26276684], [85.53034381, 20.26258717]], [[85.53124212, 20.26258717], [85.53149793, 20.26218767], [85.53220781, 20.26238716], [85.5319727, 20.26322336], [85.53142178, 20.26330583], [85.53150214, 20.2629079], [85.53199902, 20.26265665], [85.53124212, 20.26258717]], [[85.53142178, 20.26330583], [85.53142178, 20.26348549], [85.53124212, 20.26348549], [85.53124212, 20.26330583], [85.53142178, 20.26330583]], [[85.53124212, 20.26348549], [85.53124212, 20.2643838], [85.53106246, 20.2643838], [85.53106246, 20.26348549], [85.53124212, 20.26348549]], [[85.53124212, 20.2643838], [85.53167479, 20.26466979], [85.53252362, 20.26483559], [85.53139933, 20.26499613], [85.53124212, 20.2643838]], [[85.55783225, 20.25378368], [85.55802876, 20.25470305], [85.55774751, 20.25531591], [85.55706114, 20.25552785], [85.5568492, 20.25621422], [85.55612037, 20.25638371], [85.55547558, 20.25673426], [85.55523223, 20.25620405], [85.55451358, 20.2559821], [85.55484939, 20.25570997], [85.55612037, 20.25541434], [85.55593474, 20.25529538], [85.55523223, 20.25533731], [85.55550997, 20.25440268], [85.55577069, 20.25441812], [85.55594123, 20.25422723], [85.55639425, 20.25425425], [85.55702886, 20.25405827], [85.55729327, 20.25376228], [85.55756276, 20.25406388], [85.55773733, 20.25386843], [85.55783225, 20.25378368]], [[85.53214044, 20.25522099], [85.53214044, 20.25629897], [85.53142178, 20.25629897], [85.53142178, 20.25522099], [85.53214044, 20.25522099]], [[85.53160145, 20.25342436], [85.53160145, 20.25324469], [85.53249976, 20.25324469], [85.53249976, 20.25342436], [85.53160145, 20.25342436]], [[85.53249976, 20.25342436], [85.53285909, 20.25342436], [85.53285909, 20.25360402], [85.53249976, 20.25360402], [85.53249976, 20.25342436]], [[85.53285909, 20.25360402], [85.53303875, 20.25360402], [85.53303875, 20.25378368], [85.53285909, 20.25378368], [85.53285909, 20.25360402]], [[85.53303875, 20.25378368], [85.53346879, 20.25390668], [85.53316438, 20.25422284], [85.53303875, 20.25378368]], [[85.53160145, 20.25342436], [85.53148214, 20.25366438], [85.53134143, 20.25436127], [85.53094315, 20.25456269], [85.53082244, 20.25516063], [85.53058383, 20.25528134], [85.53052347, 20.25575998], [85.53040416, 20.25569962], [85.53028345, 20.25453497], [85.53094227, 20.25420161], [85.53130248, 20.25348471], [85.53160145, 20.25342436]], [[85.53052347, 20.25575998], [85.53080296, 20.25583981], [85.53114229, 20.25635634], [85.52936812, 20.25657829], [85.52836751, 20.25665829], [85.52852735, 20.2564588], [85.53044364, 20.25621914], [85.53052347, 20.25575998]], [[85.52836751, 20.25665829], [85.52812749, 20.25713693], [85.52800819, 20.25719728], [85.52800819, 20.25665829], [85.52836751, 20.25665829]], [[85.52800819, 20.25719728], [85.52790186, 20.25762995], [85.52775518, 20.2592799], [85.52755482, 20.25942658], [85.52739586, 20.25753011], [85.52800819, 20.25719728]], [[85.52908617, 20.25414301], [85.52908617, 20.25450234], [85.52854718, 20.25450234], [85.52854718, 20.25522099], [85.52800819, 20.25522099], [85.52800819, 20.25414301], [85.52908617, 20.25414301]], [[85.51650975, 20.25342436], [85.51650975, 20.25450234], [85.51597076, 20.25450234], [85.51597076, 20.25342436], [85.51650975, 20.25342436]], [[85.53429639, 20.25360402], [85.53435798, 20.25338506], [85.53451536, 20.25354244], [85.53429639, 20.25360402]], [[85.53429639, 20.25360402], [85.53429639, 20.25378368], [85.53411673, 20.25378368], [85.53411673, 20.25360402], [85.53429639, 20.25360402]], [[85.53411673, 20.25378368], [85.53411673, 20.25414301], [85.53357774, 20.25414301], [85.53357774, 20.25378368], [85.53411673, 20.25378368]], [[85.53842864, 20.25342436], [85.53842864, 20.25414301], [85.53663201, 20.25414301], [85.53663201, 20.25342436], [85.53842864, 20.25342436]], [[85.55531697, 20.25306503], [85.55522626, 20.25356209], [85.55405652, 20.25386685], [85.5537965, 20.25340523], [85.55531697, 20.25306503]], [[85.56681541, 20.25252604], [85.56672908, 20.25303398], [85.5657362, 20.25380035], [85.56529985, 20.25338699], [85.56583884, 20.25316644], [85.56653433, 20.25260429], [85.56681541, 20.25252604]], [[85.53447606, 20.25306503], [85.53424797, 20.25296748], [85.53440324, 20.25265184], [85.53447606, 20.25306503]], [[85.53447606, 20.25306503], [85.53469502, 20.25312662], [85.53453764, 20.253284], [85.53447606, 20.25306503]], [[85.53663201, 20.25234638], [85.53663201, 20.25306503], [85.53609302, 20.25306503], [85.53609302, 20.25234638], [85.53663201, 20.25234638]], [[85.53321842, 20.25198705], [85.53314157, 20.25257903], [85.53297682, 20.25211426], [85.53321842, 20.25198705]], [[85.52639122, 20.25019042], [85.52639122, 20.24965143], [85.52693021, 20.24965143], [85.52693021, 20.25019042], [85.52854718, 20.25019042], [85.52854718, 20.25072941], [85.52980482, 20.25072941], [85.52980482, 20.25198705], [85.52908617, 20.25198705], [85.52908617, 20.2512684], [85.5274692, 20.2512684], [85.5274692, 20.25072941], [85.52693021, 20.25072941], [85.52693021, 20.2512684], [85.5254929, 20.2512684], [85.5254929, 20.25019042], [85.52639122, 20.25019042]], [[85.53357774, 20.25162773], [85.53350581, 20.252036], [85.53334421, 20.25172774], [85.53357774, 20.25162773]], [[85.53501505, 20.25144806], [85.53508698, 20.25103979], [85.53524857, 20.25134806], [85.53501505, 20.25144806]], [[85.53501505, 20.25144806], [85.53491749, 20.25167615], [85.53460186, 20.25152088], [85.53501505, 20.25144806]], [[85.55819158, 20.25090908], [85.55810754, 20.25150281], [85.55757118, 20.25169457], [85.55740608, 20.25098961], [85.55819158, 20.25090908]], [[85.51740807, 20.25054975], [85.51763405, 20.25112453], [85.51687188, 20.25152632], [85.51661116, 20.2506852], [85.51740807, 20.25054975]], [[85.53824898, 20.25072941], [85.53824898, 20.24911244], [85.5391473, 20.24911244], [85.5391473, 20.24965143], [85.53950662, 20.24965143], [85.53950662, 20.25019042], [85.5391473, 20.25019042], [85.5391473, 20.25072941], [85.53824898, 20.25072941]], [[85.53824898, 20.25072941], [85.53824898, 20.2512684], [85.53770999, 20.2512684], [85.53770999, 20.25072941], [85.53824898, 20.25072941]], [[85.52333695, 20.24803447], [85.52333695, 20.24857346], [85.52297762, 20.24857346], [85.52297762, 20.24803447], [85.52333695, 20.24803447]], [[85.52800819, 20.24749548], [85.52800819, 20.24695649], [85.52854718, 20.24695649], [85.52854718, 20.24749548], [85.52800819, 20.24749548]], [[85.52800819, 20.24749548], [85.52800819, 20.24803447], [85.52693021, 20.24803447], [85.52693021, 20.24695649], [85.5274692, 20.24695649], [85.5274692, 20.24749548], [85.52800819, 20.24749548]], [[85.51615043, 20.24695649], [85.51602743, 20.24738652], [85.51571127, 20.24708211], [85.51615043, 20.24695649]], [[85.51165885, 20.24533952], [85.51173219, 20.24544584], [85.51211169, 20.24570779], [85.51227118, 20.24651716], [85.51124233, 20.24710439], [85.51050753, 20.24648101], [85.51090581, 20.24553287], [85.51165885, 20.24533952]], [[85.51381481, 20.24605817], [85.51388814, 20.2461645], [85.51410079, 20.24631117], [85.51424747, 20.24684543], [85.51318669, 20.24711773], [85.51302281, 20.24659225], [85.51338214, 20.24634416], [85.51352882, 20.24613151], [85.51381481, 20.24605817]], [[85.53106246, 20.24515986], [85.53047048, 20.24508301], [85.53093526, 20.24491826], [85.53106246, 20.24515986]], [[85.53106246, 20.24515986], [85.53124212, 20.24515986], [85.53124212, 20.24533952], [85.53106246, 20.24533952], [85.53106246, 20.24515986]], [[85.53124212, 20.24533952], [85.53134353, 20.24541777], [85.53157478, 20.24677963], [85.53144126, 20.24703474], [85.53116387, 20.24667541], [85.53016414, 20.24659716], [85.53016414, 20.2464175], [85.53124212, 20.2464175], [85.53124212, 20.24533952]], [[85.53016414, 20.24659716], [85.53016414, 20.24713615], [85.52998448, 20.24713615], [85.52998448, 20.24659716], [85.53016414, 20.24659716]], [[85.53016414, 20.24713615], [85.53073612, 20.24728283], [85.5308828, 20.24749548], [85.53016414, 20.24749548], [85.53016414, 20.24713615]], [[85.5308828, 20.24749548], [85.53124212, 20.24749548], [85.53124212, 20.24767514], [85.5308828, 20.24767514], [85.5308828, 20.24749548]], [[85.53124212, 20.24767514], [85.53142178, 20.24767514], [85.53142178, 20.24803447], [85.53124212, 20.24803447], [85.53124212, 20.24767514]], [[85.53142178, 20.24803447], [85.53160145, 20.24803447], [85.53160145, 20.24857346], [85.53142178, 20.24857346], [85.53142178, 20.24803447]], [[85.53160145, 20.24857346], [85.53196077, 20.24857346], [85.53196077, 20.24893278], [85.5323201, 20.24893278], [85.5323201, 20.24911244], [85.53160145, 20.24911244], [85.53160145, 20.24857346]], [[85.5323201, 20.24911244], [85.53249976, 20.24911244], [85.53249976, 20.24947177], [85.5323201, 20.24947177], [85.5323201, 20.24911244]], [[85.53249976, 20.24947177], [85.53400865, 20.24934632], [85.5341999, 20.24956827], [85.53450501, 20.2498311], [85.5341999, 20.25009392], [85.53403357, 20.25028692], [85.53393707, 20.25037009], [85.53393707, 20.24965143], [85.53249976, 20.24965143], [85.53249976, 20.24947177]], [[85.53393707, 20.25037009], [85.53393707, 20.25108874], [85.53357774, 20.25108874], [85.53357774, 20.25037009], [85.53393707, 20.25037009]], [[85.53393707, 20.25108874], [85.53404988, 20.25102189], [85.53426148, 20.25066502], [85.5345429, 20.25091504], [85.53408322, 20.25133525], [85.53393707, 20.25108874]], [[85.53034381, 20.24444121], [85.53028222, 20.24466017], [85.53012484, 20.24450279], [85.53034381, 20.24444121]], [[85.53178111, 20.24336323], [85.5320371, 20.24409328], [85.53165514, 20.24470719], [85.53095543, 20.24433699], [85.53098807, 20.24351464], [85.53178111, 20.24336323]], [[85.53016414, 20.24390222], [85.52973411, 20.24377922], [85.53003852, 20.24346306], [85.53016414, 20.24390222]], [[85.53016414, 20.24390222], [85.53038311, 20.2439638], [85.53022573, 20.24412118], [85.53016414, 20.24390222]], [[85.52980482, 20.23941064], [85.52987675, 20.23900236], [85.53003834, 20.23931063], [85.52980482, 20.23941064]], [[85.52980482, 20.23941064], [85.52996922, 20.24072688], [85.5296534, 20.24092777], [85.52936566, 20.24056845], [85.52908617, 20.24048862], [85.52908617, 20.24030895], [85.52944549, 20.24030895], [85.52944549, 20.23941064], [85.52980482, 20.23941064]], [[85.52908617, 20.24048862], [85.52918687, 20.24210348], [85.52914915, 20.24273441], [85.52919179, 20.24344727], [85.52901441, 20.24362763], [85.52882176, 20.24072495], [85.52908617, 20.24048862]], [[85.52944549, 20.238153], [85.52971148, 20.23891218], [85.52948602, 20.23921536], [85.52868613, 20.23879217], [85.52835014, 20.23985331], [85.52777852, 20.23987594], [85.52771395, 20.23824739], [85.52826821, 20.23822546], [85.52872017, 20.23871339], [85.52915389, 20.23824529], [85.52944549, 20.238153]], [[85.52998448, 20.23833266], [85.52990763, 20.23892464], [85.52974288, 20.23845986], [85.52998448, 20.23833266]], [[85.53052347, 20.23851232], [85.53030451, 20.23845074], [85.53046189, 20.23829336], [85.53052347, 20.23851232]], [[85.53052347, 20.23851232], [85.5308828, 20.23851232], [85.5308828, 20.23905131], [85.53052347, 20.23905131], [85.53052347, 20.23851232]], [[85.53016414, 20.23599704], [85.52952374, 20.23573913], [85.52933057, 20.23482397], [85.52968288, 20.23466115], [85.52988307, 20.2353798], [85.53008589, 20.2355363], [85.53016414, 20.23599704]], [[85.53016414, 20.23599704], [85.53038311, 20.23605863], [85.53022573, 20.23621601], [85.53016414, 20.23599704]], [[85.52728953, 20.23402075], [85.52719198, 20.23424884], [85.52687634, 20.23409356], [85.52728953, 20.23402075]], [[85.52782852, 20.23384108], [85.52782852, 20.23366142], [85.52854718, 20.23366142], [85.52854718, 20.23384108], [85.52782852, 20.23384108]], [[85.52854718, 20.23384108], [85.5289065, 20.23384108], [85.5289065, 20.23491906], [85.52854718, 20.23491906], [85.52854718, 20.23384108]], [[85.5289065, 20.23491906], [85.52912547, 20.23498065], [85.52896809, 20.23513803], [85.5289065, 20.23491906]], [[85.52782852, 20.23384108], [85.52773097, 20.23406917], [85.52741533, 20.2339139], [85.52782852, 20.23384108]], [[85.52728953, 20.2333021], [85.5272176, 20.23371037], [85.52705601, 20.2334021], [85.52728953, 20.2333021]], [[85.50501132, 20.23150546], [85.50508641, 20.23161003], [85.50550328, 20.23190901], [85.50687357, 20.23218359], [85.50627878, 20.2331205], [85.50564207, 20.23337719], [85.50522063, 20.2322843], [85.50481534, 20.231646], [85.50501132, 20.23150546]], [[85.50860458, 20.23312243], [85.50854299, 20.2333414], [85.50838561, 20.23318402], [85.50860458, 20.23312243]], [[85.52710987, 20.23294277], [85.52704829, 20.23316173], [85.52689091, 20.23300435], [85.52710987, 20.23294277]], [[85.50878424, 20.23276311], [85.50872266, 20.23298207], [85.50856528, 20.23282469], [85.50878424, 20.23276311]], [[85.5089639, 20.23222412], [85.50889197, 20.23263239], [85.50873038, 20.23232412], [85.5089639, 20.23222412]], [[85.5075266, 20.23222412], [85.50730763, 20.23216253], [85.50746501, 20.23200515], [85.5075266, 20.23222412]], [[85.5075266, 20.23222412], [85.50788592, 20.23222412], [85.50788592, 20.23258344], [85.5075266, 20.23258344], [85.5075266, 20.23222412]], [[85.50788592, 20.23258344], [85.50812191, 20.23272345], [85.50796646, 20.23336894], [85.50788592, 20.23258344]], [[85.50734694, 20.23168513], [85.50722517, 20.2319162], [85.50674601, 20.2317632], [85.50734694, 20.23168513]], [[85.52495391, 20.23186479], [85.52473495, 20.23180321], [85.52489233, 20.23164583], [85.52495391, 20.23186479]], [[85.52495391, 20.23186479], [85.52513358, 20.23186479], [85.52513358, 20.23258344], [85.52639122, 20.23258344], [85.52639122, 20.23276311], [85.52495391, 20.23276311], [85.52495391, 20.23186479]], [[85.52639122, 20.23276311], [85.5267995, 20.23283504], [85.52649123, 20.23299663], [85.52639122, 20.23276311]], [[85.50788592, 20.2298885], [85.50796576, 20.22998833], [85.50822893, 20.23019887], [85.50850474, 20.23093174], [85.5077217, 20.23140563], [85.5072671, 20.23006553], [85.50788592, 20.2298885]], [[85.51668941, 20.23114614], [85.516751, 20.23092717], [85.51690838, 20.23108456], [85.51668941, 20.23114614]], [[85.51668941, 20.23114614], [85.51656765, 20.23137721], [85.51608849, 20.23122422], [85.51668941, 20.23114614]], [[85.50608929, 20.23114614], [85.50587033, 20.23108456], [85.50602771, 20.23092717], [85.50608929, 20.23114614]], [[85.50608929, 20.23114614], [85.50644862, 20.23114614], [85.50644862, 20.2313258], [85.50608929, 20.2313258], [85.50608929, 20.23114614]], [[85.50644862, 20.2313258], [85.50667671, 20.23142335], [85.50652143, 20.23173899], [85.50644862, 20.2313258]], [[85.51058087, 20.23078681], [85.51065263, 20.23067891], [85.51158709, 20.23053539], [85.51175184, 20.22987551], [85.51245014, 20.22945741], [85.51298825, 20.22981674], [85.51339214, 20.22996324], [85.51330336, 20.23031502], [85.51457206, 20.22991394], [85.51496489, 20.23017641], [85.51507245, 20.23060715], [85.51444714, 20.23105982], [85.5141422, 20.23123246], [85.51281157, 20.23068593], [85.51058087, 20.23078681]], [[85.51507245, 20.23060715], [85.51525211, 20.23060715], [85.51525211, 20.23078681], [85.51507245, 20.23078681], [85.51507245, 20.23060715]], [[85.51525211, 20.23078681], [85.51566039, 20.23085875], [85.51535212, 20.23102034], [85.51525211, 20.23078681]], [[85.51058087, 20.23078681], [85.51050209, 20.2319734], [85.50906531, 20.23196533], [85.51032296, 20.23178654], [85.51047946, 20.23152494], [85.50996784, 20.23113], [85.51058087, 20.23078681]], [[85.52477425, 20.23078681], [85.52465126, 20.23121685], [85.52433509, 20.23091244], [85.52477425, 20.23078681]], [[85.49998075, 20.23096648], [85.50037148, 20.23158073], [85.49954159, 20.23131826], [85.49998075, 20.23096648]], [[85.50644862, 20.23060715], [85.50635107, 20.23083524], [85.50603543, 20.23067996], [85.50644862, 20.23060715]], [[85.51040121, 20.22952917], [85.5103105, 20.2304803], [85.50942289, 20.23086506], [85.50906531, 20.2302673], [85.50991433, 20.22961181], [85.51040121, 20.22952917]], [[85.5172284, 20.23006816], [85.51716682, 20.23028712], [85.51700944, 20.23012974], [85.5172284, 20.23006816]], [[85.52333695, 20.23006816], [85.52311798, 20.23000658], [85.52327536, 20.2298492], [85.52333695, 20.23006816]], [[85.52333695, 20.23006816], [85.52374522, 20.2301401], [85.52343696, 20.23030169], [85.52333695, 20.23006816]], [[85.50572997, 20.22970883], [85.505511, 20.22964725], [85.50566838, 20.22948987], [85.50572997, 20.22970883]], [[85.50572997, 20.22970883], [85.50594893, 20.22977042], [85.50579155, 20.2299278], [85.50572997, 20.22970883]], [[85.52243863, 20.22952917], [85.52237705, 20.22974814], [85.52221967, 20.22959076], [85.52243863, 20.22952917]], [[85.50608929, 20.22916985], [85.50601736, 20.22957812], [85.50585577, 20.22926985], [85.50608929, 20.22916985]], [[85.51758773, 20.22916985], [85.51764931, 20.22895088], [85.51780669, 20.22910826], [85.51758773, 20.22916985]], [[85.51758773, 20.22916985], [85.51746474, 20.22959988], [85.51714857, 20.22929547], [85.51758773, 20.22916985]], [[85.51615043, 20.2279122], [85.51607709, 20.22837785], [85.51522913, 20.22935425], [85.51463978, 20.22917932], [85.51485032, 20.2282396], [85.51615043, 20.2279122]], [[85.50339435, 20.2279122], [85.50385509, 20.22852944], [85.50401159, 20.2289979], [85.50359349, 20.2292481], [85.50295449, 20.22842031], [85.50277711, 20.22801712], [85.50339435, 20.2279122]], [[85.52136065, 20.22952917], [85.52165962, 20.22946882], [85.52181402, 20.22893386], [85.52196, 20.22960777], [85.52148207, 20.22976919], [85.52136065, 20.22952917]], [[85.52136065, 20.22952917], [85.52118099, 20.22952917], [85.52118099, 20.22916985], [85.52136065, 20.22916985], [85.52136065, 20.22952917]], [[85.52118099, 20.22916985], [85.52096203, 20.22910826], [85.52111941, 20.22895088], [85.52118099, 20.22916985]], [[85.52225897, 20.22899018], [85.52219739, 20.22920915], [85.52204, 20.22905177], [85.52225897, 20.22899018]], [[85.5192047, 20.22719355], [85.51932646, 20.22696248], [85.51980562, 20.22711548], [85.5192047, 20.22719355]], [[85.5192047, 20.22719355], [85.5192047, 20.22755288], [85.51902503, 20.22755288], [85.51902503, 20.22719355], [85.5192047, 20.22719355]], [[85.51902503, 20.22755288], [85.51902503, 20.22773254], [85.51884537, 20.22773254], [85.51884537, 20.22755288], [85.51902503, 20.22755288]], [[85.51884537, 20.22773254], [85.51884537, 20.22809187], [85.51866571, 20.22809187], [85.51866571, 20.22773254], [85.51884537, 20.22773254]], [[85.51866571, 20.22809187], [85.51866571, 20.22863086], [85.51830638, 20.22863086], [85.51830638, 20.22809187], [85.51866571, 20.22809187]], [[85.51830638, 20.22863086], [85.51830638, 20.22881052], [85.51812672, 20.22881052], [85.51812672, 20.22863086], [85.51830638, 20.22863086]], [[85.51812672, 20.22881052], [85.51806513, 20.22902948], [85.51790775, 20.2288721], [85.51812672, 20.22881052]], [[85.50590963, 20.22863086], [85.50584805, 20.22884982], [85.50569067, 20.22869244], [85.50590963, 20.22863086]], [[85.520642, 20.22719355], [85.52070359, 20.22697459], [85.52086097, 20.22713197], [85.520642, 20.22719355]], [[85.520642, 20.22719355], [85.520642, 20.22755288], [85.52010301, 20.22755288], [85.52010301, 20.22719355], [85.520642, 20.22719355]], [[85.52010301, 20.22755288], [85.51999178, 20.22780097], [85.51983159, 20.22869139], [85.51967526, 20.22765359], [85.52010301, 20.22755288]], [[85.51776739, 20.22737321], [85.51782775, 20.22767219], [85.51817093, 20.22836259], [85.51762036, 20.22851155], [85.51699909, 20.228018], [85.51728437, 20.2274341], [85.51776739, 20.22737321]], [[85.52531324, 20.22755288], [85.52519025, 20.22798291], [85.52487408, 20.2276785], [85.52531324, 20.22755288]], [[85.51650975, 20.22701389], [85.51664608, 20.22738497], [85.51628868, 20.22781571], [85.51606726, 20.22714706], [85.51650975, 20.22701389]], [[85.50483165, 20.22719355], [85.50423968, 20.2271167], [85.50470445, 20.22695195], [85.50483165, 20.22719355]], [[85.50483165, 20.22719355], [85.50538257, 20.22726093], [85.50529186, 20.22779132], [85.50490885, 20.22758849], [85.50483165, 20.22719355]], [[85.52010301, 20.22665456], [85.5201646, 20.2264356], [85.52032198, 20.22659298], [85.52010301, 20.22665456]], [[85.52010301, 20.22665456], [85.52026846, 20.2270753], [85.5198451, 20.2268537], [85.52010301, 20.22665456]], [[85.52100133, 20.22575625], [85.52093974, 20.22597521], [85.52078236, 20.22581783], [85.52100133, 20.22575625]], [[85.51866571, 20.22557658], [85.51830638, 20.22557658], [85.51830638, 20.22503759], [85.51866571, 20.22503759], [85.51866571, 20.22557658]], [[85.51866571, 20.22557658], [85.51884537, 20.22557658], [85.51884537, 20.22575625], [85.51866571, 20.22575625], [85.51866571, 20.22557658]], [[85.51884537, 20.22575625], [85.51906434, 20.22581783], [85.51890695, 20.22597521], [85.51884537, 20.22575625]], [[85.51992335, 20.22557658], [85.51981878, 20.22550149], [85.51956402, 20.2251462], [85.51929084, 20.22552746], [85.5191296, 20.22515392], [85.51982404, 20.2249625], [85.51992335, 20.22557658]], [[85.51992335, 20.22557658], [85.52014231, 20.22563817], [85.51998493, 20.22579555], [85.51992335, 20.22557658]], [[85.51291649, 20.2230613], [85.51321055, 20.22371819], [85.51316072, 20.22420718], [85.51326897, 20.22440053], [85.51416203, 20.22388891], [85.51443538, 20.22471196], [85.51361163, 20.22529884], [85.51265524, 20.22493952], [85.5119036, 20.2247188], [85.51157726, 20.22411577], [85.51193676, 20.22315903], [85.51291649, 20.2230613]], [[85.51686908, 20.22395962], [85.51694593, 20.22336764], [85.51711067, 20.22383241], [85.51686908, 20.22395962]], [[85.51686908, 20.22395962], [85.51686908, 20.22413928], [85.51650975, 20.22413928], [85.51650975, 20.22467827], [85.51686908, 20.22467827], [85.51686908, 20.22485793], [85.51615043, 20.22485793], [85.51615043, 20.22395962], [85.51686908, 20.22395962]], [[85.51686908, 20.22485793], [85.5172284, 20.22467827], [85.51709524, 20.22512041], [85.51686908, 20.22485793]], [[85.5172284, 20.22467827], [85.51732595, 20.22445018], [85.51764159, 20.22460546], [85.5172284, 20.22467827]], [[85.51884537, 20.22467827], [85.51890695, 20.2244593], [85.51906434, 20.22461669], [85.51884537, 20.22467827]], [[85.51884537, 20.22467827], [85.51878379, 20.22489723], [85.51862641, 20.22473985], [85.51884537, 20.22467827]], [[85.51004188, 20.22413928], [85.51009574, 20.22444474], [85.51045068, 20.22459668], [85.50994608, 20.22473213], [85.50980835, 20.22423929], [85.51004188, 20.22413928]], [[85.51830638, 20.22413928], [85.51830638, 20.22449861], [85.51776739, 20.22449861], [85.51776739, 20.22413928], [85.51830638, 20.22413928]], [[85.51902503, 20.22377995], [85.51893011, 20.2238647], [85.51863553, 20.22419455], [85.5187887, 20.22351555], [85.51902503, 20.22377995]], [[85.51902503, 20.22377995], [85.51925312, 20.2238775], [85.51909785, 20.22419314], [85.51902503, 20.22377995]]]]}, "geometry_name": "geom", "properties": {"objectid": 1777, "id": 2623, "gridcode": 1, "shape_leng": 2.1940488687, "shape_area": 0.00493362027, "from_time": "21-08-2022 06:00", "to_time": "21-08-2022 06:00"}}]}